<?xml version="1.0" encoding="UTF-8"?>
<osm version="0.6" generator="openstreetmap-cgimap 2.1.0 (1309 spike-08.openstreetmap.org)" copyright="OpenStreetMap and contributors" attribution="http://www.openstreetmap.org/copyright" license="http://opendatacommons.org/licenses/odbl/1-0/">
 <bounds minlat="21.0756400" minlon="105.7931900" maxlat="21.0853010" maxlon="105.8113220"/>
 <node id="311720219" visible="true" version="5" changeset="72027213" timestamp="2019-07-08T19:11:22Z" user="Gr8fulDead" uid="9414390" lat="21.0754282" lon="105.8097620"/>
 <node id="311720265" visible="true" version="14" changeset="142333621" timestamp="2023-10-09T06:33:52Z" user="ItsLouisAnderson" uid="11691953" lat="21.0750326" lon="105.8049862"/>
 <node id="319522402" visible="true" version="3" changeset="47898929" timestamp="2017-04-18T09:17:24Z" user="hieuvan" uid="2678766" lat="21.0757283" lon="105.8014559"/>
 <node id="319522440" visible="true" version="4" changeset="94639566" timestamp="2020-11-23T12:58:15Z" user="Robert Knobloch" uid="11928550" lat="21.0751522" lon="105.8029518"/>
 <node id="873183442" visible="true" version="6" changeset="142333621" timestamp="2023-10-09T06:33:52Z" user="ItsLouisAnderson" uid="11691953" lat="21.0785386" lon="105.7952695"/>
 <node id="873183445" visible="true" version="4" changeset="72099891" timestamp="2019-07-10T15:11:31Z" user="_Poliwrath_" uid="8759140" lat="21.0787293" lon="105.7951928"/>
 <node id="873183449" visible="true" version="4" changeset="72099891" timestamp="2019-07-10T15:11:31Z" user="_Poliwrath_" uid="8759140" lat="21.0794319" lon="105.7934268"/>
 <node id="873183451" visible="true" version="4" changeset="72099891" timestamp="2019-07-10T15:11:31Z" user="_Poliwrath_" uid="8759140" lat="21.0795246" lon="105.7931647"/>
 <node id="873183454" visible="true" version="5" changeset="106313178" timestamp="2021-06-14T06:42:10Z" user="ItsLouisAnderson" uid="11691953" lat="21.0794396" lon="105.7929115"/>
 <node id="873183458" visible="true" version="4" changeset="106313178" timestamp="2021-06-14T06:42:10Z" user="ItsLouisAnderson" uid="11691953" lat="21.0792284" lon="105.7927371"/>
 <node id="873183467" visible="true" version="7" changeset="106313178" timestamp="2021-06-14T06:42:10Z" user="ItsLouisAnderson" uid="11691953" lat="21.0785965" lon="105.7922167"/>
 <node id="873571789" visible="true" version="7" changeset="149729790" timestamp="2024-04-08T11:06:23Z" user="phoenixsaigon1698" uid="3323343" lat="21.0771906" lon="105.7946737"/>
 <node id="873571792" visible="true" version="8" changeset="142333621" timestamp="2023-10-09T06:33:52Z" user="ItsLouisAnderson" uid="11691953" lat="21.0778412" lon="105.7933200"/>
 <node id="1315816505" visible="true" version="4" changeset="148234499" timestamp="2024-03-05T06:07:29Z" user="phoenixsaigon1698" uid="3323343" lat="21.0783105" lon="105.7885959"/>
 <node id="1315816507" visible="true" version="3" changeset="148157902" timestamp="2024-03-03T09:21:59Z" user="phoenixsaigon1698" uid="3323343" lat="21.0762182" lon="105.7938133"/>
 <node id="1315816509" visible="true" version="5" changeset="115539705" timestamp="2021-12-29T22:09:42Z" user="Robert Knobloch" uid="11928550" lat="21.0755534" lon="105.7955717"/>
 <node id="1315816514" visible="true" version="5" changeset="148158014" timestamp="2024-03-03T09:26:10Z" user="phoenixsaigon1698" uid="3323343" lat="21.0745221" lon="105.7982213"/>
 <node id="1315816515" visible="true" version="3" changeset="16058260" timestamp="2013-05-10T04:21:18Z" user="QuangDBui@TMA" uid="1276367" lat="21.0784555" lon="105.7884295"/>
 <node id="1315816522" visible="true" version="5" changeset="148036287" timestamp="2024-02-29T04:52:42Z" user="phoenixsaigon1698" uid="3323343" lat="21.0744695" lon="105.7983571"/>
 <node id="1315816867" visible="true" version="2" changeset="72031385" timestamp="2019-07-08T22:04:10Z" user="Gr8fulDead" uid="9414390" lat="21.0725020" lon="105.7895297"/>
 <node id="1316132615" visible="true" version="1" changeset="8379293" timestamp="2011-06-08T13:19:00Z" user="gianghumg" uid="467115" lat="21.0727022" lon="105.7899016"/>
 <node id="1316132631" visible="true" version="1" changeset="8379293" timestamp="2011-06-08T13:19:00Z" user="gianghumg" uid="467115" lat="21.0734580" lon="105.7910657"/>
 <node id="1316132634" visible="true" version="1" changeset="8379293" timestamp="2011-06-08T13:19:00Z" user="gianghumg" uid="467115" lat="21.0736583" lon="105.7912320"/>
 <node id="1399816835" visible="true" version="7" changeset="115539705" timestamp="2021-12-29T22:09:42Z" user="Robert Knobloch" uid="11928550" lat="21.0788625" lon="105.7915176"/>
 <node id="1494237930" visible="true" version="8" changeset="167618172" timestamp="2025-06-14T15:39:41Z" user="Hung Tran 9x0" uid="20910140" lat="21.0738971" lon="105.7998608"/>
 <node id="1494239717" visible="true" version="9" changeset="169160805" timestamp="2025-07-19T16:32:40Z" user="Pooja  Devtarase" uid="22889558" lat="21.0750893" lon="105.8006421"/>
 <node id="1494239917" visible="true" version="4" changeset="140025183" timestamp="2023-08-17T17:53:34Z" user="VLD302" uid="16226557" lat="21.0751971" lon="105.8015285"/>
 <node id="1494240524" visible="true" version="1" changeset="9765574" timestamp="2011-11-07T15:11:33Z" user="ninomax" uid="47976" lat="21.0754318" lon="105.8023562"/>
 <node id="1494240533" visible="true" version="1" changeset="9765574" timestamp="2011-11-07T15:11:36Z" user="ninomax" uid="47976" lat="21.0754555" lon="105.7997081"/>
 <node id="1494240535" visible="true" version="1" changeset="9765574" timestamp="2011-11-07T15:11:37Z" user="ninomax" uid="47976" lat="21.0754728" lon="105.8001736"/>
 <node id="1494240536" visible="true" version="1" changeset="9765574" timestamp="2011-11-07T15:11:38Z" user="ninomax" uid="47976" lat="21.0755018" lon="105.8021758"/>
 <node id="1494240572" visible="true" version="1" changeset="9765574" timestamp="2011-11-07T15:11:50Z" user="ninomax" uid="47976" lat="21.0755235" lon="105.7995259"/>
 <node id="1494240573" visible="true" version="1" changeset="9765574" timestamp="2011-11-07T15:11:51Z" user="ninomax" uid="47976" lat="21.0755264" lon="105.8013386"/>
 <node id="1494240578" visible="true" version="1" changeset="9765574" timestamp="2011-11-07T15:11:52Z" user="ninomax" uid="47976" lat="21.0755278" lon="105.8011102"/>
 <node id="1494240581" visible="true" version="1" changeset="9765574" timestamp="2011-11-07T15:11:52Z" user="ninomax" uid="47976" lat="21.0755294" lon="105.8000175"/>
 <node id="1494240583" visible="true" version="1" changeset="9765574" timestamp="2011-11-07T15:11:54Z" user="ninomax" uid="47976" lat="21.0755719" lon="105.8019953"/>
 <node id="1494240584" visible="true" version="1" changeset="9765574" timestamp="2011-11-07T15:11:55Z" user="ninomax" uid="47976" lat="21.0755784" lon="105.8011978"/>
 <node id="1494240593" visible="true" version="1" changeset="9765574" timestamp="2011-11-07T15:11:55Z" user="ninomax" uid="47976" lat="21.0755805" lon="105.8009735"/>
 <node id="1494240614" visible="true" version="1" changeset="9765574" timestamp="2011-11-07T15:11:56Z" user="ninomax" uid="47976" lat="21.0755834" lon="105.7997630"/>
 <node id="1494240625" visible="true" version="1" changeset="9765574" timestamp="2011-11-07T15:11:57Z" user="ninomax" uid="47976" lat="21.0755860" lon="105.8024250"/>
 <node id="1494240646" visible="true" version="1" changeset="9765574" timestamp="2011-11-07T15:11:58Z" user="ninomax" uid="47976" lat="21.0755861" lon="105.7998613"/>
 <node id="1494240704" visible="true" version="1" changeset="9765574" timestamp="2011-11-07T15:12:01Z" user="ninomax" uid="47976" lat="21.0755915" lon="105.7993437"/>
 <node id="1494240706" visible="true" version="1" changeset="9765574" timestamp="2011-11-07T15:12:03Z" user="ninomax" uid="47976" lat="21.0756242" lon="105.8014998"/>
 <node id="1494240707" visible="true" version="1" changeset="9765574" timestamp="2011-11-07T15:12:04Z" user="ninomax" uid="47976" lat="21.0756286" lon="105.8002386"/>
 <node id="1494240713" visible="true" version="7" changeset="148036287" timestamp="2024-02-29T04:52:42Z" user="phoenixsaigon1698" uid="3323343" lat="21.0756695" lon="105.7988827"/>
 <node id="1494240715" visible="true" version="1" changeset="9765574" timestamp="2011-11-07T15:12:05Z" user="ninomax" uid="47976" lat="21.0756419" lon="105.8018149"/>
 <node id="1494240783" visible="true" version="1" changeset="9765574" timestamp="2011-11-07T15:12:09Z" user="ninomax" uid="47976" lat="21.0756428" lon="105.7997051"/>
 <node id="1494240794" visible="true" version="1" changeset="9765574" timestamp="2011-11-07T15:12:09Z" user="ninomax" uid="47976" lat="21.0756514" lon="105.7995808"/>
 <node id="1494240809" visible="true" version="1" changeset="9765574" timestamp="2011-11-07T15:12:10Z" user="ninomax" uid="47976" lat="21.0756560" lon="105.8022445"/>
 <node id="1494240825" visible="true" version="1" changeset="9765574" timestamp="2011-11-07T15:12:14Z" user="ninomax" uid="47976" lat="21.0756595" lon="105.7991616"/>
 <node id="1494240826" visible="true" version="1" changeset="9765574" timestamp="2011-11-07T15:12:15Z" user="ninomax" uid="47976" lat="21.0756786" lon="105.8014031"/>
 <node id="1494240827" visible="true" version="1" changeset="9765574" timestamp="2011-11-07T15:12:16Z" user="ninomax" uid="47976" lat="21.0756853" lon="105.8000824"/>
 <node id="1494240828" visible="true" version="1" changeset="9765574" timestamp="2011-11-07T15:12:16Z" user="ninomax" uid="47976" lat="21.0756995" lon="105.7995490"/>
 <node id="1494240830" visible="true" version="1" changeset="9765574" timestamp="2011-11-07T15:12:17Z" user="ninomax" uid="47976" lat="21.0757120" lon="105.8016345"/>
 <node id="1494240862" visible="true" version="1" changeset="9765574" timestamp="2011-11-07T15:12:21Z" user="ninomax" uid="47976" lat="21.0757194" lon="105.7993986"/>
 <node id="1494240873" visible="true" version="1" changeset="9765574" timestamp="2011-11-07T15:12:22Z" user="ninomax" uid="47976" lat="21.0757261" lon="105.8020641"/>
 <node id="1494240877" visible="true" version="1" changeset="9765574" timestamp="2011-11-07T15:12:22Z" user="ninomax" uid="47976" lat="21.0757275" lon="105.7989794"/>
 <node id="1494240880" visible="true" version="1" changeset="9765574" timestamp="2011-11-07T15:12:23Z" user="ninomax" uid="47976" lat="21.0757306" lon="105.8012623"/>
 <node id="1494240882" visible="true" version="1" changeset="9765574" timestamp="2011-11-07T15:12:24Z" user="ninomax" uid="47976" lat="21.0757350" lon="105.8012019"/>
 <node id="1494240883" visible="true" version="1" changeset="9765574" timestamp="2011-11-07T15:12:24Z" user="ninomax" uid="47976" lat="21.0757420" lon="105.7999263"/>
 <node id="1494240884" visible="true" version="1" changeset="9765574" timestamp="2011-11-07T15:12:25Z" user="ninomax" uid="47976" lat="21.0757562" lon="105.7993928"/>
 <node id="1494240904" visible="true" version="1" changeset="9765574" timestamp="2011-11-07T15:12:29Z" user="ninomax" uid="47976" lat="21.0757821" lon="105.8014541"/>
 <node id="1494240905" visible="true" version="1" changeset="9765574" timestamp="2011-11-07T15:12:30Z" user="ninomax" uid="47976" lat="21.0757874" lon="105.7992164"/>
 <node id="1494240909" visible="true" version="1" changeset="9765574" timestamp="2011-11-07T15:12:30Z" user="ninomax" uid="47976" lat="21.0757877" lon="105.8010653"/>
 <node id="1494240914" visible="true" version="1" changeset="9765574" timestamp="2011-11-07T15:12:31Z" user="ninomax" uid="47976" lat="21.0757913" lon="105.7987977"/>
 <node id="1494240915" visible="true" version="1" changeset="9765574" timestamp="2011-11-07T15:12:32Z" user="ninomax" uid="47976" lat="21.0757962" lon="105.8018837"/>
 <node id="1494240920" visible="true" version="1" changeset="9765574" timestamp="2011-11-07T15:12:33Z" user="ninomax" uid="47976" lat="21.0757987" lon="105.7997701"/>
 <node id="1494240939" visible="true" version="1" changeset="9765574" timestamp="2011-11-07T15:12:36Z" user="ninomax" uid="47976" lat="21.0758129" lon="105.7992367"/>
 <node id="1494240940" visible="true" version="3" changeset="151800889" timestamp="2024-05-25T09:00:22Z" user="phoenixsaigon1698" uid="3323343" lat="21.0757796" lon="105.8001013"/>
 <node id="1494240944" visible="true" version="3" changeset="72070749" timestamp="2019-07-09T21:10:33Z" user="_Poliwrath_" uid="8759140" lat="21.0758450" lon="105.8011650">
  <tag k="traffic_calming" v="rumble_strip"/>
 </node>
 <node id="1494240953" visible="true" version="1" changeset="9765574" timestamp="2011-11-07T15:12:40Z" user="ninomax" uid="47976" lat="21.0758521" lon="105.8012737"/>
 <node id="1494240954" visible="true" version="1" changeset="9765574" timestamp="2011-11-07T15:12:41Z" user="ninomax" uid="47976" lat="21.0758526" lon="105.7986360"/>
 <node id="1494240955" visible="true" version="1" changeset="9765574" timestamp="2011-11-07T15:12:41Z" user="ninomax" uid="47976" lat="21.0758554" lon="105.7990342"/>
 <node id="1494240956" visible="true" version="1" changeset="9765574" timestamp="2011-11-07T15:12:42Z" user="ninomax" uid="47976" lat="21.0758554" lon="105.7996140"/>
 <node id="1494240958" visible="true" version="1" changeset="9765574" timestamp="2011-11-07T15:12:43Z" user="ninomax" uid="47976" lat="21.0758621" lon="105.8000408"/>
 <node id="1494240962" visible="true" version="1" changeset="9765574" timestamp="2011-11-07T15:12:44Z" user="ninomax" uid="47976" lat="21.0758662" lon="105.8017033"/>
 <node id="1494240965" visible="true" version="1" changeset="9765574" timestamp="2011-11-07T15:12:44Z" user="ninomax" uid="47976" lat="21.0758695" lon="105.7990805"/>
 <node id="1494240983" visible="true" version="1" changeset="9765574" timestamp="2011-11-07T15:12:45Z" user="ninomax" uid="47976" lat="21.0759121" lon="105.7994578"/>
 <node id="1494240995" visible="true" version="1" changeset="9765574" timestamp="2011-11-07T15:12:46Z" user="ninomax" uid="47976" lat="21.0759140" lon="105.7984743"/>
 <node id="1494240996" visible="true" version="1" changeset="9765574" timestamp="2011-11-07T15:12:47Z" user="ninomax" uid="47976" lat="21.0759158" lon="105.7998952"/>
 <node id="1494241001" visible="true" version="1" changeset="9765574" timestamp="2011-11-07T15:12:47Z" user="ninomax" uid="47976" lat="21.0759222" lon="105.8010933"/>
 <node id="1494241004" visible="true" version="5" changeset="162765677" timestamp="2025-02-21T06:02:23Z" user="ZioDragon" uid="13799024" lat="21.0759786" lon="105.8009646"/>
 <node id="1494241012" visible="true" version="1" changeset="9765574" timestamp="2011-11-07T15:12:52Z" user="ninomax" uid="47976" lat="21.0759363" lon="105.8015229"/>
 <node id="1494241015" visible="true" version="1" changeset="9765574" timestamp="2011-11-07T15:12:52Z" user="ninomax" uid="47976" lat="21.0759403" lon="105.7988626"/>
 <node id="1494241021" visible="true" version="1" changeset="9765574" timestamp="2011-11-07T15:12:54Z" user="ninomax" uid="47976" lat="21.0759571" lon="105.8000810"/>
 <node id="1494241022" visible="true" version="1" changeset="9765574" timestamp="2011-11-07T15:12:55Z" user="ninomax" uid="47976" lat="21.0759687" lon="105.7993016"/>
 <node id="1494241077" visible="true" version="1" changeset="9765574" timestamp="2011-11-07T15:12:58Z" user="ninomax" uid="47976" lat="21.0759695" lon="105.7997496"/>
 <node id="1494241078" visible="true" version="1" changeset="9765574" timestamp="2011-11-07T15:12:59Z" user="ninomax" uid="47976" lat="21.0759754" lon="105.7983126"/>
 <node id="1494241097" visible="true" version="1" changeset="9765574" timestamp="2011-11-07T15:13:03Z" user="ninomax" uid="47976" lat="21.0759911" lon="105.8000829"/>
 <node id="1494241098" visible="true" version="1" changeset="9765574" timestamp="2011-11-07T15:13:03Z" user="ninomax" uid="47976" lat="21.0759928" lon="105.7987922"/>
 <node id="1494241102" visible="true" version="1" changeset="9765574" timestamp="2011-11-07T15:13:04Z" user="ninomax" uid="47976" lat="21.0760017" lon="105.7987010"/>
 <node id="1494241105" visible="true" version="1" changeset="9765574" timestamp="2011-11-07T15:13:05Z" user="ninomax" uid="47976" lat="21.0760063" lon="105.8013425"/>
 <node id="1494241110" visible="true" version="1" changeset="9765574" timestamp="2011-11-07T15:13:06Z" user="ninomax" uid="47976" lat="21.0760107" lon="105.7999354"/>
 <node id="1494241111" visible="true" version="1" changeset="9765574" timestamp="2011-11-07T15:13:06Z" user="ninomax" uid="47976" lat="21.0760231" lon="105.7996039"/>
 <node id="1494241112" visible="true" version="1" changeset="9765574" timestamp="2011-11-07T15:13:07Z" user="ninomax" uid="47976" lat="21.0760254" lon="105.7991455"/>
 <node id="1494241113" visible="true" version="1" changeset="9765574" timestamp="2011-11-07T15:13:08Z" user="ninomax" uid="47976" lat="21.0760367" lon="105.7981509"/>
 <node id="1494241114" visible="true" version="1" changeset="9765574" timestamp="2011-11-07T15:13:09Z" user="ninomax" uid="47976" lat="21.0760417" lon="105.7986665"/>
 <node id="1494241117" visible="true" version="1" changeset="9765574" timestamp="2011-11-07T15:13:09Z" user="ninomax" uid="47976" lat="21.0760438" lon="105.7999399"/>
 <node id="1494241132" visible="true" version="1" changeset="9765574" timestamp="2011-11-07T15:13:10Z" user="ninomax" uid="47976" lat="21.0760630" lon="105.7985393"/>
 <node id="1494241164" visible="true" version="1" changeset="9765574" timestamp="2011-11-07T15:13:14Z" user="ninomax" uid="47976" lat="21.0760644" lon="105.7997897"/>
 <node id="1494241171" visible="true" version="1" changeset="9765574" timestamp="2011-11-07T15:13:15Z" user="ninomax" uid="47976" lat="21.0760764" lon="105.8011621"/>
 <node id="1494241172" visible="true" version="1" changeset="9765574" timestamp="2011-11-07T15:13:16Z" user="ninomax" uid="47976" lat="21.0760768" lon="105.7994583"/>
 <node id="1494241173" visible="true" version="1" changeset="9765574" timestamp="2011-11-07T15:13:17Z" user="ninomax" uid="47976" lat="21.0760907" lon="105.7985407"/>
 <node id="1494241180" visible="true" version="1" changeset="9765574" timestamp="2011-11-07T15:13:21Z" user="ninomax" uid="47976" lat="21.0760965" lon="105.7997970"/>
 <node id="1494241181" visible="true" version="1" changeset="9765574" timestamp="2011-11-07T15:13:21Z" user="ninomax" uid="47976" lat="21.0760981" lon="105.7979893"/>
 <node id="1494241184" visible="true" version="1" changeset="9765574" timestamp="2011-11-07T15:13:22Z" user="ninomax" uid="47976" lat="21.0761132" lon="105.8001345"/>
 <node id="1494241188" visible="true" version="1" changeset="9765574" timestamp="2011-11-07T15:13:23Z" user="ninomax" uid="47976" lat="21.0761181" lon="105.7996441"/>
 <node id="1494241193" visible="true" version="1" changeset="9765574" timestamp="2011-11-07T15:13:27Z" user="ninomax" uid="47976" lat="21.0761244" lon="105.7983776"/>
 <node id="1494241197" visible="true" version="1" changeset="9765574" timestamp="2011-11-07T15:13:27Z" user="ninomax" uid="47976" lat="21.0761305" lon="105.7988537"/>
 <node id="1494241198" visible="true" version="1" changeset="9765574" timestamp="2011-11-07T15:13:28Z" user="ninomax" uid="47976" lat="21.0761305" lon="105.7993127"/>
 <node id="1494241199" visible="true" version="1" changeset="9765574" timestamp="2011-11-07T15:13:29Z" user="ninomax" uid="47976" lat="21.0761396" lon="105.7984150"/>
 <node id="1494241200" visible="true" version="3" changeset="140025183" timestamp="2023-08-17T17:53:34Z" user="VLD302" uid="16226557" lat="21.0761454" lon="105.8004580"/>
 <node id="1494241203" visible="true" version="1" changeset="9765574" timestamp="2011-11-07T15:13:30Z" user="ninomax" uid="47976" lat="21.0761492" lon="105.7996540"/>
 <node id="1494241209" visible="true" version="4" changeset="72099891" timestamp="2019-07-10T15:11:31Z" user="_Poliwrath_" uid="8759140" lat="21.0761939" lon="105.7975064"/>
 <node id="1494241219" visible="true" version="1" changeset="9765574" timestamp="2011-11-07T15:13:36Z" user="ninomax" uid="47976" lat="21.0761594" lon="105.7978276"/>
 <node id="1494241220" visible="true" version="1" changeset="9765574" timestamp="2011-11-07T15:13:36Z" user="ninomax" uid="47976" lat="21.0761659" lon="105.7999916"/>
 <node id="1494241221" visible="true" version="4" changeset="151800889" timestamp="2024-05-25T09:00:22Z" user="phoenixsaigon1698" uid="3323343" lat="21.0761598" lon="105.8002798"/>
 <node id="1494241222" visible="true" version="1" changeset="9765574" timestamp="2011-11-07T15:13:38Z" user="ninomax" uid="47976" lat="21.0761717" lon="105.7994985"/>
 <node id="1494241225" visible="true" version="4" changeset="106313178" timestamp="2021-06-14T06:42:10Z" user="ItsLouisAnderson" uid="11691953" lat="21.0761529" lon="105.7990926"/>
 <node id="1494241236" visible="true" version="1" changeset="9765574" timestamp="2011-11-07T15:13:41Z" user="ninomax" uid="47976" lat="21.0761794" lon="105.7987280"/>
 <node id="1494241254" visible="true" version="2" changeset="110868313" timestamp="2021-09-07T16:04:06Z" user="Robert Knobloch" uid="11928550" lat="21.0761771" lon="105.7991422"/>
 <node id="1494241273" visible="true" version="1" changeset="9765574" timestamp="2011-11-07T15:13:42Z" user="ninomax" uid="47976" lat="21.0761858" lon="105.7982159"/>
 <node id="1494241292" visible="true" version="1" changeset="9765574" timestamp="2011-11-07T15:13:43Z" user="ninomax" uid="47976" lat="21.0761885" lon="105.7982893"/>
 <node id="1494241311" visible="true" version="1" changeset="9765574" timestamp="2011-11-07T15:13:44Z" user="ninomax" uid="47976" lat="21.0762018" lon="105.7995111"/>
 <node id="1494241329" visible="true" version="1" changeset="9765574" timestamp="2011-11-07T15:13:45Z" user="ninomax" uid="47976" lat="21.0762186" lon="105.7998486"/>
 <node id="1494241348" visible="true" version="1" changeset="9765574" timestamp="2011-11-07T15:13:45Z" user="ninomax" uid="47976" lat="21.0762208" lon="105.7976659"/>
 <node id="1494241367" visible="true" version="1" changeset="9765574" timestamp="2011-11-07T15:13:46Z" user="ninomax" uid="47976" lat="21.0762237" lon="105.8002515"/>
 <node id="1494241385" visible="true" version="1" changeset="9765574" timestamp="2011-11-07T15:13:47Z" user="ninomax" uid="47976" lat="21.0762254" lon="105.7993528"/>
 <node id="1494241402" visible="true" version="1" changeset="9765574" timestamp="2011-11-07T15:13:48Z" user="ninomax" uid="47976" lat="21.0762284" lon="105.7986023"/>
 <node id="1494241407" visible="true" version="1" changeset="9765574" timestamp="2011-11-07T15:13:48Z" user="ninomax" uid="47976" lat="21.0762375" lon="105.7981636"/>
 <node id="1494241411" visible="true" version="1" changeset="9765574" timestamp="2011-11-07T15:13:49Z" user="ninomax" uid="47976" lat="21.0762471" lon="105.7980542"/>
 <node id="1494241419" visible="true" version="1" changeset="9765574" timestamp="2011-11-07T15:13:55Z" user="ninomax" uid="47976" lat="21.0762545" lon="105.7993681"/>
 <node id="1494241422" visible="true" version="1" changeset="9765574" timestamp="2011-11-07T15:13:56Z" user="ninomax" uid="47976" lat="21.0762565" lon="105.7989921"/>
 <node id="1494241430" visible="true" version="1" changeset="9765574" timestamp="2011-11-07T15:13:57Z" user="ninomax" uid="47976" lat="21.0762712" lon="105.7997057"/>
 <node id="1494241432" visible="true" version="1" changeset="9765574" timestamp="2011-11-07T15:13:58Z" user="ninomax" uid="47976" lat="21.0762773" lon="105.7984766"/>
 <node id="1494241433" visible="true" version="1" changeset="9765574" timestamp="2011-11-07T15:13:59Z" user="ninomax" uid="47976" lat="21.0762791" lon="105.7992072"/>
 <node id="1494241434" visible="true" version="1" changeset="9765574" timestamp="2011-11-07T15:13:59Z" user="ninomax" uid="47976" lat="21.0762864" lon="105.7980379"/>
 <node id="1494241439" visible="true" version="1" changeset="9765574" timestamp="2011-11-07T15:14:02Z" user="ninomax" uid="47976" lat="21.0763010" lon="105.8000387"/>
 <node id="1494241441" visible="true" version="1" changeset="9765574" timestamp="2011-11-07T15:14:03Z" user="ninomax" uid="47976" lat="21.0763072" lon="105.7992252"/>
 <node id="1494241443" visible="true" version="1" changeset="9765574" timestamp="2011-11-07T15:14:04Z" user="ninomax" uid="47976" lat="21.0763085" lon="105.7978925"/>
 <node id="1494241444" visible="true" version="1" changeset="9765574" timestamp="2011-11-07T15:14:04Z" user="ninomax" uid="47976" lat="21.0763138" lon="105.8005342"/>
 <node id="1494241445" visible="true" version="1" changeset="9765574" timestamp="2011-11-07T15:14:05Z" user="ninomax" uid="47976" lat="21.0763210" lon="105.7988242"/>
 <node id="1494241446" visible="true" version="1" changeset="9765574" timestamp="2011-11-07T15:14:06Z" user="ninomax" uid="47976" lat="21.0763235" lon="105.7974279"/>
 <node id="1494241454" visible="true" version="1" changeset="9765574" timestamp="2011-11-07T15:14:07Z" user="ninomax" uid="47976" lat="21.0763239" lon="105.7995628"/>
 <node id="1494241469" visible="true" version="1" changeset="9765574" timestamp="2011-11-07T15:14:07Z" user="ninomax" uid="47976" lat="21.0763263" lon="105.7983509"/>
 <node id="1494241471" visible="true" version="1" changeset="9765574" timestamp="2011-11-07T15:14:09Z" user="ninomax" uid="47976" lat="21.0763354" lon="105.7979122"/>
 <node id="1494241472" visible="true" version="1" changeset="9765574" timestamp="2011-11-07T15:14:10Z" user="ninomax" uid="47976" lat="21.0763518" lon="105.7990341"/>
 <node id="1494241473" visible="true" version="1" changeset="9765574" timestamp="2011-11-07T15:14:10Z" user="ninomax" uid="47976" lat="21.0763698" lon="105.7977308"/>
 <node id="1494241475" visible="true" version="1" changeset="9765574" timestamp="2011-11-07T15:14:11Z" user="ninomax" uid="47976" lat="21.0763748" lon="105.7972929"/>
 <node id="1494241501" visible="true" version="1" changeset="9765574" timestamp="2011-11-07T15:14:12Z" user="ninomax" uid="47976" lat="21.0763752" lon="105.7982252"/>
 <node id="1494241535" visible="true" version="1" changeset="9765574" timestamp="2011-11-07T15:14:12Z" user="ninomax" uid="47976" lat="21.0763753" lon="105.7990390"/>
 <node id="1494241571" visible="true" version="1" changeset="9765574" timestamp="2011-11-07T15:14:13Z" user="ninomax" uid="47976" lat="21.0763766" lon="105.7994198"/>
 <node id="1494241585" visible="true" version="1" changeset="9765574" timestamp="2011-11-07T15:14:14Z" user="ninomax" uid="47976" lat="21.0763783" lon="105.7998258"/>
 <node id="1494241602" visible="true" version="1" changeset="9765574" timestamp="2011-11-07T15:14:15Z" user="ninomax" uid="47976" lat="21.0763843" lon="105.7977865"/>
 <node id="1494241618" visible="true" version="1" changeset="9765574" timestamp="2011-11-07T15:14:16Z" user="ninomax" uid="47976" lat="21.0763854" lon="105.7986563"/>
 <node id="1494241719" visible="true" version="1" changeset="9765574" timestamp="2011-11-07T15:14:19Z" user="ninomax" uid="47976" lat="21.0763911" lon="105.8003213"/>
 <node id="1494241754" visible="true" version="1" changeset="9765574" timestamp="2011-11-07T15:14:21Z" user="ninomax" uid="47976" lat="21.0764162" lon="105.7988662"/>
 <node id="1494241843" visible="true" version="1" changeset="9765574" timestamp="2011-11-07T15:14:25Z" user="ninomax" uid="47976" lat="21.0764241" lon="105.7980995"/>
 <node id="1494241856" visible="true" version="1" changeset="9765574" timestamp="2011-11-07T15:14:25Z" user="ninomax" uid="47976" lat="21.0764261" lon="105.7971578"/>
 <node id="1494241879" visible="true" version="1" changeset="9765574" timestamp="2011-11-07T15:14:26Z" user="ninomax" uid="47976" lat="21.0764293" lon="105.7992769"/>
 <node id="1494241895" visible="true" version="1" changeset="9765574" timestamp="2011-11-07T15:14:27Z" user="ninomax" uid="47976" lat="21.0764303" lon="105.7988958"/>
 <node id="1494241915" visible="true" version="1" changeset="9765574" timestamp="2011-11-07T15:14:28Z" user="ninomax" uid="47976" lat="21.0764499" lon="105.7984884"/>
 <node id="1494241932" visible="true" version="2" changeset="95028274" timestamp="2020-11-30T08:32:07Z" user="Veslava" uid="10610947" lat="21.0764521" lon="105.7996146"/>
 <node id="1494241948" visible="true" version="1" changeset="9765574" timestamp="2011-11-07T15:14:29Z" user="ninomax" uid="47976" lat="21.0764600" lon="105.7974875"/>
 <node id="1494241966" visible="true" version="1" changeset="9765574" timestamp="2011-11-07T15:14:30Z" user="ninomax" uid="47976" lat="21.0764684" lon="105.8001084"/>
 <node id="1494242038" visible="true" version="1" changeset="9765574" timestamp="2011-11-07T15:14:41Z" user="ninomax" uid="47976" lat="21.0764731" lon="105.7979738"/>
 <node id="1494242039" visible="true" version="1" changeset="9765574" timestamp="2011-11-07T15:14:41Z" user="ninomax" uid="47976" lat="21.0764774" lon="105.7970227"/>
 <node id="1494242040" visible="true" version="1" changeset="9765574" timestamp="2011-11-07T15:14:42Z" user="ninomax" uid="47976" lat="21.0764807" lon="105.7986983"/>
 <node id="1494242045" visible="true" version="1" changeset="9765574" timestamp="2011-11-07T15:14:43Z" user="ninomax" uid="47976" lat="21.0764854" lon="105.7987527"/>
 <node id="1494242046" visible="true" version="1" changeset="9765574" timestamp="2011-11-07T15:14:44Z" user="ninomax" uid="47976" lat="21.0764911" lon="105.7975002"/>
 <node id="1494242047" visible="true" version="1" changeset="9765574" timestamp="2011-11-07T15:14:44Z" user="ninomax" uid="47976" lat="21.0765113" lon="105.7973524"/>
 <node id="1494242048" visible="true" version="1" changeset="9765574" timestamp="2011-11-07T15:14:45Z" user="ninomax" uid="47976" lat="21.0765143" lon="105.7983205"/>
 <node id="1494242049" visible="true" version="1" changeset="9765574" timestamp="2011-11-07T15:14:46Z" user="ninomax" uid="47976" lat="21.0765167" lon="105.7991015"/>
 <node id="1494242050" visible="true" version="1" changeset="9765574" timestamp="2011-11-07T15:14:50Z" user="ninomax" uid="47976" lat="21.0765220" lon="105.7978481"/>
 <node id="1494242167" visible="true" version="1" changeset="9765574" timestamp="2011-11-07T15:14:53Z" user="ninomax" uid="47976" lat="21.0765287" lon="105.7968877"/>
 <node id="1494242191" visible="true" version="5" changeset="140025183" timestamp="2023-08-17T17:53:34Z" user="VLD302" uid="16226557" lat="21.0765186" lon="105.7993777"/>
 <node id="1494242210" visible="true" version="1" changeset="9765574" timestamp="2011-11-07T15:14:55Z" user="ninomax" uid="47976" lat="21.0765405" lon="105.7986096"/>
 <node id="1494242233" visible="true" version="1" changeset="9765574" timestamp="2011-11-07T15:14:55Z" user="ninomax" uid="47976" lat="21.0765421" lon="105.7973656"/>
 <node id="1494242267" visible="true" version="1" changeset="9765574" timestamp="2011-11-07T15:14:56Z" user="ninomax" uid="47976" lat="21.0765452" lon="105.7985304"/>
 <node id="1494242296" visible="true" version="1" changeset="9765574" timestamp="2011-11-07T15:14:57Z" user="ninomax" uid="47976" lat="21.0765456" lon="105.7998956"/>
 <node id="1494242457" visible="true" version="5" changeset="106313178" timestamp="2021-06-14T06:42:10Z" user="ItsLouisAnderson" uid="11691953" lat="21.0765419" lon="105.7992544"/>
 <node id="1494242468" visible="true" version="1" changeset="9765574" timestamp="2011-11-07T15:15:02Z" user="ninomax" uid="47976" lat="21.0765626" lon="105.7972174"/>
 <node id="1494242484" visible="true" version="1" changeset="9765574" timestamp="2011-11-07T15:15:03Z" user="ninomax" uid="47976" lat="21.0765718" lon="105.7989584"/>
 <node id="1494242500" visible="true" version="1" changeset="9765574" timestamp="2011-11-07T15:15:04Z" user="ninomax" uid="47976" lat="21.0765788" lon="105.7981526"/>
 <node id="1494242514" visible="true" version="1" changeset="9765574" timestamp="2011-11-07T15:15:04Z" user="ninomax" uid="47976" lat="21.0765800" lon="105.7967526"/>
 <node id="1494242527" visible="true" version="1" changeset="9765574" timestamp="2011-11-07T15:15:05Z" user="ninomax" uid="47976" lat="21.0765932" lon="105.7972311"/>
 <node id="1494242542" visible="true" version="1" changeset="9765574" timestamp="2011-11-07T15:15:06Z" user="ninomax" uid="47976" lat="21.0765956" lon="105.7984665"/>
 <node id="1494242559" visible="true" version="1" changeset="9765574" timestamp="2011-11-07T15:15:07Z" user="ninomax" uid="47976" lat="21.0766096" lon="105.7983625"/>
 <node id="1494242577" visible="true" version="1" changeset="9765574" timestamp="2011-11-07T15:15:08Z" user="ninomax" uid="47976" lat="21.0766139" lon="105.7970823"/>
 <node id="1494242578" visible="true" version="2" changeset="95028274" timestamp="2020-11-30T08:32:07Z" user="Veslava" uid="10610947" lat="21.0766241" lon="105.7996856"/>
 <node id="1494242579" visible="true" version="1" changeset="9765574" timestamp="2011-11-07T15:15:12Z" user="ninomax" uid="47976" lat="21.0766269" lon="105.7988153"/>
 <node id="1494242580" visible="true" version="1" changeset="9765574" timestamp="2011-11-07T15:15:13Z" user="ninomax" uid="47976" lat="21.0766314" lon="105.7966175"/>
 <node id="1494242581" visible="true" version="5" changeset="110807120" timestamp="2021-09-06T14:28:47Z" user="Robert Knobloch" uid="11928550" lat="21.0766184" lon="105.7979154"/>
 <node id="1494242582" visible="true" version="1" changeset="9765574" timestamp="2011-11-07T15:15:15Z" user="ninomax" uid="47976" lat="21.0766433" lon="105.7979847"/>
 <node id="1494242583" visible="true" version="1" changeset="9765574" timestamp="2011-11-07T15:15:18Z" user="ninomax" uid="47976" lat="21.0766438" lon="105.7975668"/>
 <node id="1494242584" visible="true" version="1" changeset="9765574" timestamp="2011-11-07T15:15:19Z" user="ninomax" uid="47976" lat="21.0766442" lon="105.7970966"/>
 <node id="1494242585" visible="true" version="1" changeset="9765574" timestamp="2011-11-07T15:15:20Z" user="ninomax" uid="47976" lat="21.0766507" lon="105.7983234"/>
 <node id="1494242586" visible="true" version="1" changeset="9765574" timestamp="2011-11-07T15:15:24Z" user="ninomax" uid="47976" lat="21.0766652" lon="105.7969472"/>
 <node id="1494242587" visible="true" version="2" changeset="140025183" timestamp="2023-08-17T17:53:34Z" user="VLD302" uid="16226557" lat="21.0766503" lon="105.7991200"/>
 <node id="1494242588" visible="true" version="1" changeset="9765574" timestamp="2011-11-07T15:15:25Z" user="ninomax" uid="47976" lat="21.0766741" lon="105.7981946"/>
 <node id="1494242593" visible="true" version="1" changeset="9765574" timestamp="2011-11-07T15:15:26Z" user="ninomax" uid="47976" lat="21.0766820" lon="105.7986721"/>
 <node id="1494242594" visible="true" version="1" changeset="9765574" timestamp="2011-11-07T15:15:27Z" user="ninomax" uid="47976" lat="21.0766827" lon="105.7964824"/>
 <node id="1494242595" visible="true" version="7" changeset="148003172" timestamp="2024-02-28T08:55:02Z" user="phoenixsaigon1698" uid="3323343" lat="21.0767396" lon="105.7961365"/>
 <node id="1494242596" visible="true" version="1" changeset="9765574" timestamp="2011-11-07T15:15:28Z" user="ninomax" uid="47976" lat="21.0766949" lon="105.7974322"/>
 <node id="1494242597" visible="true" version="1" changeset="9765574" timestamp="2011-11-07T15:15:29Z" user="ninomax" uid="47976" lat="21.0766953" lon="105.7969620"/>
 <node id="1494242598" visible="true" version="6" changeset="151800889" timestamp="2024-05-25T09:00:22Z" user="phoenixsaigon1698" uid="3323343" lat="21.0766853" lon="105.7977354"/>
 <node id="1494242608" visible="true" version="2" changeset="95028274" timestamp="2020-11-30T08:32:07Z" user="Veslava" uid="10610947" lat="21.0767019" lon="105.7994690"/>
 <node id="1494242610" visible="true" version="1" changeset="9765574" timestamp="2011-11-07T15:15:36Z" user="ninomax" uid="47976" lat="21.0767057" lon="105.7981803"/>
 <node id="1494242611" visible="true" version="1" changeset="9765574" timestamp="2011-11-07T15:15:37Z" user="ninomax" uid="47976" lat="21.0767166" lon="105.7968121"/>
 <node id="1494242612" visible="true" version="1" changeset="9765574" timestamp="2011-11-07T15:15:37Z" user="ninomax" uid="47976" lat="21.0767340" lon="105.7963474"/>
 <node id="1494242613" visible="true" version="1" changeset="9765574" timestamp="2011-11-07T15:15:38Z" user="ninomax" uid="47976" lat="21.0767370" lon="105.7985290"/>
 <node id="1494242621" visible="true" version="1" changeset="9765574" timestamp="2011-11-07T15:15:39Z" user="ninomax" uid="47976" lat="21.0767385" lon="105.7980267"/>
 <node id="1494242633" visible="true" version="1" changeset="9765574" timestamp="2011-11-07T15:15:40Z" user="ninomax" uid="47976" lat="21.0767460" lon="105.7972977"/>
 <node id="1494242634" visible="true" version="1" changeset="9765574" timestamp="2011-11-07T15:15:41Z" user="ninomax" uid="47976" lat="21.0767464" lon="105.7968275"/>
 <node id="1494242639" visible="true" version="1" changeset="9765574" timestamp="2011-11-07T15:15:42Z" user="ninomax" uid="47976" lat="21.0767490" lon="105.7989112"/>
 <node id="1494242640" visible="true" version="5" changeset="110807120" timestamp="2021-09-06T14:28:47Z" user="Robert Knobloch" uid="11928550" lat="21.0767505" lon="105.7975707"/>
 <node id="1494242641" visible="true" version="1" changeset="9765574" timestamp="2011-11-07T15:15:44Z" user="ninomax" uid="47976" lat="21.0767608" lon="105.7980371"/>
 <node id="1494242644" visible="true" version="1" changeset="9765574" timestamp="2011-11-07T15:15:46Z" user="ninomax" uid="47976" lat="21.0767679" lon="105.7966771"/>
 <node id="1494242645" visible="true" version="1" changeset="9765574" timestamp="2011-11-07T15:15:47Z" user="ninomax" uid="47976" lat="21.0767853" lon="105.7962123"/>
 <node id="1494242646" visible="true" version="1" changeset="9765574" timestamp="2011-11-07T15:15:48Z" user="ninomax" uid="47976" lat="21.0767921" lon="105.7983859"/>
 <node id="1494242647" visible="true" version="1" changeset="9765574" timestamp="2011-11-07T15:15:52Z" user="ninomax" uid="47976" lat="21.0767970" lon="105.7971632"/>
 <node id="1494242648" visible="true" version="1" changeset="9765574" timestamp="2011-11-07T15:15:53Z" user="ninomax" uid="47976" lat="21.0767974" lon="105.7966930"/>
 <node id="1494242649" visible="true" version="1" changeset="9765574" timestamp="2011-11-07T15:15:54Z" user="ninomax" uid="47976" lat="21.0768192" lon="105.7965420"/>
 <node id="1494242650" visible="true" version="1" changeset="9765574" timestamp="2011-11-07T15:15:55Z" user="ninomax" uid="47976" lat="21.0768267" lon="105.7987065"/>
 <node id="1494242652" visible="true" version="1" changeset="9765574" timestamp="2011-11-07T15:15:58Z" user="ninomax" uid="47976" lat="21.0768349" lon="105.7991874"/>
 <node id="1494242661" visible="true" version="1" changeset="9765574" timestamp="2011-11-07T15:15:59Z" user="ninomax" uid="47976" lat="21.0768467" lon="105.7960571"/>
 <node id="1494242662" visible="true" version="1" changeset="9765574" timestamp="2011-11-07T15:16:01Z" user="ninomax" uid="47976" lat="21.0768472" lon="105.7982428"/>
 <node id="1494242663" visible="true" version="1" changeset="9765574" timestamp="2011-11-07T15:16:03Z" user="ninomax" uid="47976" lat="21.0768481" lon="105.7970286"/>
 <node id="1494242664" visible="true" version="1" changeset="9765574" timestamp="2011-11-07T15:16:03Z" user="ninomax" uid="47976" lat="21.0768485" lon="105.7965584"/>
 <node id="1494242665" visible="true" version="1" changeset="9765574" timestamp="2011-11-07T15:16:04Z" user="ninomax" uid="47976" lat="21.0768497" lon="105.7974683"/>
 <node id="1494242667" visible="true" version="1" changeset="9765574" timestamp="2011-11-07T15:16:13Z" user="ninomax" uid="47976" lat="21.0768705" lon="105.7964069"/>
 <node id="1494242668" visible="true" version="1" changeset="9765574" timestamp="2011-11-07T15:16:15Z" user="ninomax" uid="47976" lat="21.0768991" lon="105.7968941"/>
 <node id="1494242669" visible="true" version="1" changeset="9765574" timestamp="2011-11-07T15:16:16Z" user="ninomax" uid="47976" lat="21.0768996" lon="105.7964239"/>
 <node id="1494242670" visible="true" version="1" changeset="9765574" timestamp="2011-11-07T15:16:18Z" user="ninomax" uid="47976" lat="21.0769019" lon="105.7973221"/>
 <node id="1494242671" visible="true" version="1" changeset="9765574" timestamp="2011-11-07T15:16:19Z" user="ninomax" uid="47976" lat="21.0769023" lon="105.7980997"/>
 <node id="1494242672" visible="true" version="1" changeset="9765574" timestamp="2011-11-07T15:16:20Z" user="ninomax" uid="47976" lat="21.0769045" lon="105.7985018"/>
 <node id="1494242673" visible="true" version="1" changeset="9765574" timestamp="2011-11-07T15:16:24Z" user="ninomax" uid="47976" lat="21.0769127" lon="105.7989827"/>
 <node id="1494242676" visible="true" version="1" changeset="9765574" timestamp="2011-11-07T15:16:28Z" user="ninomax" uid="47976" lat="21.0769170" lon="105.7958719"/>
 <node id="1494242677" visible="true" version="1" changeset="9765574" timestamp="2011-11-07T15:16:29Z" user="ninomax" uid="47976" lat="21.0769218" lon="105.7962719"/>
 <node id="1494242679" visible="true" version="1" changeset="9765574" timestamp="2011-11-07T15:16:31Z" user="ninomax" uid="47976" lat="21.0769409" lon="105.7975058"/>
 <node id="1494242702" visible="true" version="1" changeset="9765574" timestamp="2011-11-07T15:16:33Z" user="ninomax" uid="47976" lat="21.0769502" lon="105.7967596"/>
 <node id="1494242724" visible="true" version="1" changeset="9765574" timestamp="2011-11-07T15:16:34Z" user="ninomax" uid="47976" lat="21.0769506" lon="105.7962894"/>
 <node id="1494242725" visible="true" version="1" changeset="9765574" timestamp="2011-11-07T15:16:35Z" user="ninomax" uid="47976" lat="21.0769541" lon="105.7971759"/>
 <node id="1494242726" visible="true" version="1" changeset="9765574" timestamp="2011-11-07T15:16:35Z" user="ninomax" uid="47976" lat="21.0769589" lon="105.7975282"/>
 <node id="1494242727" visible="true" version="1" changeset="9765574" timestamp="2011-11-07T15:16:36Z" user="ninomax" uid="47976" lat="21.0769823" lon="105.7982971"/>
 <node id="1494242735" visible="true" version="1" changeset="9765574" timestamp="2011-11-07T15:16:37Z" user="ninomax" uid="47976" lat="21.0769873" lon="105.7956867"/>
 <node id="1494242756" visible="true" version="1" changeset="9765574" timestamp="2011-11-07T15:16:38Z" user="ninomax" uid="47976" lat="21.0769877" lon="105.7961185"/>
 <node id="1494242789" visible="true" version="1" changeset="9765574" timestamp="2011-11-07T15:16:40Z" user="ninomax" uid="47976" lat="21.0769905" lon="105.7987779"/>
 <node id="1494242837" visible="true" version="1" changeset="9765574" timestamp="2011-11-07T15:16:41Z" user="ninomax" uid="47976" lat="21.0769931" lon="105.7973596"/>
 <node id="1494242882" visible="true" version="1" changeset="9765574" timestamp="2011-11-07T15:16:43Z" user="ninomax" uid="47976" lat="21.0770013" lon="105.7966250"/>
 <node id="1494242920" visible="true" version="1" changeset="9765574" timestamp="2011-11-07T15:16:44Z" user="ninomax" uid="47976" lat="21.0770063" lon="105.7970297"/>
 <node id="1494242938" visible="true" version="4" changeset="109647365" timestamp="2021-08-13T20:01:32Z" user="Robert Knobloch" uid="11928550" lat="21.0770003" lon="105.7980754"/>
 <node id="1494242960" visible="true" version="1" changeset="9765574" timestamp="2011-11-07T15:16:46Z" user="ninomax" uid="47976" lat="21.0770224" lon="105.7973572"/>
 <node id="1494243000" visible="true" version="1" changeset="9765574" timestamp="2011-11-07T15:16:47Z" user="ninomax" uid="47976" lat="21.0770273" lon="105.7961311"/>
 <node id="1494243025" visible="true" version="1" changeset="9765574" timestamp="2011-11-07T15:16:49Z" user="ninomax" uid="47976" lat="21.0770453" lon="105.7972133"/>
 <node id="1494243026" visible="true" version="1" changeset="9765574" timestamp="2011-11-07T15:16:50Z" user="ninomax" uid="47976" lat="21.0770523" lon="105.7964905"/>
 <node id="1494243028" visible="true" version="1" changeset="9765574" timestamp="2011-11-07T15:16:51Z" user="ninomax" uid="47976" lat="21.0770576" lon="105.7955014"/>
 <node id="1494243041" visible="true" version="1" changeset="9765574" timestamp="2011-11-07T15:16:53Z" user="ninomax" uid="47976" lat="21.0770580" lon="105.7959333"/>
 <node id="1494243042" visible="true" version="1" changeset="9765574" timestamp="2011-11-07T15:16:54Z" user="ninomax" uid="47976" lat="21.0770585" lon="105.7968835"/>
 <node id="1494243055" visible="true" version="1" changeset="9765574" timestamp="2011-11-07T15:16:56Z" user="ninomax" uid="47976" lat="21.0770600" lon="105.7980924"/>
 <node id="1494243056" visible="true" version="1" changeset="9765574" timestamp="2011-11-07T15:16:57Z" user="ninomax" uid="47976" lat="21.0770682" lon="105.7985732"/>
 <node id="1494243062" visible="true" version="1" changeset="9765574" timestamp="2011-11-07T15:17:02Z" user="ninomax" uid="47976" lat="21.0770860" lon="105.7971862"/>
 <node id="1494243063" visible="true" version="1" changeset="9765574" timestamp="2011-11-07T15:17:03Z" user="ninomax" uid="47976" lat="21.0770870" lon="105.7959739"/>
 <node id="1494243064" visible="true" version="1" changeset="9765574" timestamp="2011-11-07T15:17:04Z" user="ninomax" uid="47976" lat="21.0770975" lon="105.7970671"/>
 <node id="1494243065" visible="true" version="1" changeset="9765574" timestamp="2011-11-07T15:17:05Z" user="ninomax" uid="47976" lat="21.0770978" lon="105.7975874"/>
 <node id="1494243066" visible="true" version="1" changeset="9765574" timestamp="2011-11-07T15:17:06Z" user="ninomax" uid="47976" lat="21.0771034" lon="105.7963559"/>
 <node id="1494243067" visible="true" version="1" changeset="9765574" timestamp="2011-11-07T15:17:08Z" user="ninomax" uid="47976" lat="21.0771107" lon="105.7967373"/>
 <node id="1494243068" visible="true" version="1" changeset="9765574" timestamp="2011-11-07T15:17:08Z" user="ninomax" uid="47976" lat="21.0771279" lon="105.7953162"/>
 <node id="1494243069" visible="true" version="1" changeset="9765574" timestamp="2011-11-07T15:17:09Z" user="ninomax" uid="47976" lat="21.0771282" lon="105.7957481"/>
 <node id="1494243074" visible="true" version="4" changeset="109647365" timestamp="2021-08-13T20:01:32Z" user="Robert Knobloch" uid="11928550" lat="21.0771315" lon="105.7977378"/>
 <node id="1494243075" visible="true" version="1" changeset="9765574" timestamp="2011-11-07T15:17:12Z" user="ninomax" uid="47976" lat="21.0771378" lon="105.7978877"/>
 <node id="1494243076" visible="true" version="1" changeset="9765574" timestamp="2011-11-07T15:17:13Z" user="ninomax" uid="47976" lat="21.0771460" lon="105.7983685"/>
 <node id="1494243078" visible="true" version="1" changeset="9765574" timestamp="2011-11-07T15:17:14Z" user="ninomax" uid="47976" lat="21.0771466" lon="105.7958168"/>
 <node id="1494243098" visible="true" version="1" changeset="9765574" timestamp="2011-11-07T15:17:19Z" user="ninomax" uid="47976" lat="21.0771495" lon="105.7970153"/>
 <node id="1494243114" visible="true" version="1" changeset="9765574" timestamp="2011-11-07T15:17:19Z" user="ninomax" uid="47976" lat="21.0771497" lon="105.7969209"/>
 <node id="1494243138" visible="true" version="1" changeset="9765574" timestamp="2011-11-07T15:17:20Z" user="ninomax" uid="47976" lat="21.0771613" lon="105.7974165"/>
 <node id="1494243143" visible="true" version="1" changeset="9765574" timestamp="2011-11-07T15:17:22Z" user="ninomax" uid="47976" lat="21.0771629" lon="105.7965911"/>
 <node id="1494243144" visible="true" version="1" changeset="9765574" timestamp="2011-11-07T15:17:23Z" user="ninomax" uid="47976" lat="21.0771718" lon="105.7961940"/>
 <node id="1494243145" visible="true" version="1" changeset="9765574" timestamp="2011-11-07T15:17:25Z" user="ninomax" uid="47976" lat="21.0771982" lon="105.7951310"/>
 <node id="1494243146" visible="true" version="1" changeset="9765574" timestamp="2011-11-07T15:17:26Z" user="ninomax" uid="47976" lat="21.0771985" lon="105.7955629"/>
 <node id="1494243147" visible="true" version="1" changeset="9765574" timestamp="2011-11-07T15:17:26Z" user="ninomax" uid="47976" lat="21.0772019" lon="105.7967747"/>
 <node id="1494243148" visible="true" version="1" changeset="9765574" timestamp="2011-11-07T15:17:27Z" user="ninomax" uid="47976" lat="21.0772062" lon="105.7956597"/>
 <node id="1494243149" visible="true" version="1" changeset="9765574" timestamp="2011-11-07T15:17:28Z" user="ninomax" uid="47976" lat="21.0772130" lon="105.7968443"/>
 <node id="1494243153" visible="true" version="1" changeset="9765574" timestamp="2011-11-07T15:17:29Z" user="ninomax" uid="47976" lat="21.0772151" lon="105.7964449"/>
 <node id="1494243155" visible="true" version="1" changeset="9765574" timestamp="2011-11-07T15:17:33Z" user="ninomax" uid="47976" lat="21.0772156" lon="105.7976830"/>
 <node id="1494243160" visible="true" version="4" changeset="106313178" timestamp="2021-06-14T06:42:10Z" user="ItsLouisAnderson" uid="11691953" lat="21.0771987" lon="105.7963446"/>
 <node id="1494243161" visible="true" version="1" changeset="9765574" timestamp="2011-11-07T15:17:35Z" user="ninomax" uid="47976" lat="21.0772238" lon="105.7981638"/>
 <node id="1494243163" visible="true" version="1" changeset="9765574" timestamp="2011-11-07T15:17:37Z" user="ninomax" uid="47976" lat="21.0772249" lon="105.7972455"/>
 <node id="1494243164" visible="true" version="1" changeset="9765574" timestamp="2011-11-07T15:17:39Z" user="ninomax" uid="47976" lat="21.0772314" lon="105.7960369"/>
 <node id="1494243165" visible="true" version="1" changeset="9765574" timestamp="2011-11-07T15:17:39Z" user="ninomax" uid="47976" lat="21.0772541" lon="105.7966285"/>
 <node id="1494243166" visible="true" version="1" changeset="9765574" timestamp="2011-11-07T15:17:40Z" user="ninomax" uid="47976" lat="21.0772659" lon="105.7955026"/>
 <node id="1494243167" visible="true" version="1" changeset="9765574" timestamp="2011-11-07T15:17:42Z" user="ninomax" uid="47976" lat="21.0772685" lon="105.7949458"/>
 <node id="1494243168" visible="true" version="1" changeset="9765574" timestamp="2011-11-07T15:17:43Z" user="ninomax" uid="47976" lat="21.0772688" lon="105.7953776"/>
 <node id="1494243169" visible="true" version="1" changeset="9765574" timestamp="2011-11-07T15:17:45Z" user="ninomax" uid="47976" lat="21.0772765" lon="105.7966733"/>
 <node id="1494243170" visible="true" version="1" changeset="9765574" timestamp="2011-11-07T15:17:46Z" user="ninomax" uid="47976" lat="21.0772884" lon="105.7970745"/>
 <node id="1494243172" visible="true" version="1" changeset="9765574" timestamp="2011-11-07T15:17:49Z" user="ninomax" uid="47976" lat="21.0772911" lon="105.7958798"/>
 <node id="1494243173" visible="true" version="1" changeset="9765574" timestamp="2011-11-07T15:17:50Z" user="ninomax" uid="47976" lat="21.0772933" lon="105.7974782"/>
 <node id="1494243174" visible="true" version="1" changeset="9765574" timestamp="2011-11-07T15:17:52Z" user="ninomax" uid="47976" lat="21.0773015" lon="105.7979591"/>
 <node id="1494243203" visible="true" version="1" changeset="9765574" timestamp="2011-11-07T15:17:53Z" user="ninomax" uid="47976" lat="21.0773063" lon="105.7964823"/>
 <node id="1494243234" visible="true" version="1" changeset="9765574" timestamp="2011-11-07T15:17:55Z" user="ninomax" uid="47976" lat="21.0773255" lon="105.7953455"/>
 <node id="1494243251" visible="true" version="1" changeset="9765574" timestamp="2011-11-07T15:17:56Z" user="ninomax" uid="47976" lat="21.0773391" lon="105.7951924"/>
 <node id="1494243267" visible="true" version="1" changeset="9765574" timestamp="2011-11-07T15:17:56Z" user="ninomax" uid="47976" lat="21.0773400" lon="105.7965023"/>
 <node id="1494243328" visible="true" version="1" changeset="9765574" timestamp="2011-11-07T15:18:01Z" user="ninomax" uid="47976" lat="21.0773507" lon="105.7957227"/>
 <node id="1494243329" visible="true" version="1" changeset="9765574" timestamp="2011-11-07T15:18:02Z" user="ninomax" uid="47976" lat="21.0773519" lon="105.7969035"/>
 <node id="1494243330" visible="true" version="1" changeset="9765574" timestamp="2011-11-07T15:18:03Z" user="ninomax" uid="47976" lat="21.0773711" lon="105.7972735"/>
 <node id="1494243331" visible="true" version="1" changeset="9765574" timestamp="2011-11-07T15:18:04Z" user="ninomax" uid="47976" lat="21.0773793" lon="105.7977544"/>
 <node id="1494243342" visible="true" version="1" changeset="9765574" timestamp="2011-11-07T15:18:05Z" user="ninomax" uid="47976" lat="21.0774094" lon="105.7950072"/>
 <node id="1494243345" visible="true" version="1" changeset="9765574" timestamp="2011-11-07T15:18:06Z" user="ninomax" uid="47976" lat="21.0774094" lon="105.7952066"/>
 <node id="1494243346" visible="true" version="1" changeset="9765574" timestamp="2011-11-07T15:18:07Z" user="ninomax" uid="47976" lat="21.0774103" lon="105.7955655"/>
 <node id="1494243347" visible="true" version="1" changeset="9765574" timestamp="2011-11-07T15:18:08Z" user="ninomax" uid="47976" lat="21.0774154" lon="105.7967326"/>
 <node id="1494243348" visible="true" version="1" changeset="9765574" timestamp="2011-11-07T15:18:09Z" user="ninomax" uid="47976" lat="21.0774489" lon="105.7970688"/>
 <node id="1494243350" visible="true" version="1" changeset="9765574" timestamp="2011-11-07T15:18:10Z" user="ninomax" uid="47976" lat="21.0774571" lon="105.7975497"/>
 <node id="1494243351" visible="true" version="1" changeset="9765574" timestamp="2011-11-07T15:18:11Z" user="ninomax" uid="47976" lat="21.0774625" lon="105.7950579"/>
 <node id="1494243358" visible="true" version="1" changeset="9765574" timestamp="2011-11-07T15:18:12Z" user="ninomax" uid="47976" lat="21.0774699" lon="105.7954084"/>
 <node id="1494243363" visible="true" version="1" changeset="9765574" timestamp="2011-11-07T15:18:14Z" user="ninomax" uid="47976" lat="21.0774789" lon="105.7965616"/>
 <node id="1494243399" visible="true" version="1" changeset="9765574" timestamp="2011-11-07T15:18:15Z" user="ninomax" uid="47976" lat="21.0775266" lon="105.7968641"/>
 <node id="1494243433" visible="true" version="1" changeset="9765574" timestamp="2011-11-07T15:18:17Z" user="ninomax" uid="47976" lat="21.0775348" lon="105.7973450"/>
 <node id="1494243463" visible="true" version="2" changeset="47898929" timestamp="2017-04-18T09:17:34Z" user="hieuvan" uid="2678766" lat="21.0775785" lon="105.7953464"/>
 <node id="1494243464" visible="true" version="1" changeset="9765574" timestamp="2011-11-07T15:18:23Z" user="ninomax" uid="47976" lat="21.0775830" lon="105.7952778"/>
 <node id="1494243465" visible="true" version="5" changeset="115539705" timestamp="2021-12-29T22:09:42Z" user="Robert Knobloch" uid="11928550" lat="21.0776026" lon="105.7965210"/>
 <node id="1494243470" visible="true" version="2" changeset="140025183" timestamp="2023-08-17T17:53:34Z" user="VLD302" uid="16226557" lat="21.0775856" lon="105.7966393"/>
 <node id="1494243471" visible="true" version="1" changeset="9765574" timestamp="2011-11-07T15:18:27Z" user="ninomax" uid="47976" lat="21.0776126" lon="105.7971403"/>
 <node id="1494243472" visible="true" version="1" changeset="9765574" timestamp="2011-11-07T15:18:29Z" user="ninomax" uid="47976" lat="21.0776361" lon="105.7951291"/>
 <node id="1494243473" visible="true" version="1" changeset="9765574" timestamp="2011-11-07T15:18:30Z" user="ninomax" uid="47976" lat="21.0776904" lon="105.7969356"/>
 <node id="1494243474" visible="true" version="1" changeset="9765574" timestamp="2011-11-07T15:18:31Z" user="ninomax" uid="47976" lat="21.0777345" lon="105.7963670"/>
 <node id="1494243475" visible="true" version="1" changeset="9765574" timestamp="2011-11-07T15:18:32Z" user="ninomax" uid="47976" lat="21.0777566" lon="105.7953490"/>
 <node id="1494243486" visible="true" version="1" changeset="9765574" timestamp="2011-11-07T15:18:36Z" user="ninomax" uid="47976" lat="21.0777681" lon="105.7967308"/>
 <node id="1494243487" visible="true" version="1" changeset="9765574" timestamp="2011-11-07T15:18:38Z" user="ninomax" uid="47976" lat="21.0778097" lon="105.7952003"/>
 <node id="1494243488" visible="true" version="1" changeset="9765574" timestamp="2011-11-07T15:18:39Z" user="ninomax" uid="47976" lat="21.0778144" lon="105.7961564"/>
 <node id="1494243489" visible="true" version="1" changeset="9765574" timestamp="2011-11-07T15:18:39Z" user="ninomax" uid="47976" lat="21.0778796" lon="105.7964302"/>
 <node id="1494243490" visible="true" version="1" changeset="9765574" timestamp="2011-11-07T15:18:40Z" user="ninomax" uid="47976" lat="21.0778943" lon="105.7959458"/>
 <node id="1494243491" visible="true" version="1" changeset="9765574" timestamp="2011-11-07T15:18:48Z" user="ninomax" uid="47976" lat="21.0779302" lon="105.7954202"/>
 <node id="1494243492" visible="true" version="1" changeset="9765574" timestamp="2011-11-07T15:18:49Z" user="ninomax" uid="47976" lat="21.0779595" lon="105.7962196"/>
 <node id="1494243493" visible="true" version="3" changeset="106313178" timestamp="2021-06-14T06:42:10Z" user="ItsLouisAnderson" uid="11691953" lat="21.0779870" lon="105.7955371"/>
 <node id="1494243494" visible="true" version="1" changeset="9765574" timestamp="2011-11-07T15:18:52Z" user="ninomax" uid="47976" lat="21.0779743" lon="105.7957352"/>
 <node id="1494243495" visible="true" version="1" changeset="9765574" timestamp="2011-11-07T15:18:56Z" user="ninomax" uid="47976" lat="21.0779833" lon="105.7952715"/>
 <node id="1494243496" visible="true" version="1" changeset="9765574" timestamp="2011-11-07T15:18:58Z" user="ninomax" uid="47976" lat="21.0780394" lon="105.7960090"/>
 <node id="1494243518" visible="true" version="1" changeset="9765574" timestamp="2011-11-07T15:18:59Z" user="ninomax" uid="47976" lat="21.0780542" lon="105.7955246"/>
 <node id="1494243519" visible="true" version="4" changeset="106313178" timestamp="2021-06-14T06:42:10Z" user="ItsLouisAnderson" uid="11691953" lat="21.0780590" lon="105.7953519"/>
 <node id="1494243520" visible="true" version="1" changeset="9765574" timestamp="2011-11-07T15:19:02Z" user="ninomax" uid="47976" lat="21.0781193" lon="105.7957984"/>
 <node id="1494243525" visible="true" version="2" changeset="140025183" timestamp="2023-08-17T17:53:34Z" user="VLD302" uid="16226557" lat="21.0781116" lon="105.7952803"/>
 <node id="1494243526" visible="true" version="1" changeset="9765574" timestamp="2011-11-07T15:19:05Z" user="ninomax" uid="47976" lat="21.0781993" lon="105.7955878"/>
 <node id="1494243527" visible="true" version="1" changeset="9765574" timestamp="2011-11-07T15:19:07Z" user="ninomax" uid="47976" lat="21.0782792" lon="105.7953772"/>
 <node id="1494903484" visible="true" version="1" changeset="9770388" timestamp="2011-11-08T02:30:52Z" user="ninomax" uid="47976" lat="21.0724668" lon="105.8037642"/>
 <node id="1494903489" visible="true" version="2" changeset="47898929" timestamp="2017-04-18T09:17:34Z" user="hieuvan" uid="2678766" lat="21.0736378" lon="105.8088290"/>
 <node id="1494903490" visible="true" version="2" changeset="47898929" timestamp="2017-04-18T09:17:34Z" user="hieuvan" uid="2678766" lat="21.0736378" lon="105.8088879"/>
 <node id="1494903491" visible="true" version="2" changeset="47898929" timestamp="2017-04-18T09:17:34Z" user="hieuvan" uid="2678766" lat="21.0736516" lon="105.8087848"/>
 <node id="1494903492" visible="true" version="2" changeset="47898929" timestamp="2017-04-18T09:17:34Z" user="hieuvan" uid="2678766" lat="21.0736680" lon="105.8089350"/>
 <node id="1494903493" visible="true" version="2" changeset="47898929" timestamp="2017-04-18T09:17:34Z" user="hieuvan" uid="2678766" lat="21.0737450" lon="105.8089674"/>
 <node id="1494903496" visible="true" version="2" changeset="47898929" timestamp="2017-04-18T09:17:34Z" user="hieuvan" uid="2678766" lat="21.0751164" lon="105.8051208"/>
 <node id="1494903497" visible="true" version="2" changeset="47898929" timestamp="2017-04-18T09:17:34Z" user="hieuvan" uid="2678766" lat="21.0751659" lon="105.8050914"/>
 <node id="1494903498" visible="true" version="2" changeset="47898929" timestamp="2017-04-18T09:17:34Z" user="hieuvan" uid="2678766" lat="21.0752236" lon="105.8050943"/>
 <node id="1494903499" visible="true" version="2" changeset="47898929" timestamp="2017-04-18T09:17:34Z" user="hieuvan" uid="2678766" lat="21.0752786" lon="105.8096449"/>
 <node id="1494903500" visible="true" version="2" changeset="47898929" timestamp="2017-04-18T09:17:34Z" user="hieuvan" uid="2678766" lat="21.0753638" lon="105.8096390"/>
 <node id="1494903501" visible="true" version="2" changeset="47898929" timestamp="2017-04-18T09:17:34Z" user="hieuvan" uid="2678766" lat="21.0753913" lon="105.8095860"/>
 <node id="1494903502" visible="true" version="2" changeset="47898929" timestamp="2017-04-18T09:17:34Z" user="hieuvan" uid="2678766" lat="21.0754215" lon="105.8051738"/>
 <node id="1494903503" visible="true" version="2" changeset="47898929" timestamp="2017-04-18T09:17:34Z" user="hieuvan" uid="2678766" lat="21.0755314" lon="105.8092796"/>
 <node id="1494903504" visible="true" version="2" changeset="47898929" timestamp="2017-04-18T09:17:34Z" user="hieuvan" uid="2678766" lat="21.0756029" lon="105.8092325"/>
 <node id="1494903505" visible="true" version="2" changeset="47898929" timestamp="2017-04-18T09:17:34Z" user="hieuvan" uid="2678766" lat="21.0756523" lon="105.8091176"/>
 <node id="1494903508" visible="true" version="2" changeset="47898929" timestamp="2017-04-18T09:17:34Z" user="hieuvan" uid="2678766" lat="21.0761333" lon="105.8078894"/>
 <node id="1494903509" visible="true" version="2" changeset="47898929" timestamp="2017-04-18T09:17:34Z" user="hieuvan" uid="2678766" lat="21.0761415" lon="105.8055008"/>
 <node id="1494903510" visible="true" version="2" changeset="47898929" timestamp="2017-04-18T09:17:34Z" user="hieuvan" uid="2678766" lat="21.0762157" lon="105.8077687"/>
 <node id="1494903511" visible="true" version="2" changeset="47898929" timestamp="2017-04-18T09:17:34Z" user="hieuvan" uid="2678766" lat="21.0762927" lon="105.8076892"/>
 <node id="1494903512" visible="true" version="2" changeset="47898929" timestamp="2017-04-18T09:17:34Z" user="hieuvan" uid="2678766" lat="21.0764521" lon="105.8056687"/>
 <node id="1494903515" visible="true" version="2" changeset="47898929" timestamp="2017-04-18T09:17:34Z" user="hieuvan" uid="2678766" lat="21.0764823" lon="105.8074712"/>
 <node id="1494903516" visible="true" version="2" changeset="47898929" timestamp="2017-04-18T09:17:34Z" user="hieuvan" uid="2678766" lat="21.0765318" lon="105.8073740"/>
 <node id="1494903517" visible="true" version="2" changeset="47898929" timestamp="2017-04-18T09:17:34Z" user="hieuvan" uid="2678766" lat="21.0765758" lon="105.8058159"/>
 <node id="1494903518" visible="true" version="2" changeset="47898929" timestamp="2017-04-18T09:17:34Z" user="hieuvan" uid="2678766" lat="21.0766775" lon="105.8069823"/>
 <node id="1494903519" visible="true" version="2" changeset="47898929" timestamp="2017-04-18T09:17:34Z" user="hieuvan" uid="2678766" lat="21.0766912" lon="105.8059956"/>
 <node id="1494903520" visible="true" version="2" changeset="47898929" timestamp="2017-04-18T09:17:34Z" user="hieuvan" uid="2678766" lat="21.0767572" lon="105.8061163"/>
 <node id="1494903521" visible="true" version="2" changeset="47898929" timestamp="2017-04-18T09:17:34Z" user="hieuvan" uid="2678766" lat="21.0767737" lon="105.8067319"/>
 <node id="1494903522" visible="true" version="2" changeset="47898929" timestamp="2017-04-18T09:17:34Z" user="hieuvan" uid="2678766" lat="21.0767929" lon="105.8062695"/>
 <node id="1494903523" visible="true" version="2" changeset="47898929" timestamp="2017-04-18T09:17:34Z" user="hieuvan" uid="2678766" lat="21.0768121" lon="105.8064698"/>
 <node id="1494903701" visible="true" version="3" changeset="72031088" timestamp="2019-07-08T21:49:48Z" user="Gr8fulDead" uid="9414390" lat="21.0780749" lon="105.7928847"/>
 <node id="1494903703" visible="true" version="2" changeset="72031088" timestamp="2019-07-08T21:49:48Z" user="Gr8fulDead" uid="9414390" lat="21.0787348" lon="105.7918533"/>
 <node id="1494903910" visible="true" version="6" changeset="72031088" timestamp="2019-07-08T21:49:48Z" user="Gr8fulDead" uid="9414390" lat="21.0776874" lon="105.7900699"/>
 <node id="1613088772" visible="true" version="2" changeset="47898929" timestamp="2017-04-18T09:17:37Z" user="hieuvan" uid="2678766" lat="21.0752621" lon="105.8012614"/>
 <node id="1613088778" visible="true" version="3" changeset="94639566" timestamp="2020-11-23T12:58:15Z" user="Robert Knobloch" uid="11928550" lat="21.0757805" lon="105.8052874"/>
 <node id="1613088780" visible="true" version="2" changeset="47898929" timestamp="2017-04-18T09:17:37Z" user="hieuvan" uid="2678766" lat="21.0759827" lon="105.8083975"/>
 <node id="1613088783" visible="true" version="3" changeset="106214490" timestamp="2021-06-11T12:26:38Z" user="y_rupi" uid="11589838" lat="21.0762015" lon="105.8078875"/>
 <node id="1613088786" visible="true" version="3" changeset="94639566" timestamp="2020-11-23T12:58:15Z" user="Robert Knobloch" uid="11928550" lat="21.0762918" lon="105.8055200"/>
 <node id="1613088788" visible="true" version="2" changeset="47898929" timestamp="2017-04-18T09:17:37Z" user="hieuvan" uid="2678766" lat="21.0763303" lon="105.8077145"/>
 <node id="1613088796" visible="true" version="3" changeset="94639566" timestamp="2020-11-23T12:58:15Z" user="Robert Knobloch" uid="11928550" lat="21.0764891" lon="105.8056487"/>
 <node id="1613088801" visible="true" version="2" changeset="47898929" timestamp="2017-04-18T09:17:37Z" user="hieuvan" uid="2678766" lat="21.0765258" lon="105.8074778"/>
 <node id="1613088803" visible="true" version="3" changeset="144535124" timestamp="2023-11-28T07:32:38Z" user="Grab_Cong" uid="18820325" lat="21.0766417" lon="105.8072140">
  <tag k="access" v="no"/>
  <tag k="barrier" v="lift_gate"/>
 </node>
 <node id="1613088806" visible="true" version="3" changeset="94639566" timestamp="2020-11-23T12:58:15Z" user="Robert Knobloch" uid="11928550" lat="21.0766966" lon="105.8058841"/>
 <node id="1613088808" visible="true" version="2" changeset="47898929" timestamp="2017-04-18T09:17:37Z" user="hieuvan" uid="2678766" lat="21.0767611" lon="105.8068919"/>
 <node id="1613088811" visible="true" version="2" changeset="47898929" timestamp="2017-04-18T09:17:37Z" user="hieuvan" uid="2678766" lat="21.0768082" lon="105.8061391"/>
 <node id="1613088814" visible="true" version="2" changeset="47898929" timestamp="2017-04-18T09:17:37Z" user="hieuvan" uid="2678766" lat="21.0768336" lon="105.8066513"/>
 <node id="1613088816" visible="true" version="2" changeset="47898929" timestamp="2017-04-18T09:17:37Z" user="hieuvan" uid="2678766" lat="21.0768589" lon="105.8064301"/>
 <node id="2297811558" visible="true" version="1" changeset="16058260" timestamp="2013-05-10T04:21:15Z" user="QuangDBui@TMA" uid="1276367" lat="21.0799003" lon="105.7942038"/>
 <node id="2297811559" visible="true" version="1" changeset="16058260" timestamp="2013-05-10T04:21:15Z" user="QuangDBui@TMA" uid="1276367" lat="21.0797502" lon="105.7942842"/>
 <node id="2297811560" visible="true" version="1" changeset="16058260" timestamp="2013-05-10T04:21:15Z" user="QuangDBui@TMA" uid="1276367" lat="21.0795900" lon="105.7930665"/>
 <node id="2297811561" visible="true" version="1" changeset="16058260" timestamp="2013-05-10T04:21:15Z" user="QuangDBui@TMA" uid="1276367" lat="21.0799854" lon="105.7940965"/>
 <node id="2297811562" visible="true" version="1" changeset="16058260" timestamp="2013-05-10T04:21:15Z" user="QuangDBui@TMA" uid="1276367" lat="21.0798402" lon="105.7942091"/>
 <node id="2297811563" visible="true" version="1" changeset="16058260" timestamp="2013-05-10T04:21:15Z" user="QuangDBui@TMA" uid="1276367" lat="21.0802084" lon="105.7937027"/>
 <node id="2297811565" visible="true" version="1" changeset="16058260" timestamp="2013-05-10T04:21:15Z" user="QuangDBui@TMA" uid="1276367" lat="21.0791996" lon="105.7935171"/>
 <node id="2297811567" visible="true" version="1" changeset="16058260" timestamp="2013-05-10T04:21:15Z" user="QuangDBui@TMA" uid="1276367" lat="21.0792346" lon="105.7929860"/>
 <node id="2297811568" visible="true" version="1" changeset="16058260" timestamp="2013-05-10T04:21:15Z" user="QuangDBui@TMA" uid="1276367" lat="21.0801706" lon="105.7935547"/>
 <node id="2297811570" visible="true" version="1" changeset="16058260" timestamp="2013-05-10T04:21:15Z" user="QuangDBui@TMA" uid="1276367" lat="21.0796200" lon="105.7939945"/>
 <node id="2297811571" visible="true" version="3" changeset="57819092" timestamp="2018-04-05T01:30:59Z" user="hieuvan" uid="2678766" lat="21.0776171" lon="105.7904349"/>
 <node id="2297811572" visible="true" version="1" changeset="16058260" timestamp="2013-05-10T04:21:15Z" user="QuangDBui@TMA" uid="1276367" lat="21.0784738" lon="105.7951318"/>
 <node id="2297811573" visible="true" version="1" changeset="16058260" timestamp="2013-05-10T04:21:15Z" user="QuangDBui@TMA" uid="1276367" lat="21.0796400" lon="105.7937961"/>
 <node id="2297811576" visible="true" version="1" changeset="16058260" timestamp="2013-05-10T04:21:15Z" user="QuangDBui@TMA" uid="1276367" lat="21.0795900" lon="105.7932650"/>
 <node id="2297811577" visible="true" version="1" changeset="16058260" timestamp="2013-05-10T04:21:15Z" user="QuangDBui@TMA" uid="1276367" lat="21.0789393" lon="105.7940804"/>
 <node id="2297811579" visible="true" version="1" changeset="16058260" timestamp="2013-05-10T04:21:15Z" user="QuangDBui@TMA" uid="1276367" lat="21.0791195" lon="105.7934903"/>
 <node id="2297811580" visible="true" version="1" changeset="16058260" timestamp="2013-05-10T04:21:16Z" user="QuangDBui@TMA" uid="1276367" lat="21.0790394" lon="105.7940482"/>
 <node id="2297811581" visible="true" version="1" changeset="16058260" timestamp="2013-05-10T04:21:16Z" user="QuangDBui@TMA" uid="1276367" lat="21.0792196" lon="105.7932757"/>
 <node id="2297811582" visible="true" version="1" changeset="16058260" timestamp="2013-05-10T04:21:16Z" user="QuangDBui@TMA" uid="1276367" lat="21.0800705" lon="105.7927339"/>
 <node id="2297811583" visible="true" version="1" changeset="16058260" timestamp="2013-05-10T04:21:16Z" user="QuangDBui@TMA" uid="1276367" lat="21.0786690" lon="105.7945578"/>
 <node id="2297811584" visible="true" version="1" changeset="16058260" timestamp="2013-05-10T04:21:16Z" user="QuangDBui@TMA" uid="1276367" lat="21.0796450" lon="105.7940589"/>
 <node id="2297811585" visible="true" version="1" changeset="16058260" timestamp="2013-05-10T04:21:16Z" user="QuangDBui@TMA" uid="1276367" lat="21.0795249" lon="105.7934045"/>
 <node id="2297811586" visible="true" version="1" changeset="16058260" timestamp="2013-05-10T04:21:16Z" user="QuangDBui@TMA" uid="1276367" lat="21.0795349" lon="105.7935225"/>
 <node id="2297811587" visible="true" version="1" changeset="16058260" timestamp="2013-05-10T04:21:16Z" user="QuangDBui@TMA" uid="1276367" lat="21.0792947" lon="105.7929378"/>
 <node id="2297811588" visible="true" version="1" changeset="16058260" timestamp="2013-05-10T04:21:16Z" user="QuangDBui@TMA" uid="1276367" lat="21.0788191" lon="105.7945471"/>
 <node id="2297811589" visible="true" version="1" changeset="16058260" timestamp="2013-05-10T04:21:16Z" user="QuangDBui@TMA" uid="1276367" lat="21.0800655" lon="105.7939302"/>
 <node id="2297811590" visible="true" version="1" changeset="16058260" timestamp="2013-05-10T04:21:16Z" user="QuangDBui@TMA" uid="1276367" lat="21.0795900" lon="105.7936512"/>
 <node id="2297811591" visible="true" version="1" changeset="16058260" timestamp="2013-05-10T04:21:16Z" user="QuangDBui@TMA" uid="1276367" lat="21.0790544" lon="105.7937263"/>
 <node id="2297811592" visible="true" version="1" changeset="16058260" timestamp="2013-05-10T04:21:16Z" user="QuangDBui@TMA" uid="1276367" lat="21.0801834" lon="105.7938368"/>
 <node id="2297811595" visible="true" version="1" changeset="16058260" timestamp="2013-05-10T04:21:16Z" user="QuangDBui@TMA" uid="1276367" lat="21.0798102" lon="105.7929646"/>
 <node id="2297811596" visible="true" version="1" changeset="16058260" timestamp="2013-05-10T04:21:16Z" user="QuangDBui@TMA" uid="1276367" lat="21.0799404" lon="105.7928251"/>
 <node id="2297811599" visible="true" version="1" changeset="16058260" timestamp="2013-05-10T04:21:16Z" user="QuangDBui@TMA" uid="1276367" lat="21.0802084" lon="105.7930536"/>
 <node id="2297811600" visible="true" version="1" changeset="16058260" timestamp="2013-05-10T04:21:16Z" user="QuangDBui@TMA" uid="1276367" lat="21.0801656" lon="105.7929217"/>
 <node id="2297811601" visible="true" version="1" changeset="16058260" timestamp="2013-05-10T04:21:16Z" user="QuangDBui@TMA" uid="1276367" lat="21.0802234" lon="105.7931234"/>
 <node id="2297811602" visible="true" version="1" changeset="16058260" timestamp="2013-05-10T04:21:16Z" user="QuangDBui@TMA" uid="1276367" lat="21.0796500" lon="105.7929860"/>
 <node id="2297811604" visible="true" version="1" changeset="16058260" timestamp="2013-05-10T04:21:16Z" user="QuangDBui@TMA" uid="1276367" lat="21.0796200" lon="105.7942038"/>
 <node id="2297811605" visible="true" version="1" changeset="16058260" timestamp="2013-05-10T04:21:16Z" user="QuangDBui@TMA" uid="1276367" lat="21.0786339" lon="105.7950943"/>
 <node id="2297811606" visible="true" version="1" changeset="16058260" timestamp="2013-05-10T04:21:16Z" user="QuangDBui@TMA" uid="1276367" lat="21.0801306" lon="105.7932972"/>
 <node id="2297811607" visible="true" version="1" changeset="16058260" timestamp="2013-05-10T04:21:16Z" user="QuangDBui@TMA" uid="1276367" lat="21.0801055" lon="105.7934206"/>
 <node id="2297811608" visible="true" version="1" changeset="16058260" timestamp="2013-05-10T04:21:16Z" user="QuangDBui@TMA" uid="1276367" lat="21.0785789" lon="105.7951908"/>
 <node id="2297811609" visible="true" version="1" changeset="16058260" timestamp="2013-05-10T04:21:16Z" user="QuangDBui@TMA" uid="1276367" lat="21.0785338" lon="105.7951962"/>
 <node id="2297811611" visible="true" version="1" changeset="16058260" timestamp="2013-05-10T04:21:16Z" user="QuangDBui@TMA" uid="1276367" lat="21.0796651" lon="105.7942789"/>
 <node id="2297811612" visible="true" version="1" changeset="16058260" timestamp="2013-05-10T04:21:16Z" user="QuangDBui@TMA" uid="1276367" lat="21.0801456" lon="105.7927929"/>
 <node id="2297811614" visible="true" version="1" changeset="16058260" timestamp="2013-05-10T04:21:16Z" user="QuangDBui@TMA" uid="1276367" lat="21.0796050" lon="105.7931255"/>
 <node id="2297811615" visible="true" version="1" changeset="16058260" timestamp="2013-05-10T04:21:16Z" user="QuangDBui@TMA" uid="1276367" lat="21.0793497" lon="105.7930719"/>
 <node id="2297811616" visible="true" version="1" changeset="16058260" timestamp="2013-05-10T04:21:16Z" user="QuangDBui@TMA" uid="1276367" lat="21.0787441" lon="105.7946490"/>
 <node id="2297811617" visible="true" version="1" changeset="16058260" timestamp="2013-05-10T04:21:16Z" user="QuangDBui@TMA" uid="1276367" lat="21.0786840" lon="105.7948099"/>
 <node id="2297811618" visible="true" version="1" changeset="16058260" timestamp="2013-05-10T04:21:16Z" user="QuangDBui@TMA" uid="1276367" lat="21.0791545" lon="105.7936029"/>
 <node id="2297811765" visible="true" version="7" changeset="167618172" timestamp="2025-06-14T15:39:41Z" user="Hung Tran 9x0" uid="20910140" lat="21.0738160" lon="105.8000823"/>
 <node id="2297811772" visible="true" version="7" changeset="162765677" timestamp="2025-02-21T06:02:23Z" user="ZioDragon" uid="13799024" lat="21.0751765" lon="105.8003883"/>
 <node id="2297811780" visible="true" version="10" changeset="162765677" timestamp="2025-02-21T06:02:23Z" user="ZioDragon" uid="13799024" lat="21.0749787" lon="105.8002932"/>
 <node id="3221325319" visible="true" version="1" changeset="27284855" timestamp="2014-12-06T08:21:40Z" user="cshclm" uid="1930512" lat="21.0756653" lon="105.8015448"/>
 <node id="3221325320" visible="true" version="1" changeset="27284855" timestamp="2014-12-06T08:21:40Z" user="cshclm" uid="1930512" lat="21.0752990" lon="105.8013680"/>
 <node id="3221325321" visible="true" version="1" changeset="27284855" timestamp="2014-12-06T08:21:40Z" user="cshclm" uid="1930512" lat="21.0752542" lon="105.8014039"/>
 <node id="3221325323" visible="true" version="2" changeset="140025183" timestamp="2023-08-17T17:53:34Z" user="VLD302" uid="16226557" lat="21.0756083" lon="105.8016957"/>
 <node id="3221325324" visible="true" version="1" changeset="27284855" timestamp="2014-12-06T08:21:40Z" user="cshclm" uid="1930512" lat="21.0757013" lon="105.8014401"/>
 <node id="3221325325" visible="true" version="1" changeset="27284855" timestamp="2014-12-06T08:21:40Z" user="cshclm" uid="1930512" lat="21.0758575" lon="105.8010617"/>
 <node id="3221325326" visible="true" version="1" changeset="27284855" timestamp="2014-12-06T08:21:40Z" user="cshclm" uid="1930512" lat="21.0758100" lon="105.8010089"/>
 <node id="3221325327" visible="true" version="1" changeset="27284855" timestamp="2014-12-06T08:21:40Z" user="cshclm" uid="1930512" lat="21.0750851" lon="105.8007160"/>
 <node id="3221325328" visible="true" version="1" changeset="27284855" timestamp="2014-12-06T08:21:40Z" user="cshclm" uid="1930512" lat="21.0749747" lon="105.8007906"/>
 <node id="3221325329" visible="true" version="1" changeset="27284855" timestamp="2014-12-06T08:21:40Z" user="cshclm" uid="1930512" lat="21.0743194" lon="105.8025226"/>
 <node id="3221325330" visible="true" version="1" changeset="27284855" timestamp="2014-12-06T08:21:40Z" user="cshclm" uid="1930512" lat="21.0743624" lon="105.8025707"/>
 <node id="3221325331" visible="true" version="1" changeset="27284855" timestamp="2014-12-06T08:21:40Z" user="cshclm" uid="1930512" lat="21.0746946" lon="105.8027191"/>
 <node id="3221325332" visible="true" version="1" changeset="27284855" timestamp="2014-12-06T08:21:40Z" user="cshclm" uid="1930512" lat="21.0752396" lon="105.8012636"/>
 <node id="3221325333" visible="true" version="2" changeset="109647365" timestamp="2021-08-13T20:01:32Z" user="Robert Knobloch" uid="11928550" lat="21.0760156" lon="105.8004470"/>
 <node id="3221325334" visible="true" version="4" changeset="109647365" timestamp="2021-08-13T20:01:32Z" user="Robert Knobloch" uid="11928550" lat="21.0762792" lon="105.8008270"/>
 <node id="3221325335" visible="true" version="1" changeset="27284855" timestamp="2014-12-06T08:21:40Z" user="cshclm" uid="1930512" lat="21.0753096" lon="105.8004536"/>
 <node id="3221325336" visible="true" version="1" changeset="27284855" timestamp="2014-12-06T08:21:40Z" user="cshclm" uid="1930512" lat="21.0752229" lon="105.8002018"/>
 <node id="3221325337" visible="true" version="1" changeset="27284855" timestamp="2014-12-06T08:21:40Z" user="cshclm" uid="1930512" lat="21.0756535" lon="105.7990301"/>
 <node id="3221325338" visible="true" version="1" changeset="27284855" timestamp="2014-12-06T08:21:40Z" user="cshclm" uid="1930512" lat="21.0757598" lon="105.7989732"/>
 <node id="3221325339" visible="true" version="1" changeset="27284855" timestamp="2014-12-06T08:21:40Z" user="cshclm" uid="1930512" lat="21.0760562" lon="105.7991170"/>
 <node id="3221325340" visible="true" version="1" changeset="27284855" timestamp="2014-12-06T08:21:40Z" user="cshclm" uid="1930512" lat="21.0760758" lon="105.7992009"/>
 <node id="3221325341" visible="true" version="2" changeset="109647365" timestamp="2021-08-13T20:01:32Z" user="Robert Knobloch" uid="11928550" lat="21.0757541" lon="105.8001373"/>
 <node id="3221325342" visible="true" version="1" changeset="27284855" timestamp="2014-12-06T08:21:41Z" user="cshclm" uid="1930512" lat="21.0764700" lon="105.7993567"/>
 <node id="3221325344" visible="true" version="1" changeset="27284855" timestamp="2014-12-06T08:21:41Z" user="cshclm" uid="1930512" lat="21.0761233" lon="105.7992579"/>
 <node id="3221325345" visible="true" version="1" changeset="27284855" timestamp="2014-12-06T08:21:41Z" user="cshclm" uid="1930512" lat="21.0758521" lon="105.8000220"/>
 <node id="3221325346" visible="true" version="1" changeset="27284855" timestamp="2014-12-06T08:21:41Z" user="cshclm" uid="1930512" lat="21.0758884" lon="105.8000760"/>
 <node id="3221325347" visible="true" version="2" changeset="110868313" timestamp="2021-09-07T16:04:06Z" user="Robert Knobloch" uid="11928550" lat="21.0761565" lon="105.8001916"/>
 <node id="3221325348" visible="true" version="3" changeset="113901173" timestamp="2021-11-17T14:34:34Z" user="Robert Knobloch" uid="11928550" lat="21.0768525" lon="105.7992558"/>
 <node id="3221325349" visible="true" version="3" changeset="113901173" timestamp="2021-11-17T14:34:34Z" user="Robert Knobloch" uid="11928550" lat="21.0767591" lon="105.7994808"/>
 <node id="3221325350" visible="true" version="3" changeset="113901173" timestamp="2021-11-17T14:34:34Z" user="Robert Knobloch" uid="11928550" lat="21.0766248" lon="105.7991473"/>
 <node id="3221325351" visible="true" version="1" changeset="27284855" timestamp="2014-12-06T08:21:41Z" user="cshclm" uid="1930512" lat="21.0769426" lon="105.7981580"/>
 <node id="3221325352" visible="true" version="1" changeset="27284855" timestamp="2014-12-06T08:21:41Z" user="cshclm" uid="1930512" lat="21.0769230" lon="105.7981071"/>
 <node id="3221325353" visible="true" version="1" changeset="27284855" timestamp="2014-12-06T08:21:41Z" user="cshclm" uid="1930512" lat="21.0766099" lon="105.7980232"/>
 <node id="3221325354" visible="true" version="1" changeset="27284855" timestamp="2014-12-06T08:21:41Z" user="cshclm" uid="1930512" lat="21.0762324" lon="105.7990451"/>
 <node id="3221325356" visible="true" version="1" changeset="27284855" timestamp="2014-12-06T08:21:41Z" user="cshclm" uid="1930512" lat="21.0765288" lon="105.7991889"/>
 <node id="3221325357" visible="true" version="1" changeset="27284855" timestamp="2014-12-06T08:21:41Z" user="cshclm" uid="1930512" lat="21.0765931" lon="105.7978314"/>
 <node id="3221325358" visible="true" version="1" changeset="27284855" timestamp="2014-12-06T08:21:41Z" user="cshclm" uid="1930512" lat="21.0765679" lon="105.7977415"/>
 <node id="3221325359" visible="true" version="1" changeset="27284855" timestamp="2014-12-06T08:21:41Z" user="cshclm" uid="1930512" lat="21.0762743" lon="105.7976336"/>
 <node id="3221325360" visible="true" version="1" changeset="27284855" timestamp="2014-12-06T08:21:41Z" user="cshclm" uid="1930512" lat="21.0761680" lon="105.7976995"/>
 <node id="3221325461" visible="true" version="1" changeset="27284855" timestamp="2014-12-06T08:21:41Z" user="cshclm" uid="1930512" lat="21.0757458" lon="105.7988053"/>
 <node id="3221325462" visible="true" version="1" changeset="27284855" timestamp="2014-12-06T08:21:41Z" user="cshclm" uid="1930512" lat="21.0757933" lon="105.7988563"/>
 <node id="3221325463" visible="true" version="1" changeset="27284855" timestamp="2014-12-06T08:21:41Z" user="cshclm" uid="1930512" lat="21.0761009" lon="105.7989851"/>
 <node id="3221325464" visible="true" version="1" changeset="27284855" timestamp="2014-12-06T08:21:41Z" user="cshclm" uid="1930512" lat="21.0761708" lon="105.7989432"/>
 <node id="3221325465" visible="true" version="1" changeset="27284855" timestamp="2014-12-06T08:21:41Z" user="cshclm" uid="1930512" lat="21.0768280" lon="105.7974778"/>
 <node id="3221325466" visible="true" version="1" changeset="27284855" timestamp="2014-12-06T08:21:41Z" user="cshclm" uid="1930512" lat="21.0768531" lon="105.7975557"/>
 <node id="3221325467" visible="true" version="1" changeset="27284855" timestamp="2014-12-06T08:21:41Z" user="cshclm" uid="1930512" lat="21.0771020" lon="105.7976636"/>
 <node id="3221325468" visible="true" version="1" changeset="27284855" timestamp="2014-12-06T08:21:41Z" user="cshclm" uid="1930512" lat="21.0771468" lon="105.7976156"/>
 <node id="3221325469" visible="true" version="1" changeset="27284855" timestamp="2014-12-06T08:21:41Z" user="cshclm" uid="1930512" lat="21.0775354" lon="105.7965787"/>
 <node id="3221325470" visible="true" version="1" changeset="27284855" timestamp="2014-12-06T08:21:41Z" user="cshclm" uid="1930512" lat="21.0774711" lon="105.7965278"/>
 <node id="3221325471" visible="true" version="1" changeset="27284855" timestamp="2014-12-06T08:21:41Z" user="cshclm" uid="1930512" lat="21.0772726" lon="105.7964379"/>
 <node id="3221325472" visible="true" version="1" changeset="27284855" timestamp="2014-12-06T08:21:41Z" user="cshclm" uid="1930512" lat="21.0771953" lon="105.7965005"/>
 <node id="3221325473" visible="true" version="1" changeset="27284855" timestamp="2014-12-06T08:21:41Z" user="cshclm" uid="1930512" lat="21.0771272" lon="105.7964558"/>
 <node id="3221325474" visible="true" version="1" changeset="27284855" timestamp="2014-12-06T08:21:41Z" user="cshclm" uid="1930512" lat="21.0771188" lon="105.7963749"/>
 <node id="3221325475" visible="true" version="1" changeset="27284855" timestamp="2014-12-06T08:21:41Z" user="cshclm" uid="1930512" lat="21.0767675" lon="105.7962592"/>
 <node id="3221325476" visible="true" version="1" changeset="27284855" timestamp="2014-12-06T08:21:41Z" user="cshclm" uid="1930512" lat="21.0766938" lon="105.7962940"/>
 <node id="3221325477" visible="true" version="2" changeset="72099891" timestamp="2019-07-10T15:11:32Z" user="_Poliwrath_" uid="8759140" lat="21.0762773" lon="105.7974665"/>
 <node id="3221325480" visible="true" version="1" changeset="27284855" timestamp="2014-12-06T08:21:41Z" user="cshclm" uid="1930512" lat="21.0766826" lon="105.7976366"/>
 <node id="3221325481" visible="true" version="1" changeset="27284855" timestamp="2014-12-06T08:21:41Z" user="cshclm" uid="1930512" lat="21.0772838" lon="105.7963000"/>
 <node id="3221325482" visible="true" version="1" changeset="27284855" timestamp="2014-12-06T08:21:41Z" user="cshclm" uid="1930512" lat="21.0775942" lon="105.7964439"/>
 <node id="3221325483" visible="true" version="1" changeset="27284855" timestamp="2014-12-06T08:21:41Z" user="cshclm" uid="1930512" lat="21.0779297" lon="105.7955868"/>
 <node id="3221325484" visible="true" version="1" changeset="27284855" timestamp="2014-12-06T08:21:41Z" user="cshclm" uid="1930512" lat="21.0776333" lon="105.7954819"/>
 <node id="3221325485" visible="true" version="1" changeset="27284855" timestamp="2014-12-06T08:21:42Z" user="cshclm" uid="1930512" lat="21.0775858" lon="105.7955119"/>
 <node id="3221325486" visible="true" version="1" changeset="27284855" timestamp="2014-12-06T08:21:42Z" user="cshclm" uid="1930512" lat="21.0780928" lon="105.7951931"/>
 <node id="3221325487" visible="true" version="1" changeset="27284855" timestamp="2014-12-06T08:21:42Z" user="cshclm" uid="1930512" lat="21.0779434" lon="105.7955188"/>
 <node id="3221325488" visible="true" version="2" changeset="110868313" timestamp="2021-09-07T16:04:06Z" user="Robert Knobloch" uid="11928550" lat="21.0775596" lon="105.7953372"/>
 <node id="3221325489" visible="true" version="1" changeset="27284855" timestamp="2014-12-06T08:21:42Z" user="cshclm" uid="1930512" lat="21.0772101" lon="105.7962647"/>
 <node id="3221325490" visible="true" version="1" changeset="27284855" timestamp="2014-12-06T08:21:42Z" user="cshclm" uid="1930512" lat="21.0771625" lon="105.7962756"/>
 <node id="3221325491" visible="true" version="1" changeset="27284855" timestamp="2014-12-06T08:21:42Z" user="cshclm" uid="1930512" lat="21.0767908" lon="105.7961101"/>
 <node id="3221325492" visible="true" version="1" changeset="27284855" timestamp="2014-12-06T08:21:42Z" user="cshclm" uid="1930512" lat="21.0767992" lon="105.7960518"/>
 <node id="3221325493" visible="true" version="1" changeset="27284855" timestamp="2014-12-06T08:21:42Z" user="cshclm" uid="1930512" lat="21.0772729" lon="105.7948201"/>
 <node id="3221325494" visible="true" version="3" changeset="162765677" timestamp="2025-02-21T06:02:23Z" user="ZioDragon" uid="13799024" lat="21.0776007" lon="105.8012532"/>
 <node id="3221325497" visible="true" version="4" changeset="109818084" timestamp="2021-08-17T14:52:25Z" user="Robert Knobloch" uid="11928550" lat="21.0788468" lon="105.7975152"/>
 <node id="3221325498" visible="true" version="4" changeset="109818084" timestamp="2021-08-17T14:52:25Z" user="Robert Knobloch" uid="11928550" lat="21.0788701" lon="105.7973605"/>
 <node id="3221325499" visible="true" version="4" changeset="109818084" timestamp="2021-08-17T14:52:25Z" user="Robert Knobloch" uid="11928550" lat="21.0788144" lon="105.7972218"/>
 <node id="3221325500" visible="true" version="5" changeset="109818084" timestamp="2021-08-17T14:52:25Z" user="Robert Knobloch" uid="11928550" lat="21.0789285" lon="105.7967078"/>
 <node id="3221325501" visible="true" version="5" changeset="109818084" timestamp="2021-08-17T14:52:25Z" user="Robert Knobloch" uid="11928550" lat="21.0789670" lon="105.7967125"/>
 <node id="3221325502" visible="true" version="5" changeset="109818084" timestamp="2021-08-17T14:52:25Z" user="Robert Knobloch" uid="11928550" lat="21.0790050" lon="105.7967043"/>
 <node id="3221325503" visible="true" version="5" changeset="109818084" timestamp="2021-08-17T14:52:25Z" user="Robert Knobloch" uid="11928550" lat="21.0790387" lon="105.7966838"/>
 <node id="3221325504" visible="true" version="5" changeset="109818084" timestamp="2021-08-17T14:52:25Z" user="Robert Knobloch" uid="11928550" lat="21.0789947" lon="105.7964519"/>
 <node id="3221325505" visible="true" version="5" changeset="109818084" timestamp="2021-08-17T14:52:25Z" user="Robert Knobloch" uid="11928550" lat="21.0789519" lon="105.7964475"/>
 <node id="3221325506" visible="true" version="5" changeset="109818084" timestamp="2021-08-17T14:52:25Z" user="Robert Knobloch" uid="11928550" lat="21.0789102" lon="105.7964591"/>
 <node id="3221325507" visible="true" version="5" changeset="109818084" timestamp="2021-08-17T14:52:25Z" user="Robert Knobloch" uid="11928550" lat="21.0788748" lon="105.7964852"/>
 <node id="3221325510" visible="true" version="6" changeset="142333621" timestamp="2023-10-09T06:33:52Z" user="ItsLouisAnderson" uid="11691953" lat="21.0772756" lon="105.7947111"/>
 <node id="3221325552" visible="true" version="2" changeset="94639566" timestamp="2020-11-23T12:58:15Z" user="Robert Knobloch" uid="11928550" lat="21.0779028" lon="105.7965251"/>
 <node id="3221325553" visible="true" version="2" changeset="94639566" timestamp="2020-11-23T12:58:15Z" user="Robert Knobloch" uid="11928550" lat="21.0777112" lon="105.7964324"/>
 <node id="3221325554" visible="true" version="2" changeset="94639566" timestamp="2020-11-23T12:58:15Z" user="Robert Knobloch" uid="11928550" lat="21.0776245" lon="105.7966381"/>
 <node id="3221325555" visible="true" version="2" changeset="94639566" timestamp="2020-11-23T12:58:15Z" user="Robert Knobloch" uid="11928550" lat="21.0778162" lon="105.7967308"/>
 <node id="3221325562" visible="true" version="5" changeset="148036287" timestamp="2024-02-29T04:52:42Z" user="phoenixsaigon1698" uid="3323343" lat="21.0766443" lon="105.7960939"/>
 <node id="3221325567" visible="true" version="5" changeset="162765677" timestamp="2025-02-21T06:02:23Z" user="ZioDragon" uid="13799024" lat="21.0760341" lon="105.8008188"/>
 <node id="3222781911" visible="true" version="3" changeset="162765677" timestamp="2025-02-21T06:02:23Z" user="ZioDragon" uid="13799024" lat="21.0770559" lon="105.8011824"/>
 <node id="3222781914" visible="true" version="2" changeset="47898929" timestamp="2017-04-18T09:18:05Z" user="hieuvan" uid="2678766" lat="21.0756448" lon="105.8016721"/>
 <node id="3222781915" visible="true" version="2" changeset="47898929" timestamp="2017-04-18T09:18:05Z" user="hieuvan" uid="2678766" lat="21.0752522" lon="105.8026886"/>
 <node id="3437771951" visible="true" version="3" changeset="59766946" timestamp="2018-06-12T08:02:46Z" user="lakkarssu" uid="8196672" lat="21.0850443" lon="105.8123853"/>
 <node id="3437771955" visible="true" version="4" changeset="154543211" timestamp="2024-07-29T02:46:11Z" user="openmap-vn" uid="21213273" lat="21.0872442" lon="105.8092270"/>
 <node id="3437771956" visible="true" version="2" changeset="47898929" timestamp="2017-04-18T09:18:16Z" user="hieuvan" uid="2678766" lat="21.0865347" lon="105.8095482"/>
 <node id="3437771957" visible="true" version="2" changeset="47898929" timestamp="2017-04-18T09:18:16Z" user="hieuvan" uid="2678766" lat="21.0851732" lon="105.8101812"/>
 <node id="3464707937" visible="true" version="2" changeset="106313178" timestamp="2021-06-14T06:42:10Z" user="ItsLouisAnderson" uid="11691953" lat="21.0772876" lon="105.7941190"/>
 <node id="3464707940" visible="true" version="3" changeset="148157902" timestamp="2024-03-03T09:21:59Z" user="phoenixsaigon1698" uid="3323343" lat="21.0754764" lon="105.7987412"/>
 <node id="3465169494" visible="true" version="4" changeset="139853809" timestamp="2023-08-14T05:59:04Z" user="ItsLouisAnderson" uid="11691953" lat="21.0798978" lon="105.7907888"/>
 <node id="3465169495" visible="true" version="2" changeset="48561924" timestamp="2017-05-10T13:17:24Z" user="hieuvan" uid="2678766" lat="21.0823099" lon="105.7896361"/>
 <node id="3465169496" visible="true" version="1" changeset="30327627" timestamp="2015-04-19T11:48:49Z" user="hieuvan" uid="2678766" lat="21.0833318" lon="105.7887985"/>
 <node id="3465169497" visible="true" version="3" changeset="92326487" timestamp="2020-10-12T06:00:06Z" user="ItsLouisAnderson" uid="11691953" lat="21.0842177" lon="105.7882324"/>
 <node id="3465169498" visible="true" version="3" changeset="92326487" timestamp="2020-10-12T06:00:06Z" user="ItsLouisAnderson" uid="11691953" lat="21.0848838" lon="105.7879843"/>
 <node id="3465169499" visible="true" version="4" changeset="98163377" timestamp="2021-01-26T11:29:48Z" user="ItsLouisAnderson" uid="11691953" lat="21.0859523" lon="105.7875324"/>
 <node id="3465169500" visible="true" version="6" changeset="152028346" timestamp="2024-05-30T10:51:50Z" user="ItsLouisAnderson" uid="11691953" lat="21.0859804" lon="105.7950674"/>
 <node id="3465169501" visible="true" version="5" changeset="152028346" timestamp="2024-05-30T10:51:50Z" user="ItsLouisAnderson" uid="11691953" lat="21.0855360" lon="105.7950750"/>
 <node id="3465169502" visible="true" version="7" changeset="152028346" timestamp="2024-05-30T10:51:50Z" user="ItsLouisAnderson" uid="11691953" lat="21.0855050" lon="105.7972235"/>
 <node id="3465169513" visible="true" version="4" changeset="152028346" timestamp="2024-05-30T10:51:50Z" user="ItsLouisAnderson" uid="11691953" lat="21.0819101" lon="105.8142374"/>
 <node id="3465169514" visible="true" version="4" changeset="139180057" timestamp="2023-07-29T16:18:31Z" user="ItsLouisAnderson" uid="11691953" lat="21.0780201" lon="105.8121418"/>
 <node id="3465169515" visible="true" version="4" changeset="139180057" timestamp="2023-07-29T16:18:31Z" user="ItsLouisAnderson" uid="11691953" lat="21.0751370" lon="105.8106893"/>
 <node id="3465169517" visible="true" version="1" changeset="30327627" timestamp="2015-04-19T11:48:49Z" user="hieuvan" uid="2678766" lat="21.0706707" lon="105.8088130"/>
 <node id="3465169520" visible="true" version="3" changeset="148158014" timestamp="2024-03-03T09:26:10Z" user="phoenixsaigon1698" uid="3323343" lat="21.0743361" lon="105.7988505"/>
 <node id="3465169525" visible="true" version="1" changeset="30327627" timestamp="2015-04-19T11:48:49Z" user="hieuvan" uid="2678766" lat="21.0770417" lon="105.7935064"/>
 <node id="3465169526" visible="true" version="1" changeset="30327627" timestamp="2015-04-19T11:48:49Z" user="hieuvan" uid="2678766" lat="21.0774441" lon="105.7916947"/>
 <node id="3465169527" visible="true" version="1" changeset="30327627" timestamp="2015-04-19T11:48:49Z" user="hieuvan" uid="2678766" lat="21.0775821" lon="105.7909183"/>
 <node id="3465169528" visible="true" version="2" changeset="57819092" timestamp="2018-04-05T01:30:59Z" user="hieuvan" uid="2678766" lat="21.0778468" lon="105.7899496"/>
 <node id="3465169529" visible="true" version="2" changeset="139853809" timestamp="2023-08-14T05:59:04Z" user="ItsLouisAnderson" uid="11691953" lat="21.0785277" lon="105.7906631"/>
 <node id="3465169530" visible="true" version="3" changeset="139853809" timestamp="2023-08-14T05:59:04Z" user="ItsLouisAnderson" uid="11691953" lat="21.0787612" lon="105.7898895"/>
 <node id="3779331011" visible="true" version="2" changeset="48561924" timestamp="2017-05-10T13:17:24Z" user="hieuvan" uid="2678766" lat="21.0796304" lon="105.7898874"/>
 <node id="3779331208" visible="true" version="2" changeset="48561924" timestamp="2017-05-10T13:17:25Z" user="hieuvan" uid="2678766" lat="21.0827864" lon="105.7894992"/>
 <node id="4088954110" visible="true" version="5" changeset="148036287" timestamp="2024-02-29T04:52:42Z" user="phoenixsaigon1698" uid="3323343" lat="21.0755699" lon="105.7988416"/>
 <node id="4162342890" visible="true" version="6" changeset="168335710" timestamp="2025-07-01T05:23:37Z" user="Hung Tran 9x0" uid="20910140" lat="21.0712808" lon="105.8091637"/>
 <node id="4162342918" visible="true" version="8" changeset="139322583" timestamp="2023-08-02T00:52:26Z" user="Riyadi IRM-RV" uid="8072077" lat="21.0843180" lon="105.8133669"/>
 <node id="4162342925" visible="true" version="4" changeset="162765677" timestamp="2025-02-21T06:02:23Z" user="ZioDragon" uid="13799024" lat="21.0843156" lon="105.8131003"/>
 <node id="4162342926" visible="true" version="3" changeset="162765677" timestamp="2025-02-21T06:02:23Z" user="ZioDragon" uid="13799024" lat="21.0847765" lon="105.8079746"/>
 <node id="4162342927" visible="true" version="4" changeset="162765677" timestamp="2025-02-21T06:02:23Z" user="ZioDragon" uid="13799024" lat="21.0854011" lon="105.8010660"/>
 <node id="4162342928" visible="true" version="7" changeset="162765677" timestamp="2025-02-21T06:02:23Z" user="ZioDragon" uid="13799024" lat="21.0841994" lon="105.8125422"/>
 <node id="4162342929" visible="true" version="4" changeset="69389095" timestamp="2019-04-19T20:56:31Z" user="Velocimaptor" uid="3544143" lat="21.0845016" lon="105.8090029"/>
 <node id="4162342930" visible="true" version="5" changeset="97732113" timestamp="2021-01-19T04:04:33Z" user="bhar_gavi" uid="11659052" lat="21.0851121" lon="105.8024157"/>
 <node id="4162342942" visible="true" version="5" changeset="162765677" timestamp="2025-02-21T06:02:23Z" user="ZioDragon" uid="13799024" lat="21.0841595" lon="105.7972048"/>
 <node id="4162342943" visible="true" version="6" changeset="162765677" timestamp="2025-02-21T06:02:23Z" user="ZioDragon" uid="13799024" lat="21.0830702" lon="105.7971068"/>
 <node id="4162342944" visible="true" version="4" changeset="138128605" timestamp="2023-07-05T03:22:26Z" user="GrabVN_QThoai" uid="15740602" lat="21.0825182" lon="105.7970236"/>
 <node id="4162342945" visible="true" version="2" changeset="75968260" timestamp="2019-10-21T01:20:46Z" user="Bành Long" uid="10245831" lat="21.0841021" lon="105.7973187"/>
 <node id="4162342946" visible="true" version="2" changeset="75969613" timestamp="2019-10-21T02:29:12Z" user="Bành Long" uid="10245831" lat="21.0829041" lon="105.7972404"/>
 <node id="4162342947" visible="true" version="2" changeset="75969613" timestamp="2019-10-21T02:29:12Z" user="Bành Long" uid="10245831" lat="21.0827465" lon="105.7987603"/>
 <node id="4162342948" visible="true" version="3" changeset="75969613" timestamp="2019-10-21T02:29:12Z" user="Bành Long" uid="10245831" lat="21.0839835" lon="105.7988273"/>
 <node id="4162342950" visible="true" version="4" changeset="154477389" timestamp="2024-07-27T10:54:51Z" user="openmap-vn" uid="21213273" lat="21.0854157" lon="105.8041362"/>
 <node id="4164215440" visible="true" version="6" changeset="139322583" timestamp="2023-08-02T00:52:26Z" user="Riyadi IRM-RV" uid="8072077" lat="21.0839991" lon="105.8132215"/>
 <node id="4166712798" visible="true" version="6" changeset="162765677" timestamp="2025-02-21T06:02:23Z" user="ZioDragon" uid="13799024" lat="21.0857601" lon="105.7959442"/>
 <node id="4447083977" visible="true" version="3" changeset="69388828" timestamp="2019-04-19T20:45:33Z" user="Velocimaptor" uid="3544143" lat="21.0798679" lon="105.8080120"/>
 <node id="4447083980" visible="true" version="2" changeset="47898929" timestamp="2017-04-18T09:18:32Z" user="hieuvan" uid="2678766" lat="21.0809713" lon="105.8053689"/>
 <node id="4447083981" visible="true" version="2" changeset="47898929" timestamp="2017-04-18T09:18:32Z" user="hieuvan" uid="2678766" lat="21.0811306" lon="105.8048729"/>
 <node id="4447083986" visible="true" version="5" changeset="162765677" timestamp="2025-02-21T06:02:23Z" user="ZioDragon" uid="13799024" lat="21.0815484" lon="105.8004548"/>
 <node id="4447083987" visible="true" version="3" changeset="97747305" timestamp="2021-01-19T07:46:01Z" user="bhar_gavi" uid="11659052" lat="21.0819577" lon="105.8003767"/>
 <node id="4447084090" visible="true" version="4" changeset="151801441" timestamp="2024-05-25T09:14:20Z" user="phoenixsaigon1698" uid="3323343" lat="21.0822120" lon="105.7975928"/>
 <node id="4447084106" visible="true" version="4" changeset="162765677" timestamp="2025-02-21T06:02:23Z" user="ZioDragon" uid="13799024" lat="21.0779615" lon="105.8012369"/>
 <node id="4447084107" visible="true" version="6" changeset="162765677" timestamp="2025-02-21T06:02:23Z" user="ZioDragon" uid="13799024" lat="21.0784688" lon="105.8011698"/>
 <node id="4447084116" visible="true" version="6" changeset="97732113" timestamp="2021-01-19T04:04:33Z" user="bhar_gavi" uid="11659052" lat="21.0851655" lon="105.8018772"/>
 <node id="4447084117" visible="true" version="1" changeset="42887443" timestamp="2016-10-14T06:22:04Z" user="hieuvan" uid="2678766" lat="21.0848968" lon="105.8018416"/>
 <node id="4447084118" visible="true" version="3" changeset="135968281" timestamp="2023-05-11T09:26:03Z" user="GrabVN_QThoai" uid="15740602" lat="21.0837654" lon="105.8017032"/>
 <node id="4845771971" visible="true" version="2" changeset="81037527" timestamp="2020-02-15T08:38:18Z" user="hieuvan" uid="2678766" lat="21.0814821" lon="105.7893897"/>
 <node id="4845771972" visible="true" version="2" changeset="81037527" timestamp="2020-02-15T08:38:18Z" user="hieuvan" uid="2678766" lat="21.0807914" lon="105.7894166"/>
 <node id="4845771973" visible="true" version="2" changeset="106313178" timestamp="2021-06-14T06:42:10Z" user="ItsLouisAnderson" uid="11691953" lat="21.0805791" lon="105.7906733"/>
 <node id="4929698899" visible="true" version="5" changeset="162765677" timestamp="2025-02-21T06:02:23Z" user="ZioDragon" uid="13799024" lat="21.0852529" lon="105.8008819"/>
 <node id="4929698900" visible="true" version="2" changeset="69389095" timestamp="2019-04-19T20:56:31Z" user="Velocimaptor" uid="3544143" lat="21.0847536" lon="105.8064414"/>
 <node id="4929698901" visible="true" version="2" changeset="135968281" timestamp="2023-05-11T09:26:03Z" user="GrabVN_QThoai" uid="15740602" lat="21.0833214" lon="105.8062653"/>
 <node id="4929698902" visible="true" version="2" changeset="135968281" timestamp="2023-05-11T09:26:03Z" user="GrabVN_QThoai" uid="15740602" lat="21.0834295" lon="105.8062790"/>
 <node id="4929698903" visible="true" version="3" changeset="162765677" timestamp="2025-02-21T06:02:23Z" user="ZioDragon" uid="13799024" lat="21.0838227" lon="105.8009064"/>
 <node id="4929698904" visible="true" version="4" changeset="162765677" timestamp="2025-02-21T06:02:23Z" user="ZioDragon" uid="13799024" lat="21.0839422" lon="105.8009194"/>
 <node id="4929698918" visible="true" version="3" changeset="109818084" timestamp="2021-08-17T14:52:25Z" user="Robert Knobloch" uid="11928550" lat="21.0787667" lon="105.7976265"/>
 <node id="4929698919" visible="true" version="2" changeset="109818084" timestamp="2021-08-17T14:52:25Z" user="Robert Knobloch" uid="11928550" lat="21.0787076" lon="105.7975434"/>
 <node id="4929698920" visible="true" version="2" changeset="109818084" timestamp="2021-08-17T14:52:25Z" user="Robert Knobloch" uid="11928550" lat="21.0787075" lon="105.7974334"/>
 <node id="4929699021" visible="true" version="2" changeset="109818084" timestamp="2021-08-17T14:52:25Z" user="Robert Knobloch" uid="11928550" lat="21.0787240" lon="105.7973084"/>
 <node id="4929699022" visible="true" version="2" changeset="109818084" timestamp="2021-08-17T14:52:25Z" user="Robert Knobloch" uid="11928550" lat="21.0788646" lon="105.7972810"/>
 <node id="4929699023" visible="true" version="3" changeset="109818084" timestamp="2021-08-17T14:52:25Z" user="Robert Knobloch" uid="11928550" lat="21.0750470" lon="105.7982741"/>
 <node id="4929699024" visible="true" version="3" changeset="109818084" timestamp="2021-08-17T14:52:25Z" user="Robert Knobloch" uid="11928550" lat="21.0751135" lon="105.7981460"/>
 <node id="4929699026" visible="true" version="4" changeset="109818084" timestamp="2021-08-17T14:52:25Z" user="Robert Knobloch" uid="11928550" lat="21.0757621" lon="105.7967087"/>
 <node id="4929699027" visible="true" version="5" changeset="109818084" timestamp="2021-08-17T14:52:25Z" user="Robert Knobloch" uid="11928550" lat="21.0760824" lon="105.7957633"/>
 <node id="4929699028" visible="true" version="1" changeset="49733617" timestamp="2017-06-22T01:57:00Z" user="hieuvan" uid="2678766" lat="21.0766504" lon="105.7945432"/>
 <node id="4929699029" visible="true" version="3" changeset="94633146" timestamp="2020-11-23T11:14:32Z" user="Robert Knobloch" uid="11928550" lat="21.0761727" lon="105.7957549"/>
 <node id="4929699030" visible="true" version="3" changeset="94633146" timestamp="2020-11-23T11:14:32Z" user="Robert Knobloch" uid="11928550" lat="21.0761490" lon="105.7957766"/>
 <node id="4929699031" visible="true" version="3" changeset="94633146" timestamp="2020-11-23T11:14:32Z" user="Robert Knobloch" uid="11928550" lat="21.0761184" lon="105.7957827"/>
 <node id="4929699032" visible="true" version="3" changeset="94633146" timestamp="2020-11-23T11:14:32Z" user="Robert Knobloch" uid="11928550" lat="21.0760890" lon="105.7957716"/>
 <node id="4929699033" visible="true" version="3" changeset="94633146" timestamp="2020-11-23T11:14:32Z" user="Robert Knobloch" uid="11928550" lat="21.0760687" lon="105.7957462"/>
 <node id="4929699034" visible="true" version="3" changeset="94633146" timestamp="2020-11-23T11:14:32Z" user="Robert Knobloch" uid="11928550" lat="21.0760734" lon="105.7956819"/>
 <node id="4929699035" visible="true" version="3" changeset="94633146" timestamp="2020-11-23T11:14:32Z" user="Robert Knobloch" uid="11928550" lat="21.0760971" lon="105.7956602"/>
 <node id="4929699036" visible="true" version="3" changeset="94633146" timestamp="2020-11-23T11:14:32Z" user="Robert Knobloch" uid="11928550" lat="21.0761277" lon="105.7956541"/>
 <node id="4929699037" visible="true" version="3" changeset="94633146" timestamp="2020-11-23T11:14:32Z" user="Robert Knobloch" uid="11928550" lat="21.0761571" lon="105.7956652"/>
 <node id="4929699038" visible="true" version="3" changeset="94633146" timestamp="2020-11-23T11:14:32Z" user="Robert Knobloch" uid="11928550" lat="21.0761774" lon="105.7956906"/>
 <node id="4929699039" visible="true" version="3" changeset="94633146" timestamp="2020-11-23T11:14:32Z" user="Robert Knobloch" uid="11928550" lat="21.0761831" lon="105.7957234"/>
 <node id="4929699040" visible="true" version="3" changeset="94633146" timestamp="2020-11-23T11:14:32Z" user="Robert Knobloch" uid="11928550" lat="21.0760630" lon="105.7957134"/>
 <node id="4929699043" visible="true" version="3" changeset="135968281" timestamp="2023-05-11T09:26:03Z" user="GrabVN_QThoai" uid="15740602" lat="21.0827566" lon="105.8126453"/>
 <node id="4929699045" visible="true" version="1" changeset="49733617" timestamp="2017-06-22T01:57:00Z" user="hieuvan" uid="2678766" lat="21.0783933" lon="105.8113689"/>
 <node id="4929699046" visible="true" version="2" changeset="154476699" timestamp="2024-07-27T10:34:08Z" user="openmap-vn" uid="21213273" lat="21.0823523" lon="105.8061873"/>
 <node id="4929699047" visible="true" version="2" changeset="154476699" timestamp="2024-07-27T10:34:08Z" user="openmap-vn" uid="21213273" lat="21.0825242" lon="105.8042514"/>
 <node id="4929699048" visible="true" version="2" changeset="154476699" timestamp="2024-07-27T10:34:08Z" user="openmap-vn" uid="21213273" lat="21.0826994" lon="105.8022720"/>
 <node id="4929699049" visible="true" version="5" changeset="162765677" timestamp="2025-02-21T06:02:23Z" user="ZioDragon" uid="13799024" lat="21.0828546" lon="105.8008096"/>
 <node id="4929699050" visible="true" version="3" changeset="135968281" timestamp="2023-05-11T09:26:03Z" user="GrabVN_QThoai" uid="15740602" lat="21.0831139" lon="105.8084273"/>
 <node id="4929699051" visible="true" version="3" changeset="145007080" timestamp="2023-12-11T16:49:56Z" user="ItsLouisAnderson" uid="11691953" lat="21.0825300" lon="105.8098170"/>
 <node id="4929699056" visible="true" version="2" changeset="69389095" timestamp="2019-04-19T20:56:31Z" user="Velocimaptor" uid="3544143" lat="21.0846500" lon="105.8074946"/>
 <node id="4929699057" visible="true" version="2" changeset="145007080" timestamp="2023-12-11T16:49:56Z" user="ItsLouisAnderson" uid="11691953" lat="21.0818032" lon="105.8074030"/>
 <node id="4929699058" visible="true" version="3" changeset="145007080" timestamp="2023-12-11T16:49:56Z" user="ItsLouisAnderson" uid="11691953" lat="21.0827376" lon="105.8075057"/>
 <node id="4929699059" visible="true" version="2" changeset="145007080" timestamp="2023-12-11T16:49:56Z" user="ItsLouisAnderson" uid="11691953" lat="21.0817578" lon="105.8078882"/>
 <node id="4929699060" visible="true" version="4" changeset="145007080" timestamp="2023-12-11T16:49:56Z" user="ItsLouisAnderson" uid="11691953" lat="21.0826906" lon="105.8079925"/>
 <node id="4929699061" visible="true" version="1" changeset="49733617" timestamp="2017-06-22T01:57:01Z" user="hieuvan" uid="2678766" lat="21.0795317" lon="105.8077409"/>
 <node id="4929699062" visible="true" version="2" changeset="145007080" timestamp="2023-12-11T16:49:56Z" user="ItsLouisAnderson" uid="11691953" lat="21.0800340" lon="105.8080903"/>
 <node id="4929699063" visible="true" version="2" changeset="145007080" timestamp="2023-12-11T16:49:56Z" user="ItsLouisAnderson" uid="11691953" lat="21.0817236" lon="105.8082646"/>
 <node id="4929699064" visible="true" version="2" changeset="145007080" timestamp="2023-12-11T16:49:56Z" user="ItsLouisAnderson" uid="11691953" lat="21.0818656" lon="105.8066729"/>
 <node id="4929699065" visible="true" version="3" changeset="145007080" timestamp="2023-12-11T16:49:56Z" user="ItsLouisAnderson" uid="11691953" lat="21.0828083" lon="105.8067802"/>
 <node id="4929699075" visible="true" version="3" changeset="135968281" timestamp="2023-05-11T09:26:03Z" user="GrabVN_QThoai" uid="15740602" lat="21.0832235" lon="105.8084334"/>
 <node id="4929699076" visible="true" version="4" changeset="162765677" timestamp="2025-02-21T06:02:23Z" user="ZioDragon" uid="13799024" lat="21.0839564" lon="105.8007604"/>
 <node id="4929699077" visible="true" version="2" changeset="152028346" timestamp="2024-05-30T10:51:50Z" user="ItsLouisAnderson" uid="11691953" lat="21.0836666" lon="105.8039379"/>
 <node id="4929699078" visible="true" version="1" changeset="49733617" timestamp="2017-06-22T01:57:01Z" user="hieuvan" uid="2678766" lat="21.0835841" lon="105.8038196"/>
 <node id="4929699079" visible="true" version="3" changeset="162765677" timestamp="2025-02-21T06:02:23Z" user="ZioDragon" uid="13799024" lat="21.0838369" lon="105.8007500"/>
 <node id="4929699081" visible="true" version="3" changeset="162765677" timestamp="2025-02-21T06:02:23Z" user="ZioDragon" uid="13799024" lat="21.0824706" lon="105.8007702"/>
 <node id="4929699082" visible="true" version="4" changeset="162765677" timestamp="2025-02-21T06:02:23Z" user="ZioDragon" uid="13799024" lat="21.0824720" lon="105.8006122"/>
 <node id="4929699083" visible="true" version="3" changeset="162765677" timestamp="2025-02-21T06:02:23Z" user="ZioDragon" uid="13799024" lat="21.0854162" lon="105.8008984"/>
 <node id="4929699084" visible="true" version="2" changeset="162765677" timestamp="2025-02-21T06:02:23Z" user="ZioDragon" uid="13799024" lat="21.0849133" lon="105.8064618"/>
 <node id="4929699085" visible="true" version="1" changeset="49733617" timestamp="2017-06-22T01:57:01Z" user="hieuvan" uid="2678766" lat="21.0829184" lon="105.8062309"/>
 <node id="4929699086" visible="true" version="1" changeset="49733617" timestamp="2017-06-22T01:57:01Z" user="hieuvan" uid="2678766" lat="21.0813968" lon="105.8061075"/>
 <node id="4929699087" visible="true" version="1" changeset="49733617" timestamp="2017-06-22T01:57:01Z" user="hieuvan" uid="2678766" lat="21.0810514" lon="105.8060914"/>
 <node id="4929699088" visible="true" version="2" changeset="69388828" timestamp="2019-04-19T20:45:33Z" user="Velocimaptor" uid="3544143" lat="21.0806960" lon="105.8062416"/>
 <node id="4929699089" visible="true" version="1" changeset="49733617" timestamp="2017-06-22T01:57:01Z" user="hieuvan" uid="2678766" lat="21.0803857" lon="105.8064347"/>
 <node id="4929699090" visible="true" version="1" changeset="49733617" timestamp="2017-06-22T01:57:01Z" user="hieuvan" uid="2678766" lat="21.0797951" lon="105.8073360"/>
 <node id="4929699091" visible="true" version="1" changeset="49733617" timestamp="2017-06-22T01:57:01Z" user="hieuvan" uid="2678766" lat="21.0793346" lon="105.8080441"/>
 <node id="4929699092" visible="true" version="1" changeset="49733617" timestamp="2017-06-22T01:57:01Z" user="hieuvan" uid="2678766" lat="21.0791619" lon="105.8085269"/>
 <node id="4929699093" visible="true" version="1" changeset="49733617" timestamp="2017-06-22T01:57:01Z" user="hieuvan" uid="2678766" lat="21.0791894" lon="105.8087495"/>
 <node id="4929699094" visible="true" version="1" changeset="49733617" timestamp="2017-06-22T01:57:01Z" user="hieuvan" uid="2678766" lat="21.0791819" lon="105.8092403"/>
 <node id="4929699095" visible="true" version="1" changeset="49733617" timestamp="2017-06-22T01:57:01Z" user="hieuvan" uid="2678766" lat="21.0789591" lon="105.8098519"/>
 <node id="4929699096" visible="true" version="11" changeset="175014851" timestamp="2025-11-23T07:13:28Z" user="Hung Tran 9x0" uid="20910140" lat="21.0780509" lon="105.8123617"/>
 <node id="4929699097" visible="true" version="3" changeset="162765677" timestamp="2025-02-21T06:02:23Z" user="ZioDragon" uid="13799024" lat="21.0845496" lon="105.8104853"/>
 <node id="4936598703" visible="true" version="1" changeset="49830687" timestamp="2017-06-26T08:57:08Z" user="hieuvan" uid="2678766" lat="21.0710853" lon="105.8076578"/>
 <node id="4936598704" visible="true" version="2" changeset="115539705" timestamp="2021-12-29T22:09:42Z" user="Robert Knobloch" uid="11928550" lat="21.0715477" lon="105.8078710"/>
 <node id="4936598705" visible="true" version="2" changeset="115539705" timestamp="2021-12-29T22:09:42Z" user="Robert Knobloch" uid="11928550" lat="21.0725078" lon="105.8083024"/>
 <node id="4936598706" visible="true" version="2" changeset="115539705" timestamp="2021-12-29T22:09:42Z" user="Robert Knobloch" uid="11928550" lat="21.0729021" lon="105.8070899"/>
 <node id="4936598707" visible="true" version="2" changeset="115539705" timestamp="2021-12-29T22:09:42Z" user="Robert Knobloch" uid="11928550" lat="21.0736067" lon="105.8073193"/>
 <node id="4936598708" visible="true" version="2" changeset="115539705" timestamp="2021-12-29T22:09:42Z" user="Robert Knobloch" uid="11928550" lat="21.0740881" lon="105.8058817"/>
 <node id="4936598709" visible="true" version="2" changeset="115539705" timestamp="2021-12-29T22:09:42Z" user="Robert Knobloch" uid="11928550" lat="21.0737031" lon="105.8047190"/>
 <node id="4936598710" visible="true" version="2" changeset="115539705" timestamp="2021-12-29T22:09:42Z" user="Robert Knobloch" uid="11928550" lat="21.0731333" lon="105.8047609"/>
 <node id="4936598711" visible="true" version="2" changeset="115539705" timestamp="2021-12-29T22:09:42Z" user="Robert Knobloch" uid="11928550" lat="21.0725947" lon="105.8046283"/>
 <node id="4936598712" visible="true" version="2" changeset="115539705" timestamp="2021-12-29T22:09:42Z" user="Robert Knobloch" uid="11928550" lat="21.0728639" lon="105.8039524"/>
 <node id="5481720895" visible="true" version="2" changeset="106209388" timestamp="2021-06-11T11:00:21Z" user="y_rupi" uid="11589838" lat="21.0878924" lon="105.8060713"/>
 <node id="5481720896" visible="true" version="1" changeset="57229798" timestamp="2018-03-16T03:38:08Z" user="hieuvan" uid="2678766" lat="21.0878311" lon="105.8061048"/>
 <node id="5481720897" visible="true" version="1" changeset="57229798" timestamp="2018-03-16T03:38:08Z" user="hieuvan" uid="2678766" lat="21.0870953" lon="105.8063757"/>
 <node id="5481720898" visible="true" version="2" changeset="179884412" timestamp="2026-03-15T06:17:39Z" user="Hung Tran 9x0" uid="20910140" lat="21.0862584" lon="105.8067213"/>
 <node id="5481720900" visible="true" version="2" changeset="162765677" timestamp="2025-02-21T06:02:23Z" user="ZioDragon" uid="13799024" lat="21.0848329" lon="105.8073507"/>
 <node id="5481720905" visible="true" version="2" changeset="71940147" timestamp="2019-07-05T17:23:42Z" user="user_8759590" uid="8759590" lat="21.0862132" lon="105.8106002"/>
 <node id="5481720907" visible="true" version="1" changeset="57229798" timestamp="2018-03-16T03:38:08Z" user="hieuvan" uid="2678766" lat="21.0859216" lon="105.8098277"/>
 <node id="5481720914" visible="true" version="2" changeset="162765677" timestamp="2025-02-21T06:02:23Z" user="ZioDragon" uid="13799024" lat="21.0844239" lon="105.8118756"/>
 <node id="5481721438" visible="true" version="4" changeset="174875155" timestamp="2025-11-19T19:26:22Z" user="Trần Thanh Tuấn" uid="16014056" lat="21.0871479" lon="105.8091438"/>
 <node id="5481721439" visible="true" version="5" changeset="174875155" timestamp="2025-11-19T19:26:22Z" user="Trần Thanh Tuấn" uid="16014056" lat="21.0855111" lon="105.8099484"/>
 <node id="5481721441" visible="true" version="4" changeset="174875155" timestamp="2025-11-19T19:26:22Z" user="Trần Thanh Tuấn" uid="16014056" lat="21.0851958" lon="105.8090472"/>
 <node id="5481721442" visible="true" version="4" changeset="174875155" timestamp="2025-11-19T19:26:22Z" user="Trần Thanh Tuấn" uid="16014056" lat="21.0867925" lon="105.8082801"/>
 <node id="5485722070" visible="true" version="2" changeset="75968561" timestamp="2019-10-21T01:37:53Z" user="Bành Long" uid="10245831" lat="21.0832613" lon="105.8100852"/>
 <node id="5485722071" visible="true" version="1" changeset="57282272" timestamp="2018-03-18T05:57:01Z" user="hieuvan" uid="2678766" lat="21.0806209" lon="105.8097875"/>
 <node id="5485722072" visible="true" version="2" changeset="105885772" timestamp="2021-06-05T14:58:15Z" user="ItsLouisAnderson" uid="11691953" lat="21.0791881" lon="105.8096255"/>
 <node id="5485722073" visible="true" version="1" changeset="57282272" timestamp="2018-03-18T05:57:01Z" user="hieuvan" uid="2678766" lat="21.0783635" lon="105.8095515"/>
 <node id="5485722074" visible="true" version="1" changeset="57282272" timestamp="2018-03-18T05:57:01Z" user="hieuvan" uid="2678766" lat="21.0761160" lon="105.8092564"/>
 <node id="5485722075" visible="true" version="1" changeset="57282272" timestamp="2018-03-18T05:57:01Z" user="hieuvan" uid="2678766" lat="21.0758858" lon="105.8092725"/>
 <node id="5485722076" visible="true" version="1" changeset="57282272" timestamp="2018-03-18T05:57:01Z" user="hieuvan" uid="2678766" lat="21.0757656" lon="105.8095998"/>
 <node id="5485722077" visible="true" version="1" changeset="57282272" timestamp="2018-03-18T05:57:01Z" user="hieuvan" uid="2678766" lat="21.0753051" lon="105.8106619"/>
 <node id="5485722078" visible="true" version="1" changeset="57282272" timestamp="2018-03-18T05:57:01Z" user="hieuvan" uid="2678766" lat="21.0771772" lon="105.8094120"/>
 <node id="5485722113" visible="true" version="2" changeset="97735140" timestamp="2021-01-19T04:57:10Z" user="bhar_gavi" uid="11659052" lat="21.0866840" lon="105.8065232"/>
 <node id="5485722527" visible="true" version="1" changeset="57282272" timestamp="2018-03-18T05:57:02Z" user="hieuvan" uid="2678766" lat="21.0763048" lon="105.7990752"/>
 <node id="5485722541" visible="true" version="6" changeset="162765677" timestamp="2025-02-21T06:02:23Z" user="ZioDragon" uid="13799024" lat="21.0853207" lon="105.8019555"/>
 <node id="5504800127" visible="true" version="2" changeset="162765677" timestamp="2025-02-21T06:02:23Z" user="ZioDragon" uid="13799024" lat="21.0844589" lon="105.8114884"/>
 <node id="5504800128" visible="true" version="1" changeset="57526205" timestamp="2018-03-26T08:15:19Z" user="hieuvan" uid="2678766" lat="21.0845777" lon="105.8114800"/>
 <node id="5504800129" visible="true" version="1" changeset="57526205" timestamp="2018-03-26T08:15:19Z" user="hieuvan" uid="2678766" lat="21.0846427" lon="105.8114478"/>
 <node id="5504800130" visible="true" version="1" changeset="57526205" timestamp="2018-03-26T08:15:19Z" user="hieuvan" uid="2678766" lat="21.0848605" lon="105.8113137"/>
 <node id="5504800131" visible="true" version="1" changeset="57526205" timestamp="2018-03-26T08:15:19Z" user="hieuvan" uid="2678766" lat="21.0852309" lon="105.8110884"/>
 <node id="5504800132" visible="true" version="1" changeset="57526205" timestamp="2018-03-26T08:15:19Z" user="hieuvan" uid="2678766" lat="21.0856538" lon="105.8108819"/>
 <node id="5504800133" visible="true" version="2" changeset="106889665" timestamp="2021-06-24T09:46:27Z" user="vietnam321" uid="11196308" lat="21.0858084" lon="105.8107570"/>
 <node id="5504800134" visible="true" version="1" changeset="57526205" timestamp="2018-03-26T08:15:19Z" user="hieuvan" uid="2678766" lat="21.0851933" lon="105.8110079"/>
 <node id="5504800135" visible="true" version="1" changeset="57526205" timestamp="2018-03-26T08:15:19Z" user="hieuvan" uid="2678766" lat="21.0852534" lon="105.8102220"/>
 <node id="5504800136" visible="true" version="2" changeset="106889665" timestamp="2021-06-24T09:46:27Z" user="vietnam321" uid="11196308" lat="21.0856174" lon="105.8100443"/>
 <node id="5504800148" visible="true" version="5" changeset="135968281" timestamp="2023-05-11T09:26:03Z" user="GrabVN_QThoai" uid="15740602" lat="21.0830896" lon="105.8098844"/>
 <node id="5504800149" visible="true" version="3" changeset="72026497" timestamp="2019-07-08T18:43:36Z" user="user_8759590" uid="8759590" lat="21.0844166" lon="105.8099975"/>
 <node id="5504800150" visible="true" version="3" changeset="72026497" timestamp="2019-07-08T18:43:36Z" user="user_8759590" uid="8759590" lat="21.0844460" lon="105.8096964"/>
 <node id="5504800151" visible="true" version="2" changeset="72026497" timestamp="2019-07-08T18:43:36Z" user="user_8759590" uid="8759590" lat="21.0846352" lon="105.8097193"/>
 <node id="5504800162" visible="true" version="5" changeset="162765677" timestamp="2025-02-21T06:02:23Z" user="ZioDragon" uid="13799024" lat="21.0851264" lon="105.8041044"/>
 <node id="5504800164" visible="true" version="2" changeset="154477389" timestamp="2024-07-27T10:54:51Z" user="openmap-vn" uid="21213273" lat="21.0854542" lon="105.8044197"/>
 <node id="5525727607" visible="true" version="2" changeset="162765677" timestamp="2025-02-21T06:02:23Z" user="ZioDragon" uid="13799024" lat="21.0813010" lon="105.8142627"/>
 <node id="5525727609" visible="true" version="2" changeset="162765677" timestamp="2025-02-21T06:02:23Z" user="ZioDragon" uid="13799024" lat="21.0824204" lon="105.8139935"/>
 <node id="5525727610" visible="true" version="2" changeset="162765677" timestamp="2025-02-21T06:02:23Z" user="ZioDragon" uid="13799024" lat="21.0832311" lon="105.8136060"/>
 <node id="5529509714" visible="true" version="2" changeset="139853809" timestamp="2023-08-14T05:59:04Z" user="ItsLouisAnderson" uid="11691953" lat="21.0776303" lon="105.7902136"/>
 <node id="5684313867" visible="true" version="1" changeset="59766946" timestamp="2018-06-12T08:02:44Z" user="lakkarssu" uid="8196672" lat="21.0849280" lon="105.8117643"/>
 <node id="5686444962" visible="true" version="2" changeset="75967976" timestamp="2019-10-21T00:59:55Z" user="Bành Long" uid="10245831" lat="21.0788238" lon="105.7882101"/>
 <node id="5686565533" visible="true" version="2" changeset="72031088" timestamp="2019-07-08T21:49:48Z" user="Gr8fulDead" uid="9414390" lat="21.0780717" lon="105.7927166"/>
 <node id="5686565537" visible="true" version="2" changeset="72031088" timestamp="2019-07-08T21:49:48Z" user="Gr8fulDead" uid="9414390" lat="21.0784146" lon="105.7922563"/>
 <node id="5686565538" visible="true" version="2" changeset="72031088" timestamp="2019-07-08T21:49:48Z" user="Gr8fulDead" uid="9414390" lat="21.0785230" lon="105.7923023"/>
 <node id="5686565555" visible="true" version="2" changeset="72031088" timestamp="2019-07-08T21:49:48Z" user="Gr8fulDead" uid="9414390" lat="21.0780180" lon="105.7929870"/>
 <node id="5686598631" visible="true" version="3" changeset="92717557" timestamp="2020-10-19T15:23:30Z" user="ItsLouisAnderson" uid="11691953" lat="21.0771860" lon="105.8106593"/>
 <node id="5686598632" visible="true" version="2" changeset="72071634" timestamp="2019-07-09T21:54:52Z" user="Kaarti_B" uid="9029309" lat="21.0769206" lon="105.8113177"/>
 <node id="5686598633" visible="true" version="2" changeset="72071634" timestamp="2019-07-09T21:54:52Z" user="Kaarti_B" uid="9029309" lat="21.0769432" lon="105.8114156"/>
 <node id="5686598634" visible="true" version="4" changeset="104244671" timestamp="2021-05-06T10:39:34Z" user="kampa_sati" uid="11659601" lat="21.0778805" lon="105.8110186"/>
 <node id="5686598635" visible="true" version="2" changeset="72071634" timestamp="2019-07-09T21:54:52Z" user="Kaarti_B" uid="9029309" lat="21.0775989" lon="105.8117213"/>
 <node id="5686598636" visible="true" version="3" changeset="104244671" timestamp="2021-05-06T10:39:34Z" user="kampa_sati" uid="11659601" lat="21.0781871" lon="105.8112225"/>
 <node id="5686598637" visible="true" version="2" changeset="72071634" timestamp="2019-07-09T21:54:52Z" user="Kaarti_B" uid="9029309" lat="21.0779405" lon="105.8118837"/>
 <node id="5686598638" visible="true" version="2" changeset="72071634" timestamp="2019-07-09T21:54:52Z" user="Kaarti_B" uid="9029309" lat="21.0772474" lon="105.8115555"/>
 <node id="5686598639" visible="true" version="4" changeset="104244671" timestamp="2021-05-06T10:39:34Z" user="kampa_sati" uid="11659601" lat="21.0775034" lon="105.8109117"/>
 <node id="5686598640" visible="true" version="4" changeset="167913495" timestamp="2025-06-21T13:13:51Z" user="ZioDragon" uid="13799024" lat="21.0771708" lon="105.8117305"/>
 <node id="5686742697" visible="true" version="1" changeset="59797569" timestamp="2018-06-13T05:41:48Z" user="lakkarssu" uid="8196672" lat="21.0761235" lon="105.8104500"/>
 <node id="5686742698" visible="true" version="3" changeset="167913495" timestamp="2025-06-21T13:13:51Z" user="ZioDragon" uid="13799024" lat="21.0759135" lon="105.8110484"/>
 <node id="5686775401" visible="true" version="1" changeset="59798061" timestamp="2018-06-13T06:04:20Z" user="lakkarssu" uid="8196672" lat="21.0727548" lon="105.7899826"/>
 <node id="5686775404" visible="true" version="1" changeset="59798061" timestamp="2018-06-13T06:04:20Z" user="lakkarssu" uid="8196672" lat="21.0729127" lon="105.7902257"/>
 <node id="5690069994" visible="true" version="2" changeset="151800889" timestamp="2024-05-25T09:00:22Z" user="phoenixsaigon1698" uid="3323343" lat="21.0757062" lon="105.8002614">
  <tag k="noexit" v="yes"/>
 </node>
 <node id="5701100470" visible="true" version="2" changeset="94639566" timestamp="2020-11-23T12:58:15Z" user="Robert Knobloch" uid="11928550" lat="21.0755232" lon="105.8091237"/>
 <node id="5701100471" visible="true" version="2" changeset="94639566" timestamp="2020-11-23T12:58:15Z" user="Robert Knobloch" uid="11928550" lat="21.0753733" lon="105.8091174"/>
 <node id="5701100472" visible="true" version="3" changeset="106214490" timestamp="2021-06-11T12:26:38Z" user="y_rupi" uid="11589838" lat="21.0755658" lon="105.8086488"/>
 <node id="5701100473" visible="true" version="3" changeset="106214490" timestamp="2021-06-11T12:26:38Z" user="y_rupi" uid="11589838" lat="21.0756571" lon="105.8086179"/>
 <node id="5701100474" visible="true" version="3" changeset="106214490" timestamp="2021-06-11T12:26:38Z" user="y_rupi" uid="11589838" lat="21.0756826" lon="105.8086968"/>
 <node id="5701100476" visible="true" version="2" changeset="94639566" timestamp="2020-11-23T12:58:15Z" user="Robert Knobloch" uid="11928550" lat="21.0754181" lon="105.8091987"/>
 <node id="5701100489" visible="true" version="2" changeset="109647365" timestamp="2021-08-13T20:01:32Z" user="Robert Knobloch" uid="11928550" lat="21.0755726" lon="105.8094015"/>
 <node id="5820054211" visible="true" version="1" changeset="61494085" timestamp="2018-08-09T09:25:31Z" user="lavanya1" uid="8170077" lat="21.0875041" lon="105.8062252"/>
 <node id="5933680842" visible="true" version="4" changeset="175901136" timestamp="2025-12-13T22:24:26Z" user="pepsi_max2k" uid="14719801" lat="21.0820174" lon="105.7997260"/>
 <node id="6413743512" visible="true" version="5" changeset="115539705" timestamp="2021-12-29T22:09:42Z" user="Robert Knobloch" uid="11928550" lat="21.0765153" lon="105.7930516"/>
 <node id="6413743513" visible="true" version="3" changeset="148234499" timestamp="2024-03-05T06:07:29Z" user="phoenixsaigon1698" uid="3323343" lat="21.0769219" lon="105.7919757"/>
 <node id="6413743514" visible="true" version="2" changeset="148234499" timestamp="2024-03-05T06:07:29Z" user="phoenixsaigon1698" uid="3323343" lat="21.0772970" lon="105.7910138"/>
 <node id="6413743518" visible="true" version="3" changeset="148234499" timestamp="2024-03-05T06:07:29Z" user="phoenixsaigon1698" uid="3323343" lat="21.0768387" lon="105.7922140"/>
 <node id="6413743519" visible="true" version="2" changeset="148234499" timestamp="2024-03-05T06:07:29Z" user="phoenixsaigon1698" uid="3323343" lat="21.0770926" lon="105.7915485"/>
 <node id="6413743523" visible="true" version="3" changeset="148234499" timestamp="2024-03-05T06:07:29Z" user="phoenixsaigon1698" uid="3323343" lat="21.0766833" lon="105.7926096"/>
 <node id="6413743524" visible="true" version="2" changeset="148234499" timestamp="2024-03-05T06:07:29Z" user="phoenixsaigon1698" uid="3323343" lat="21.0769693" lon="105.7918586"/>
 <node id="6413743525" visible="true" version="2" changeset="72031088" timestamp="2019-07-08T21:49:48Z" user="Gr8fulDead" uid="9414390" lat="21.0775412" lon="105.7904153"/>
 <node id="6413747371" visible="true" version="2" changeset="148157902" timestamp="2024-03-03T09:21:59Z" user="phoenixsaigon1698" uid="3323343" lat="21.0761601" lon="105.7931621"/>
 <node id="6413747372" visible="true" version="3" changeset="148157902" timestamp="2024-03-03T09:21:59Z" user="phoenixsaigon1698" uid="3323343" lat="21.0763136" lon="105.7935791"/>
 <node id="6413747373" visible="true" version="3" changeset="148157902" timestamp="2024-03-03T09:21:59Z" user="phoenixsaigon1698" uid="3323343" lat="21.0760694" lon="105.7933309"/>
 <node id="6413747374" visible="true" version="3" changeset="148157902" timestamp="2024-03-03T09:21:59Z" user="phoenixsaigon1698" uid="3323343" lat="21.0764268" lon="105.7932740"/>
 <node id="6413747375" visible="true" version="2" changeset="148234499" timestamp="2024-03-05T06:07:29Z" user="phoenixsaigon1698" uid="3323343" lat="21.0760107" lon="105.7934405"/>
 <node id="6413747376" visible="true" version="5" changeset="148234499" timestamp="2024-03-05T06:07:29Z" user="phoenixsaigon1698" uid="3323343" lat="21.0763619" lon="105.7934524"/>
 <node id="6413763991" visible="true" version="5" changeset="148157902" timestamp="2024-03-03T09:21:59Z" user="phoenixsaigon1698" uid="3323343" lat="21.0756801" lon="105.7952250"/>
 <node id="6413763996" visible="true" version="2" changeset="72031556" timestamp="2019-07-08T22:16:24Z" user="Gr8fulDead" uid="9414390" lat="21.0757732" lon="105.7940659"/>
 <node id="6413763997" visible="true" version="1" changeset="69337982" timestamp="2019-04-18T10:01:40Z" user="Corban8" uid="4240913" lat="21.0756474" lon="105.7943797"/>
 <node id="6413763998" visible="true" version="4" changeset="148157902" timestamp="2024-03-03T09:21:59Z" user="phoenixsaigon1698" uid="3323343" lat="21.0753737" lon="105.7950879"/>
 <node id="6413764003" visible="true" version="4" changeset="148157902" timestamp="2024-03-03T09:21:59Z" user="phoenixsaigon1698" uid="3323343" lat="21.0760603" lon="105.7942002"/>
 <node id="6413764004" visible="true" version="2" changeset="115539705" timestamp="2021-12-29T22:09:42Z" user="Robert Knobloch" uid="11928550" lat="21.0759300" lon="105.7945494"/>
 <node id="6416926574" visible="true" version="2" changeset="152028346" timestamp="2024-05-30T10:51:50Z" user="ItsLouisAnderson" uid="11691953" lat="21.0837231" lon="105.8033405"/>
 <node id="6416926577" visible="true" version="3" changeset="154476699" timestamp="2024-07-27T10:34:08Z" user="openmap-vn" uid="21213273" lat="21.0827745" lon="105.8016201"/>
 <node id="6416967674" visible="true" version="4" changeset="162765677" timestamp="2025-02-21T06:02:23Z" user="ZioDragon" uid="13799024" lat="21.0856890" lon="105.7960555"/>
 <node id="6591771842" visible="true" version="2" changeset="106313178" timestamp="2021-06-14T06:42:10Z" user="ItsLouisAnderson" uid="11691953" lat="21.0785153" lon="105.7921359"/>
 <node id="6591777358" visible="true" version="1" changeset="71940549" timestamp="2019-07-05T17:36:43Z" user="_Poliwrath_" uid="8759140" lat="21.0750914" lon="105.8000797">
  <tag k="crossing" v="uncontrolled"/>
  <tag k="highway" v="crossing"/>
 </node>
 <node id="6591831972" visible="true" version="1" changeset="71940549" timestamp="2019-07-05T17:36:44Z" user="_Poliwrath_" uid="8759140" lat="21.0751913" lon="105.8001225">
  <tag k="crossing" v="uncontrolled"/>
  <tag k="highway" v="crossing"/>
 </node>
 <node id="6591831973" visible="true" version="3" changeset="162765677" timestamp="2025-02-21T06:02:23Z" user="ZioDragon" uid="13799024" lat="21.0753692" lon="105.8005239">
  <tag k="crossing" v="uncontrolled"/>
  <tag k="highway" v="crossing"/>
 </node>
 <node id="6591831974" visible="true" version="3" changeset="162765677" timestamp="2025-02-21T06:02:23Z" user="ZioDragon" uid="13799024" lat="21.0753175" lon="105.8006712">
  <tag k="crossing" v="uncontrolled"/>
  <tag k="highway" v="crossing"/>
 </node>
 <node id="6591854799" visible="true" version="1" changeset="71940665" timestamp="2019-07-05T17:39:59Z" user="user_8759590" uid="8759590" lat="21.0870909" lon="105.8092976">
  <tag k="crossing" v="uncontrolled"/>
  <tag k="highway" v="crossing"/>
 </node>
 <node id="6592106989" visible="true" version="2" changeset="162765677" timestamp="2025-02-21T06:02:23Z" user="ZioDragon" uid="13799024" lat="21.0840784" lon="105.8130776"/>
 <node id="6592106990" visible="true" version="2" changeset="162765677" timestamp="2025-02-21T06:02:23Z" user="ZioDragon" uid="13799024" lat="21.0841300" lon="105.8129430"/>
 <node id="6596981472" visible="true" version="2" changeset="72282230" timestamp="2019-07-15T21:38:05Z" user="mama_bear" uid="6980194" lat="21.0757631" lon="105.7947155">
  <tag k="addr:housenumber" v="543"/>
  <tag k="addr:street" v="Đường Nguyễn Hoàng Tôn"/>
 </node>
 <node id="6596981473" visible="true" version="2" changeset="72282230" timestamp="2019-07-15T21:38:05Z" user="mama_bear" uid="6980194" lat="21.0757763" lon="105.7946873">
  <tag k="addr:housenumber" v="547"/>
  <tag k="addr:street" v="Đường Nguyễn Hoàng Tôn"/>
 </node>
 <node id="6596999557" visible="true" version="2" changeset="148157902" timestamp="2024-03-03T09:21:59Z" user="phoenixsaigon1698" uid="3323343" lat="21.0756207" lon="105.7955888">
  <tag k="barrier" v="gate"/>
 </node>
 <node id="6597077254" visible="true" version="4" changeset="148158014" timestamp="2024-03-03T09:26:10Z" user="phoenixsaigon1698" uid="3323343" lat="21.0742492" lon="105.7989157">
  <tag k="crossing" v="uncontrolled"/>
  <tag k="crossing:markings" v="yes"/>
  <tag k="highway" v="crossing"/>
 </node>
 <node id="6597077261" visible="true" version="3" changeset="148036287" timestamp="2024-02-29T04:52:42Z" user="phoenixsaigon1698" uid="3323343" lat="21.0744388" lon="105.7984355"/>
 <node id="6597233108" visible="true" version="4" changeset="168123128" timestamp="2025-06-26T06:43:33Z" user="Hung Tran 9x0" uid="20910140" lat="21.0855668" lon="105.7973264"/>
 <node id="6597239936" visible="true" version="5" changeset="162765677" timestamp="2025-02-21T06:02:23Z" user="ZioDragon" uid="13799024" lat="21.0849855" lon="105.8010260">
  <tag k="access" v="permissive"/>
  <tag k="barrier" v="gate"/>
 </node>
 <node id="6597239937" visible="true" version="5" changeset="162765677" timestamp="2025-02-21T06:02:23Z" user="ZioDragon" uid="13799024" lat="21.0849854" lon="105.8008542">
  <tag k="access" v="permissive"/>
  <tag k="barrier" v="gate"/>
 </node>
 <node id="6597239941" visible="true" version="1" changeset="72026180" timestamp="2019-07-08T18:31:33Z" user="user_8759590" uid="8759590" lat="21.0847107" lon="105.8057872">
  <tag k="barrier" v="gate"/>
 </node>
 <node id="6597239942" visible="true" version="1" changeset="72026180" timestamp="2019-07-08T18:31:33Z" user="user_8759590" uid="8759590" lat="21.0845176" lon="105.8057642"/>
 <node id="6597239943" visible="true" version="1" changeset="72026180" timestamp="2019-07-08T18:31:33Z" user="user_8759590" uid="8759590" lat="21.0848167" lon="105.8057998"/>
 <node id="6597239944" visible="true" version="2" changeset="154476699" timestamp="2024-07-27T10:34:08Z" user="openmap-vn" uid="21213273" lat="21.0841122" lon="105.8051218"/>
 <node id="6597239945" visible="true" version="2" changeset="154476699" timestamp="2024-07-27T10:34:08Z" user="openmap-vn" uid="21213273" lat="21.0848765" lon="105.8051959"/>
 <node id="6597239946" visible="true" version="1" changeset="72026180" timestamp="2019-07-08T18:31:33Z" user="user_8759590" uid="8759590" lat="21.0848351" lon="105.8045209">
  <tag k="barrier" v="gate"/>
 </node>
 <node id="6597239947" visible="true" version="1" changeset="72026180" timestamp="2019-07-08T18:31:33Z" user="user_8759590" uid="8759590" lat="21.0845852" lon="105.8044928"/>
 <node id="6597239948" visible="true" version="1" changeset="72026180" timestamp="2019-07-08T18:31:33Z" user="user_8759590" uid="8759590" lat="21.0849413" lon="105.8045329"/>
 <node id="6597239949" visible="true" version="2" changeset="72026497" timestamp="2019-07-08T18:43:36Z" user="user_8759590" uid="8759590" lat="21.0849896" lon="105.8040225"/>
 <node id="6597280272" visible="true" version="1" changeset="72026497" timestamp="2019-07-08T18:43:36Z" user="user_8759590" uid="8759590" lat="21.0846044" lon="105.8100179"/>
 <node id="6597280273" visible="true" version="1" changeset="72026497" timestamp="2019-07-08T18:43:36Z" user="user_8759590" uid="8759590" lat="21.0841870" lon="105.8092227"/>
 <node id="6597280274" visible="true" version="1" changeset="72026497" timestamp="2019-07-08T18:43:36Z" user="user_8759590" uid="8759590" lat="21.0843779" lon="105.8092441">
  <tag k="barrier" v="gate"/>
 </node>
 <node id="6597280275" visible="true" version="1" changeset="72026497" timestamp="2019-07-08T18:43:36Z" user="user_8759590" uid="8759590" lat="21.0844813" lon="105.8092556"/>
 <node id="6597280277" visible="true" version="1" changeset="72026497" timestamp="2019-07-08T18:43:36Z" user="user_8759590" uid="8759590" lat="21.0844530" lon="105.8084274">
  <tag k="barrier" v="gate"/>
 </node>
 <node id="6597280278" visible="true" version="1" changeset="72026497" timestamp="2019-07-08T18:43:36Z" user="user_8759590" uid="8759590" lat="21.0845571" lon="105.8084390"/>
 <node id="6597309206" visible="true" version="1" changeset="72026337" timestamp="2019-07-08T18:37:20Z" user="user_8759590" uid="8759590" lat="21.0845827" lon="105.8071508">
  <tag k="barrier" v="gate"/>
 </node>
 <node id="6597309207" visible="true" version="1" changeset="72026337" timestamp="2019-07-08T18:37:20Z" user="user_8759590" uid="8759590" lat="21.0843918" lon="105.8071294"/>
 <node id="6597309208" visible="true" version="1" changeset="72026337" timestamp="2019-07-08T18:37:20Z" user="user_8759590" uid="8759590" lat="21.0846827" lon="105.8071620"/>
 <node id="6597309211" visible="true" version="1" changeset="72026337" timestamp="2019-07-08T18:37:20Z" user="user_8759590" uid="8759590" lat="21.0847211" lon="105.8036838"/>
 <node id="6597309212" visible="true" version="1" changeset="72026337" timestamp="2019-07-08T18:37:20Z" user="user_8759590" uid="8759590" lat="21.0849062" lon="105.8037058">
  <tag k="barrier" v="gate"/>
 </node>
 <node id="6597309213" visible="true" version="1" changeset="72026337" timestamp="2019-07-08T18:37:20Z" user="user_8759590" uid="8759590" lat="21.0850213" lon="105.8037195"/>
 <node id="6597309214" visible="true" version="1" changeset="72026337" timestamp="2019-07-08T18:37:20Z" user="user_8759590" uid="8759590" lat="21.0847987" lon="105.8029059"/>
 <node id="6597309215" visible="true" version="1" changeset="72026337" timestamp="2019-07-08T18:37:20Z" user="user_8759590" uid="8759590" lat="21.0849838" lon="105.8029280">
  <tag k="barrier" v="gate"/>
 </node>
 <node id="6597309216" visible="true" version="2" changeset="97732113" timestamp="2021-01-19T04:04:33Z" user="bhar_gavi" uid="11659052" lat="21.0850754" lon="105.8029470"/>
 <node id="6597309217" visible="true" version="1" changeset="72026337" timestamp="2019-07-08T18:37:20Z" user="user_8759590" uid="8759590" lat="21.0850819" lon="105.8018636">
  <tag k="barrier" v="gate"/>
 </node>
 <node id="6597406006" visible="true" version="1" changeset="72027916" timestamp="2019-07-08T19:37:14Z" user="user_8759590" uid="8759590" lat="21.0868414" lon="105.8094100"/>
 <node id="6597406009" visible="true" version="1" changeset="72027916" timestamp="2019-07-08T19:37:14Z" user="user_8759590" uid="8759590" lat="21.0865267" lon="105.8095518"/>
 <node id="6597406013" visible="true" version="1" changeset="72027916" timestamp="2019-07-08T19:37:14Z" user="user_8759590" uid="8759590" lat="21.0856231" lon="105.8099687"/>
 <node id="6597406016" visible="true" version="1" changeset="72027916" timestamp="2019-07-08T19:37:14Z" user="user_8759590" uid="8759590" lat="21.0853390" lon="105.8101029"/>
 <node id="6597406017" visible="true" version="1" changeset="72027916" timestamp="2019-07-08T19:37:14Z" user="user_8759590" uid="8759590" lat="21.0851433" lon="105.8109422"/>
 <node id="6597406018" visible="true" version="1" changeset="72027916" timestamp="2019-07-08T19:37:14Z" user="user_8759590" uid="8759590" lat="21.0852240" lon="105.8101572"/>
 <node id="6597406019" visible="true" version="1" changeset="72027916" timestamp="2019-07-08T19:37:14Z" user="user_8759590" uid="8759590" lat="21.0867759" lon="105.8094395">
  <tag k="crossing" v="uncontrolled"/>
  <tag k="highway" v="crossing"/>
 </node>
 <node id="6597406020" visible="true" version="1" changeset="72027916" timestamp="2019-07-08T19:37:14Z" user="user_8759590" uid="8759590" lat="21.0862136" lon="105.8096946">
  <tag k="crossing" v="uncontrolled"/>
  <tag k="highway" v="crossing"/>
 </node>
 <node id="6597406023" visible="true" version="1" changeset="72027916" timestamp="2019-07-08T19:37:14Z" user="user_8759590" uid="8759590" lat="21.0858282" lon="105.8098718"/>
 <node id="6597406024" visible="true" version="1" changeset="72027916" timestamp="2019-07-08T19:37:14Z" user="user_8759590" uid="8759590" lat="21.0853752" lon="105.8100858">
  <tag k="crossing" v="uncontrolled"/>
  <tag k="highway" v="crossing"/>
 </node>
 <node id="6597531052" visible="true" version="1" changeset="72031088" timestamp="2019-07-08T21:49:48Z" user="Gr8fulDead" uid="9414390" lat="21.0782959" lon="105.7925892"/>
 <node id="6597531053" visible="true" version="3" changeset="142333621" timestamp="2023-10-09T06:33:52Z" user="ItsLouisAnderson" uid="11691953" lat="21.0778918" lon="105.7932232"/>
 <node id="6597531059" visible="true" version="1" changeset="72031088" timestamp="2019-07-08T21:49:48Z" user="Gr8fulDead" uid="9414390" lat="21.0787671" lon="105.7917624"/>
 <node id="6597586071" visible="true" version="1" changeset="72031385" timestamp="2019-07-08T22:04:10Z" user="Gr8fulDead" uid="9414390" lat="21.0759650" lon="105.7935574"/>
 <node id="6597586072" visible="true" version="3" changeset="148157902" timestamp="2024-03-03T09:21:59Z" user="phoenixsaigon1698" uid="3323343" lat="21.0762697" lon="105.7936869"/>
 <node id="6597601860" visible="true" version="2" changeset="72282230" timestamp="2019-07-15T21:38:05Z" user="mama_bear" uid="6980194" lat="21.0761698" lon="105.7937244">
  <tag k="addr:housenumber" v="583"/>
  <tag k="addr:street" v="Đường Nguyễn Hoàng Tôn"/>
 </node>
 <node id="6597601861" visible="true" version="2" changeset="72282230" timestamp="2019-07-15T21:38:05Z" user="mama_bear" uid="6980194" lat="21.0761873" lon="105.7936835">
  <tag k="addr:housenumber" v="585"/>
  <tag k="addr:street" v="Đường Nguyễn Hoàng Tôn"/>
 </node>
 <node id="6600851127" visible="true" version="1" changeset="72067333" timestamp="2019-07-09T18:53:03Z" user="_Poliwrath_" uid="8759140" lat="21.0754833" lon="105.8096253">
  <tag k="traffic_calming" v="island"/>
 </node>
 <node id="6601220621" visible="true" version="1" changeset="72071634" timestamp="2019-07-09T21:54:52Z" user="Kaarti_B" uid="9029309" lat="21.0772260" lon="105.8116074">
  <tag k="barrier" v="gate"/>
 </node>
 <node id="6601220622" visible="true" version="2" changeset="152649614" timestamp="2024-06-13T20:44:20Z" user="Equate" uid="12945167" lat="21.0772103" lon="105.8116429">
  <tag k="crossing" v="uncontrolled"/>
  <tag k="crossing:island" v="no"/>
  <tag k="highway" v="crossing"/>
 </node>
 <node id="6601220623" visible="true" version="1" changeset="72071634" timestamp="2019-07-09T21:54:52Z" user="Kaarti_B" uid="9029309" lat="21.0769169" lon="105.8113714"/>
 <node id="6603145875" visible="true" version="2" changeset="106313178" timestamp="2021-06-14T06:42:10Z" user="ItsLouisAnderson" uid="11691953" lat="21.0771327" lon="105.7948250">
  <tag k="crossing" v="uncontrolled"/>
  <tag k="highway" v="crossing"/>
 </node>
 <node id="6603145876" visible="true" version="2" changeset="142333621" timestamp="2023-10-09T06:33:52Z" user="ItsLouisAnderson" uid="11691953" lat="21.0772157" lon="105.7948614">
  <tag k="crossing" v="uncontrolled"/>
  <tag k="highway" v="crossing"/>
 </node>
 <node id="6603145877" visible="true" version="1" changeset="72100244" timestamp="2019-07-10T15:20:18Z" user="_Poliwrath_" uid="8759140" lat="21.0755450" lon="105.7991889">
  <tag k="traffic_calming" v="rumble_strip"/>
 </node>
 <node id="6603145879" visible="true" version="1" changeset="72100244" timestamp="2019-07-10T15:20:18Z" user="_Poliwrath_" uid="8759140" lat="21.0756199" lon="105.7987477">
  <tag k="crossing" v="uncontrolled"/>
  <tag k="highway" v="crossing"/>
 </node>
 <node id="6603145880" visible="true" version="1" changeset="72100244" timestamp="2019-07-10T15:20:18Z" user="_Poliwrath_" uid="8759140" lat="21.0757007" lon="105.7987802">
  <tag k="crossing" v="uncontrolled"/>
  <tag k="highway" v="crossing"/>
 </node>
 <node id="6603145881" visible="true" version="1" changeset="72100244" timestamp="2019-07-10T15:20:18Z" user="_Poliwrath_" uid="8759140" lat="21.0766930" lon="105.7959809">
  <tag k="crossing" v="uncontrolled"/>
  <tag k="highway" v="crossing"/>
 </node>
 <node id="6603145882" visible="true" version="2" changeset="109647365" timestamp="2021-08-13T20:01:32Z" user="Robert Knobloch" uid="11928550" lat="21.0767788" lon="105.7960171">
  <tag k="crossing" v="uncontrolled"/>
  <tag k="highway" v="crossing"/>
 </node>
 <node id="6603159175" visible="true" version="3" changeset="100099973" timestamp="2021-02-27T14:23:17Z" user="ItsLouisAnderson" uid="11691953" lat="21.0783442" lon="105.7930823"/>
 <node id="6603159176" visible="true" version="3" changeset="100099973" timestamp="2021-02-27T14:23:17Z" user="ItsLouisAnderson" uid="11691953" lat="21.0781932" lon="105.7930277"/>
 <node id="6603159177" visible="true" version="3" changeset="100099973" timestamp="2021-02-27T14:23:17Z" user="ItsLouisAnderson" uid="11691953" lat="21.0785529" lon="105.7930673"/>
 <node id="6603159178" visible="true" version="3" changeset="100099973" timestamp="2021-02-27T14:23:17Z" user="ItsLouisAnderson" uid="11691953" lat="21.0785363" lon="105.7931199"/>
 <node id="6603159179" visible="true" version="3" changeset="100099973" timestamp="2021-02-27T14:23:17Z" user="ItsLouisAnderson" uid="11691953" lat="21.0785608" lon="105.7934355"/>
 <node id="6603159180" visible="true" version="3" changeset="100099973" timestamp="2021-02-27T14:23:17Z" user="ItsLouisAnderson" uid="11691953" lat="21.0784028" lon="105.7934302"/>
 <node id="6603159181" visible="true" version="3" changeset="100099973" timestamp="2021-02-27T14:23:17Z" user="ItsLouisAnderson" uid="11691953" lat="21.0782614" lon="105.7933023"/>
 <node id="6603159182" visible="true" version="3" changeset="100099973" timestamp="2021-02-27T14:23:17Z" user="ItsLouisAnderson" uid="11691953" lat="21.0782397" lon="105.7933713"/>
 <node id="6603159183" visible="true" version="3" changeset="100099973" timestamp="2021-02-27T14:23:17Z" user="ItsLouisAnderson" uid="11691953" lat="21.0781226" lon="105.7932522"/>
 <node id="6603159184" visible="true" version="3" changeset="100099973" timestamp="2021-02-27T14:23:17Z" user="ItsLouisAnderson" uid="11691953" lat="21.0784174" lon="105.7933837"/>
 <node id="6603163389" visible="true" version="4" changeset="138210986" timestamp="2023-07-07T03:55:48Z" user="Arkskyle" uid="17344224" lat="21.0758372" lon="105.7989610">
  <tag k="access" v="no"/>
  <tag k="barrier" v="gate"/>
  <tag k="material" v="metal"/>
 </node>
 <node id="6603163390" visible="true" version="5" changeset="144777253" timestamp="2023-12-05T04:36:47Z" user="GrabVN_Ngaan" uid="14519322" lat="21.0763205" lon="105.7975617">
  <tag k="access" v="permissive"/>
  <tag k="barrier" v="gate"/>
  <tag k="material" v="metal"/>
 </node>
 <node id="6603163391" visible="true" version="3" changeset="134258212" timestamp="2023-03-29T11:18:12Z" user="Arkskyle" uid="17344224" lat="21.0768814" lon="105.7962008">
  <tag k="access" v="permissive"/>
  <tag k="barrier" v="gate"/>
  <tag k="material" v="metal"/>
 </node>
 <node id="6603163392" visible="true" version="1" changeset="72099891" timestamp="2019-07-10T15:11:31Z" user="_Poliwrath_" uid="8759140" lat="21.0786989" lon="105.7952258"/>
 <node id="6603163393" visible="true" version="1" changeset="72099891" timestamp="2019-07-10T15:11:31Z" user="_Poliwrath_" uid="8759140" lat="21.0786092" lon="105.7952722"/>
 <node id="6603163394" visible="true" version="1" changeset="72099891" timestamp="2019-07-10T15:11:31Z" user="_Poliwrath_" uid="8759140" lat="21.0786563" lon="105.7952541"/>
 <node id="6603163395" visible="true" version="1" changeset="72099891" timestamp="2019-07-10T15:11:31Z" user="_Poliwrath_" uid="8759140" lat="21.0795104" lon="105.7930230"/>
 <node id="6603190385" visible="true" version="3" changeset="100099973" timestamp="2021-02-27T14:23:17Z" user="ItsLouisAnderson" uid="11691953" lat="21.0786474" lon="105.7931601"/>
 <node id="6603190386" visible="true" version="3" changeset="100099973" timestamp="2021-02-27T14:23:17Z" user="ItsLouisAnderson" uid="11691953" lat="21.0783697" lon="105.7930011"/>
 <node id="6603247220" visible="true" version="3" changeset="148234499" timestamp="2024-03-05T06:07:29Z" user="phoenixsaigon1698" uid="3323343" lat="21.0779809" lon="105.7893813"/>
 <node id="6603250070" visible="true" version="1" changeset="72101448" timestamp="2019-07-10T15:56:25Z" user="_Poliwrath_" uid="8759140" lat="21.0794891" lon="105.7929583"/>
 <node id="6603250071" visible="true" version="1" changeset="72101448" timestamp="2019-07-10T15:56:25Z" user="_Poliwrath_" uid="8759140" lat="21.0795213" lon="105.7930921"/>
 <node id="6603250072" visible="true" version="1" changeset="72101448" timestamp="2019-07-10T15:56:25Z" user="_Poliwrath_" uid="8759140" lat="21.0787162" lon="105.7952095"/>
 <node id="6603250073" visible="true" version="1" changeset="72101448" timestamp="2019-07-10T15:56:25Z" user="_Poliwrath_" uid="8759140" lat="21.0786795" lon="105.7952406"/>
 <node id="6603250074" visible="true" version="1" changeset="72101448" timestamp="2019-07-10T15:56:25Z" user="_Poliwrath_" uid="8759140" lat="21.0786344" lon="105.7952633"/>
 <node id="6603250075" visible="true" version="1" changeset="72101448" timestamp="2019-07-10T15:56:25Z" user="_Poliwrath_" uid="8759140" lat="21.0785862" lon="105.7952801"/>
 <node id="6603250076" visible="true" version="3" changeset="162765677" timestamp="2025-02-21T06:02:23Z" user="ZioDragon" uid="13799024" lat="21.0758366" lon="105.8009015">
  <tag k="traffic_calming" v="rumble_strip"/>
 </node>
 <node id="6603250077" visible="true" version="2" changeset="162765677" timestamp="2025-02-21T06:02:23Z" user="ZioDragon" uid="13799024" lat="21.0754500" lon="105.8005715">
  <tag k="traffic_calming" v="rumble_strip"/>
 </node>
 <node id="6603704556" visible="true" version="1" changeset="72108218" timestamp="2019-07-10T19:14:57Z" user="_Poliwrath_" uid="8759140" lat="21.0762199" lon="105.7976529"/>
 <node id="6603704557" visible="true" version="1" changeset="72108218" timestamp="2019-07-10T19:14:57Z" user="_Poliwrath_" uid="8759140" lat="21.0767761" lon="105.7961854"/>
 <node id="6603704558" visible="true" version="1" changeset="72108218" timestamp="2019-07-10T19:14:57Z" user="_Poliwrath_" uid="8759140" lat="21.0771090" lon="105.7963382"/>
 <node id="6603704559" visible="true" version="1" changeset="72108218" timestamp="2019-07-10T19:14:57Z" user="_Poliwrath_" uid="8759140" lat="21.0769582" lon="105.7962705"/>
 <node id="6603704560" visible="true" version="1" changeset="72108218" timestamp="2019-07-10T19:14:57Z" user="_Poliwrath_" uid="8759140" lat="21.0772053" lon="105.7964274"/>
 <node id="6603704561" visible="true" version="1" changeset="72108218" timestamp="2019-07-10T19:14:57Z" user="_Poliwrath_" uid="8759140" lat="21.0757143" lon="105.7989655"/>
 <node id="6603784877" visible="true" version="1" changeset="72109423" timestamp="2019-07-10T19:53:20Z" user="_Poliwrath_" uid="8759140" lat="21.0758579" lon="105.8000518"/>
 <node id="6610981025" visible="true" version="1" changeset="72197917" timestamp="2019-07-12T21:08:02Z" user="MTBdude" uid="9564561" lat="21.0760024" lon="105.7941191">
  <tag k="addr:housenumber" v="571"/>
  <tag k="addr:street" v="Đường Nguyễn Hoàng Tôn"/>
 </node>
 <node id="6616673348" visible="true" version="1" changeset="72268228" timestamp="2019-07-15T14:26:26Z" user="MTBdude" uid="9564561" lat="21.0752044" lon="105.7933027"/>
 <node id="6617634310" visible="true" version="3" changeset="167913495" timestamp="2025-06-21T13:13:51Z" user="ZioDragon" uid="13799024" lat="21.0753474" lon="105.8108063"/>
 <node id="6617737141" visible="true" version="2" changeset="92717557" timestamp="2020-10-19T15:23:30Z" user="ItsLouisAnderson" uid="11691953" lat="21.0769032" lon="105.8102851"/>
 <node id="6617737142" visible="true" version="3" changeset="167913495" timestamp="2025-06-21T13:13:51Z" user="ZioDragon" uid="13799024" lat="21.0764894" lon="105.8113230"/>
 <node id="6617737143" visible="true" version="2" changeset="92717557" timestamp="2020-10-19T15:23:30Z" user="ItsLouisAnderson" uid="11691953" lat="21.0770377" lon="105.8103473"/>
 <node id="6617737144" visible="true" version="2" changeset="167913495" timestamp="2025-06-21T13:13:51Z" user="ZioDragon" uid="13799024" lat="21.0766290" lon="105.8114057"/>
 <node id="6666351431" visible="true" version="1" changeset="72863866" timestamp="2019-07-31T16:08:18Z" user="Baconcrisp" uid="3778777" lat="21.0790288" lon="105.8096607"/>
 <node id="6666351432" visible="true" version="1" changeset="72863866" timestamp="2019-07-31T16:08:18Z" user="Baconcrisp" uid="3778777" lat="21.0790737" lon="105.8095372"/>
 <node id="6694147523" visible="true" version="3" changeset="100099973" timestamp="2021-02-27T14:23:17Z" user="ItsLouisAnderson" uid="11691953" lat="21.0791185" lon="105.7927466"/>
 <node id="6694147524" visible="true" version="3" changeset="100099973" timestamp="2021-02-27T14:23:17Z" user="ItsLouisAnderson" uid="11691953" lat="21.0788935" lon="105.7926583"/>
 <node id="6694147525" visible="true" version="3" changeset="100099973" timestamp="2021-02-27T14:23:17Z" user="ItsLouisAnderson" uid="11691953" lat="21.0788473" lon="105.7927934"/>
 <node id="6694147526" visible="true" version="3" changeset="100099973" timestamp="2021-02-27T14:23:17Z" user="ItsLouisAnderson" uid="11691953" lat="21.0787935" lon="105.7927722"/>
 <node id="6694147527" visible="true" version="3" changeset="100099973" timestamp="2021-02-27T14:23:17Z" user="ItsLouisAnderson" uid="11691953" lat="21.0787370" lon="105.7929373"/>
 <node id="6694147528" visible="true" version="3" changeset="100099973" timestamp="2021-02-27T14:23:17Z" user="ItsLouisAnderson" uid="11691953" lat="21.0787914" lon="105.7929586"/>
 <node id="6694147529" visible="true" version="3" changeset="100099973" timestamp="2021-02-27T14:23:17Z" user="ItsLouisAnderson" uid="11691953" lat="21.0787360" lon="105.7931208"/>
 <node id="6694147530" visible="true" version="3" changeset="100099973" timestamp="2021-02-27T14:23:17Z" user="ItsLouisAnderson" uid="11691953" lat="21.0789650" lon="105.7932106"/>
 <node id="6694147531" visible="true" version="3" changeset="100099973" timestamp="2021-02-27T14:23:17Z" user="ItsLouisAnderson" uid="11691953" lat="21.0790156" lon="105.7930624"/>
 <node id="6694147532" visible="true" version="3" changeset="100099973" timestamp="2021-02-27T14:23:17Z" user="ItsLouisAnderson" uid="11691953" lat="21.0791002" lon="105.7930955"/>
 <node id="6694147533" visible="true" version="3" changeset="100099973" timestamp="2021-02-27T14:23:17Z" user="ItsLouisAnderson" uid="11691953" lat="21.0791625" lon="105.7929132"/>
 <node id="6694147534" visible="true" version="3" changeset="100099973" timestamp="2021-02-27T14:23:17Z" user="ItsLouisAnderson" uid="11691953" lat="21.0790735" lon="105.7928783"/>
 <node id="6901336673" visible="true" version="5" changeset="162765677" timestamp="2025-02-21T06:02:23Z" user="ZioDragon" uid="13799024" lat="21.0842785" lon="105.7972182"/>
 <node id="6901336684" visible="true" version="3" changeset="162765677" timestamp="2025-02-21T06:02:23Z" user="ZioDragon" uid="13799024" lat="21.0843787" lon="105.7930235"/>
 <node id="6901345603" visible="true" version="4" changeset="162765677" timestamp="2025-02-21T06:02:23Z" user="ZioDragon" uid="13799024" lat="21.0839674" lon="105.7929904"/>
 <node id="6901365353" visible="true" version="2" changeset="145007080" timestamp="2023-12-11T16:49:56Z" user="ItsLouisAnderson" uid="11691953" lat="21.0824105" lon="105.8061897"/>
 <node id="6901365354" visible="true" version="2" changeset="145007080" timestamp="2023-12-11T16:49:56Z" user="ItsLouisAnderson" uid="11691953" lat="21.0823604" lon="105.8067292"/>
 <node id="6901365355" visible="true" version="2" changeset="145007080" timestamp="2023-12-11T16:49:56Z" user="ItsLouisAnderson" uid="11691953" lat="21.0823036" lon="105.8061828"/>
 <node id="6901365356" visible="true" version="2" changeset="145007080" timestamp="2023-12-11T16:49:56Z" user="ItsLouisAnderson" uid="11691953" lat="21.0822546" lon="105.8067171"/>
 <node id="6901365359" visible="true" version="3" changeset="145007080" timestamp="2023-12-11T16:49:56Z" user="ItsLouisAnderson" uid="11691953" lat="21.0826511" lon="105.8083645"/>
 <node id="6901365362" visible="true" version="3" changeset="145007080" timestamp="2023-12-11T16:49:56Z" user="ItsLouisAnderson" uid="11691953" lat="21.0829889" lon="105.8098708"/>
 <node id="6901365364" visible="true" version="7" changeset="162383912" timestamp="2025-02-11T10:08:15Z" user="corinag_grab" uid="10664140" lat="21.0784981" lon="105.8010887">
  <tag k="access" v="permissive"/>
  <tag k="barrier" v="gate"/>
 </node>
 <node id="6901365365" visible="true" version="4" changeset="152664289" timestamp="2024-06-14T08:04:11Z" user="Grab_Cong" uid="18820325" lat="21.0783822" lon="105.8005158"/>
 <node id="6901365366" visible="true" version="4" changeset="175901136" timestamp="2025-12-13T22:24:26Z" user="pepsi_max2k" uid="14719801" lat="21.0786279" lon="105.8004376"/>
 <node id="6901365368" visible="true" version="3" changeset="109818084" timestamp="2021-08-17T14:52:25Z" user="Robert Knobloch" uid="11928550" lat="21.0783975" lon="105.7987564"/>
 <node id="6901365369" visible="true" version="1" changeset="75968561" timestamp="2019-10-21T01:37:53Z" user="Bành Long" uid="10245831" lat="21.0786286" lon="105.7981470"/>
 <node id="6901365370" visible="true" version="1" changeset="75968561" timestamp="2019-10-21T01:37:53Z" user="Bành Long" uid="10245831" lat="21.0777577" lon="105.8002874"/>
 <node id="6901365371" visible="true" version="1" changeset="75968561" timestamp="2019-10-21T01:37:53Z" user="Bành Long" uid="10245831" lat="21.0777877" lon="105.8004537"/>
 <node id="6901365372" visible="true" version="1" changeset="75968561" timestamp="2019-10-21T01:37:53Z" user="Bành Long" uid="10245831" lat="21.0779529" lon="105.8005449"/>
 <node id="6901365373" visible="true" version="1" changeset="75968561" timestamp="2019-10-21T01:37:53Z" user="Bành Long" uid="10245831" lat="21.0781581" lon="105.8005503"/>
 <node id="6901365376" visible="true" version="4" changeset="162765677" timestamp="2025-02-21T06:02:23Z" user="ZioDragon" uid="13799024" lat="21.0834592" lon="105.8007143"/>
 <node id="6901453298" visible="true" version="2" changeset="97747305" timestamp="2021-01-19T07:46:01Z" user="bhar_gavi" uid="11659052" lat="21.0818819" lon="105.8004573"/>
 <node id="7213652209" visible="true" version="2" changeset="98163377" timestamp="2021-01-26T11:29:48Z" user="ItsLouisAnderson" uid="11691953" lat="21.0863660" lon="105.7876968"/>
 <node id="7904325975" visible="true" version="1" changeset="90851244" timestamp="2020-09-14T08:18:15Z" user="hieuvan" uid="2678766" lat="21.0788672" lon="105.7881855"/>
 <node id="8018685693" visible="true" version="2" changeset="145007080" timestamp="2023-12-11T16:49:56Z" user="ItsLouisAnderson" uid="11691953" lat="21.0839937" lon="105.8104227"/>
 <node id="8018685694" visible="true" version="2" changeset="145007080" timestamp="2023-12-11T16:49:56Z" user="ItsLouisAnderson" uid="11691953" lat="21.0837103" lon="105.8103967"/>
 <node id="8018685695" visible="true" version="2" changeset="145007080" timestamp="2023-12-11T16:49:56Z" user="ItsLouisAnderson" uid="11691953" lat="21.0837328" lon="105.8101135"/>
 <node id="8018685696" visible="true" version="2" changeset="145007080" timestamp="2023-12-11T16:49:56Z" user="ItsLouisAnderson" uid="11691953" lat="21.0840163" lon="105.8101394"/>
 <node id="8018685697" visible="true" version="2" changeset="145007080" timestamp="2023-12-11T16:49:56Z" user="ItsLouisAnderson" uid="11691953" lat="21.0838504" lon="105.8104096"/>
 <node id="8018685698" visible="true" version="2" changeset="145007080" timestamp="2023-12-11T16:49:56Z" user="ItsLouisAnderson" uid="11691953" lat="21.0838287" lon="105.8106654"/>
 <node id="8018685699" visible="true" version="2" changeset="145007080" timestamp="2023-12-11T16:49:56Z" user="ItsLouisAnderson" uid="11691953" lat="21.0841155" lon="105.8106934"/>
 <node id="8018685700" visible="true" version="2" changeset="145007080" timestamp="2023-12-11T16:49:56Z" user="ItsLouisAnderson" uid="11691953" lat="21.0841373" lon="105.8104369"/>
 <node id="8018685701" visible="true" version="4" changeset="174875352" timestamp="2025-11-19T19:26:33Z" user="Trần Thanh Tuấn" uid="16014056" lat="21.0842744" lon="105.8107459"/>
 <node id="8018685702" visible="true" version="5" changeset="174875352" timestamp="2025-11-19T19:26:33Z" user="Trần Thanh Tuấn" uid="16014056" lat="21.0836144" lon="105.8106776"/>
 <node id="8018685703" visible="true" version="3" changeset="145007080" timestamp="2023-12-11T16:49:56Z" user="ItsLouisAnderson" uid="11691953" lat="21.0836735" lon="105.8100372"/>
 <node id="8018685704" visible="true" version="1" changeset="92659155" timestamp="2020-10-18T14:43:51Z" user="ItsLouisAnderson" uid="11691953" lat="21.0832782" lon="105.8100000"/>
 <node id="8018685705" visible="true" version="1" changeset="92659155" timestamp="2020-10-18T14:43:51Z" user="ItsLouisAnderson" uid="11691953" lat="21.0831241" lon="105.8101085"/>
 <node id="8018685706" visible="true" version="1" changeset="92659155" timestamp="2020-10-18T14:43:51Z" user="ItsLouisAnderson" uid="11691953" lat="21.0829000" lon="105.8123650"/>
 <node id="8018685707" visible="true" version="2" changeset="162765677" timestamp="2025-02-21T06:02:23Z" user="ZioDragon" uid="13799024" lat="21.0841400" lon="105.8125041"/>
 <node id="8018685733" visible="true" version="2" changeset="139871398" timestamp="2023-08-14T13:10:51Z" user="ItsLouisAnderson" uid="11691953" lat="21.0834364" lon="105.8119113"/>
 <node id="8018685734" visible="true" version="2" changeset="139871398" timestamp="2023-08-14T13:10:51Z" user="ItsLouisAnderson" uid="11691953" lat="21.0836024" lon="105.8099230"/>
 <node id="8018685735" visible="true" version="2" changeset="162765677" timestamp="2025-02-21T06:02:23Z" user="ZioDragon" uid="13799024" lat="21.0843029" lon="105.8113965"/>
 <node id="8018685736" visible="true" version="2" changeset="139871398" timestamp="2023-08-14T13:10:51Z" user="ItsLouisAnderson" uid="11691953" lat="21.0834917" lon="105.8113177"/>
 <node id="8018685737" visible="true" version="2" changeset="135968281" timestamp="2023-05-11T09:26:03Z" user="GrabVN_QThoai" uid="15740602" lat="21.0828678" lon="105.8112573"/>
 <node id="8022389022" visible="true" version="1" changeset="92717557" timestamp="2020-10-19T15:23:30Z" user="ItsLouisAnderson" uid="11691953" lat="21.0769706" lon="105.8103304"/>
 <node id="8022389023" visible="true" version="1" changeset="92717557" timestamp="2020-10-19T15:23:30Z" user="ItsLouisAnderson" uid="11691953" lat="21.0770776" lon="105.8103573"/>
 <node id="8022389024" visible="true" version="1" changeset="92717557" timestamp="2020-10-19T15:23:30Z" user="ItsLouisAnderson" uid="11691953" lat="21.0771868" lon="105.8103441"/>
 <node id="8022389025" visible="true" version="1" changeset="92717557" timestamp="2020-10-19T15:23:30Z" user="ItsLouisAnderson" uid="11691953" lat="21.0772854" lon="105.8102922"/>
 <node id="8022389026" visible="true" version="1" changeset="92717557" timestamp="2020-10-19T15:23:30Z" user="ItsLouisAnderson" uid="11691953" lat="21.0773620" lon="105.8102077"/>
 <node id="8022389027" visible="true" version="1" changeset="92717557" timestamp="2020-10-19T15:23:30Z" user="ItsLouisAnderson" uid="11691953" lat="21.0774075" lon="105.8101005"/>
 <node id="8022389028" visible="true" version="1" changeset="92717557" timestamp="2020-10-19T15:23:30Z" user="ItsLouisAnderson" uid="11691953" lat="21.0774168" lon="105.8099832"/>
 <node id="8022389029" visible="true" version="1" changeset="92717557" timestamp="2020-10-19T15:23:30Z" user="ItsLouisAnderson" uid="11691953" lat="21.0773886" lon="105.8098694"/>
 <node id="8022389030" visible="true" version="1" changeset="92717557" timestamp="2020-10-19T15:23:30Z" user="ItsLouisAnderson" uid="11691953" lat="21.0773263" lon="105.8097724"/>
 <node id="8022389031" visible="true" version="1" changeset="92717557" timestamp="2020-10-19T15:23:30Z" user="ItsLouisAnderson" uid="11691953" lat="21.0771315" lon="105.8096709"/>
 <node id="8022389032" visible="true" version="1" changeset="92717557" timestamp="2020-10-19T15:23:30Z" user="ItsLouisAnderson" uid="11691953" lat="21.0770303" lon="105.8096762"/>
 <node id="8022389033" visible="true" version="1" changeset="92717557" timestamp="2020-10-19T15:23:30Z" user="ItsLouisAnderson" uid="11691953" lat="21.0769357" lon="105.8097150"/>
 <node id="8022389034" visible="true" version="1" changeset="92717557" timestamp="2020-10-19T15:23:30Z" user="ItsLouisAnderson" uid="11691953" lat="21.0768570" lon="105.8097835"/>
 <node id="8022389035" visible="true" version="1" changeset="92717557" timestamp="2020-10-19T15:23:30Z" user="ItsLouisAnderson" uid="11691953" lat="21.0768022" lon="105.8098747"/>
 <node id="8022389036" visible="true" version="1" changeset="92717557" timestamp="2020-10-19T15:23:30Z" user="ItsLouisAnderson" uid="11691953" lat="21.0767765" lon="105.8099798"/>
 <node id="8022389037" visible="true" version="1" changeset="92717557" timestamp="2020-10-19T15:23:30Z" user="ItsLouisAnderson" uid="11691953" lat="21.0767827" lon="105.8100882"/>
 <node id="8022389038" visible="true" version="1" changeset="92717557" timestamp="2020-10-19T15:23:30Z" user="ItsLouisAnderson" uid="11691953" lat="21.0768200" lon="105.8101892"/>
 <node id="8022389039" visible="true" version="1" changeset="92717557" timestamp="2020-10-19T15:23:30Z" user="ItsLouisAnderson" uid="11691953" lat="21.0768848" lon="105.8102727"/>
 <node id="8022389040" visible="true" version="1" changeset="92717557" timestamp="2020-10-19T15:23:30Z" user="ItsLouisAnderson" uid="11691953" lat="21.0772371" lon="105.8097035"/>
 <node id="8022389041" visible="true" version="1" changeset="92717557" timestamp="2020-10-19T15:23:30Z" user="ItsLouisAnderson" uid="11691953" lat="21.0768661" lon="105.8103794"/>
 <node id="8022389042" visible="true" version="1" changeset="92717557" timestamp="2020-10-19T15:23:30Z" user="ItsLouisAnderson" uid="11691953" lat="21.0770016" lon="105.8104387"/>
 <node id="8022389044" visible="true" version="1" changeset="92717557" timestamp="2020-10-19T15:23:30Z" user="ItsLouisAnderson" uid="11691953" lat="21.0784665" lon="105.8111728"/>
 <node id="8022389055" visible="true" version="1" changeset="92717557" timestamp="2020-10-19T15:23:30Z" user="ItsLouisAnderson" uid="11691953" lat="21.0841735" lon="105.8100875"/>
 <node id="8022389056" visible="true" version="1" changeset="92717557" timestamp="2020-10-19T15:23:30Z" user="ItsLouisAnderson" uid="11691953" lat="21.0843222" lon="105.8102144"/>
 <node id="8154316210" visible="true" version="4" changeset="110807120" timestamp="2021-09-06T14:28:47Z" user="Robert Knobloch" uid="11928550" lat="21.0770980" lon="105.7977659"/>
 <node id="8154316211" visible="true" version="4" changeset="110807120" timestamp="2021-09-06T14:28:47Z" user="Robert Knobloch" uid="11928550" lat="21.0769916" lon="105.7980179"/>
 <node id="8154316212" visible="true" version="4" changeset="110807120" timestamp="2021-09-06T14:28:47Z" user="Robert Knobloch" uid="11928550" lat="21.0766823" lon="105.7978839"/>
 <node id="8154316213" visible="true" version="4" changeset="110807120" timestamp="2021-09-06T14:28:47Z" user="Robert Knobloch" uid="11928550" lat="21.0767807" lon="105.7976279"/>
 <node id="8178818148" visible="true" version="2" changeset="113901173" timestamp="2021-11-17T14:34:34Z" user="Robert Knobloch" uid="11928550" lat="21.0765314" lon="105.7993724"/>
 <node id="8292737819" visible="true" version="1" changeset="96962469" timestamp="2021-01-05T08:42:20Z" user="thevivotran" uid="8955765" lat="21.0753226" lon="105.7934046"/>
 <node id="8298863947" visible="true" version="2" changeset="152028346" timestamp="2024-05-30T10:51:50Z" user="ItsLouisAnderson" uid="11691953" lat="21.0837126" lon="105.8034399"/>
 <node id="8298863948" visible="true" version="1" changeset="97082528" timestamp="2021-01-07T04:52:51Z" user="thevivotran" uid="8955765" lat="21.0836166" lon="105.8034287"/>
 <node id="8298863949" visible="true" version="1" changeset="97082528" timestamp="2021-01-07T04:52:51Z" user="thevivotran" uid="8955765" lat="21.0830734" lon="105.8033606"/>
 <node id="8298863951" visible="true" version="1" changeset="97082528" timestamp="2021-01-07T04:52:51Z" user="thevivotran" uid="8955765" lat="21.0836247" lon="105.8033302"/>
 <node id="8298863952" visible="true" version="1" changeset="97082528" timestamp="2021-01-07T04:52:51Z" user="thevivotran" uid="8955765" lat="21.0830829" lon="105.8032595"/>
 <node id="8298863954" visible="true" version="2" changeset="97732970" timestamp="2021-01-19T04:20:05Z" user="bhar_gavi" uid="11659052" lat="21.0832340" lon="105.8016573"/>
 <node id="8298863955" visible="true" version="1" changeset="97082528" timestamp="2021-01-07T04:52:51Z" user="thevivotran" uid="8955765" lat="21.0831311" lon="105.8027467"/>
 <node id="8298863956" visible="true" version="2" changeset="154476699" timestamp="2024-07-27T10:34:08Z" user="openmap-vn" uid="21213273" lat="21.0826598" lon="105.8027194"/>
 <node id="8298863958" visible="true" version="1" changeset="97082528" timestamp="2021-01-07T04:52:51Z" user="thevivotran" uid="8955765" lat="21.0829834" lon="105.8043007"/>
 <node id="8298863959" visible="true" version="2" changeset="154476699" timestamp="2024-07-27T10:34:08Z" user="openmap-vn" uid="21213273" lat="21.0829240" lon="105.8049795"/>
 <node id="8298863961" visible="true" version="2" changeset="154476699" timestamp="2024-07-27T10:34:08Z" user="openmap-vn" uid="21213273" lat="21.0824640" lon="105.8049277"/>
 <node id="8298863962" visible="true" version="3" changeset="154476699" timestamp="2024-07-27T10:34:08Z" user="openmap-vn" uid="21213273" lat="21.0834611" lon="105.8050447"/>
 <node id="8298863963" visible="true" version="4" changeset="154476699" timestamp="2024-07-27T10:34:08Z" user="openmap-vn" uid="21213273" lat="21.0835547" lon="105.8050587"/>
 <node id="8298863964" visible="true" version="2" changeset="145007080" timestamp="2023-12-11T16:49:56Z" user="ItsLouisAnderson" uid="11691953" lat="21.0812183" lon="105.8082089"/>
 <node id="8298864067" visible="true" version="1" changeset="97082528" timestamp="2021-01-07T04:52:51Z" user="thevivotran" uid="8955765" lat="21.0868170" lon="105.8064870"/>
 <node id="8298864069" visible="true" version="1" changeset="97082528" timestamp="2021-01-07T04:52:51Z" user="thevivotran" uid="8955765" lat="21.0858427" lon="105.8054919"/>
 <node id="8324158201" visible="true" version="1" changeset="97554413" timestamp="2021-01-15T11:03:29Z" user="ar_chana" uid="11829719" lat="21.0849143" lon="105.8079247"/>
 <node id="8324158202" visible="true" version="1" changeset="97554413" timestamp="2021-01-15T11:03:29Z" user="ar_chana" uid="11829719" lat="21.0850907" lon="105.8078563"/>
 <node id="8324158203" visible="true" version="2" changeset="97554467" timestamp="2021-01-15T11:04:12Z" user="ar_chana" uid="11829719" lat="21.0853810" lon="105.8077383"/>
 <node id="8324158204" visible="true" version="2" changeset="179884412" timestamp="2026-03-15T06:17:39Z" user="Hung Tran 9x0" uid="20910140" lat="21.0864332" lon="105.8072400"/>
 <node id="8324629975" visible="true" version="3" changeset="182548532" timestamp="2026-05-12T10:47:15Z" user="GrabVN_HHanh" uid="21825758" lat="21.0805626" lon="105.8097208"/>
 <node id="8324629976" visible="true" version="2" changeset="182548532" timestamp="2026-05-12T10:47:15Z" user="GrabVN_HHanh" uid="21825758" lat="21.0803364" lon="105.8122370"/>
 <node id="8324679731" visible="true" version="2" changeset="162765677" timestamp="2025-02-21T06:02:23Z" user="ZioDragon" uid="13799024" lat="21.0843936" lon="105.8103927"/>
 <node id="8324679736" visible="true" version="1" changeset="97565244" timestamp="2021-01-15T14:00:49Z" user="ar_chana" uid="11829719" lat="21.0841939" lon="105.8099769"/>
 <node id="8324712017" visible="true" version="3" changeset="151801441" timestamp="2024-05-25T09:14:20Z" user="phoenixsaigon1698" uid="3323343" lat="21.0828856" lon="105.8123956"/>
 <node id="8332866552" visible="true" version="2" changeset="148234499" timestamp="2024-03-05T06:07:29Z" user="phoenixsaigon1698" uid="3323343" lat="21.0768051" lon="105.7922979"/>
 <node id="8332872810" visible="true" version="2" changeset="115539705" timestamp="2021-12-29T22:09:42Z" user="Robert Knobloch" uid="11928550" lat="21.0763341" lon="105.7935283"/>
 <node id="8332872811" visible="true" version="1" changeset="97667877" timestamp="2021-01-18T05:33:56Z" user="jan_1" uid="11589172" lat="21.0764764" lon="105.7935789"/>
 <node id="8332872812" visible="true" version="1" changeset="97667877" timestamp="2021-01-18T05:33:56Z" user="jan_1" uid="11589172" lat="21.0767517" lon="105.7936245"/>
 <node id="8332872813" visible="true" version="1" changeset="97667877" timestamp="2021-01-18T05:33:56Z" user="jan_1" uid="11589172" lat="21.0770045" lon="105.7936379"/>
 <node id="8332896161" visible="true" version="2" changeset="106313178" timestamp="2021-06-14T06:42:10Z" user="ItsLouisAnderson" uid="11691953" lat="21.0789010" lon="105.7925221"/>
 <node id="8333053394" visible="true" version="1" changeset="97674375" timestamp="2021-01-18T06:59:33Z" user="jan_1" uid="11589172" lat="21.0728717" lon="105.7901625"/>
 <node id="8333068215" visible="true" version="2" changeset="181565192" timestamp="2026-04-20T06:02:53Z" user="GrabVN_HHanh" uid="21825758" lat="21.0738284" lon="105.7914599"/>
 <node id="8336557488" visible="true" version="2" changeset="162765677" timestamp="2025-02-21T06:02:23Z" user="ZioDragon" uid="13799024" lat="21.0852381" lon="105.8010503"/>
 <node id="8337098994" visible="true" version="1" changeset="97747305" timestamp="2021-01-19T07:46:01Z" user="bhar_gavi" uid="11659052" lat="21.0812942" lon="105.8037002"/>
 <node id="8337098995" visible="true" version="1" changeset="97747305" timestamp="2021-01-19T07:46:01Z" user="bhar_gavi" uid="11659052" lat="21.0813092" lon="105.8035983"/>
 <node id="8337099007" visible="true" version="1" changeset="97747305" timestamp="2021-01-19T07:46:01Z" user="bhar_gavi" uid="11659052" lat="21.0822977" lon="105.7976022"/>
 <node id="8337099008" visible="true" version="1" changeset="97747305" timestamp="2021-01-19T07:46:01Z" user="bhar_gavi" uid="11659052" lat="21.0823303" lon="105.7975969"/>
 <node id="8337099009" visible="true" version="1" changeset="97747305" timestamp="2021-01-19T07:46:01Z" user="bhar_gavi" uid="11659052" lat="21.0823716" lon="105.7975633"/>
 <node id="8337099010" visible="true" version="2" changeset="138128605" timestamp="2023-07-05T03:22:26Z" user="GrabVN_QThoai" uid="15740602" lat="21.0824522" lon="105.7973827"/>
 <node id="8337099011" visible="true" version="3" changeset="138128605" timestamp="2023-07-05T03:22:26Z" user="GrabVN_QThoai" uid="15740602" lat="21.0825129" lon="105.7970781"/>
 <node id="8337099015" visible="true" version="3" changeset="162765677" timestamp="2025-02-21T06:02:23Z" user="ZioDragon" uid="13799024" lat="21.0840217" lon="105.7930504"/>
 <node id="8340615674" visible="true" version="5" changeset="168253402" timestamp="2025-06-29T07:32:03Z" user="Tewuzij" uid="16194143" lat="21.0811956" lon="105.7944054"/>
 <node id="8340615675" visible="true" version="5" changeset="168253402" timestamp="2025-06-29T07:32:03Z" user="Tewuzij" uid="16194143" lat="21.0797393" lon="105.7986633"/>
 <node id="8340615676" visible="true" version="4" changeset="168253402" timestamp="2025-06-29T07:32:03Z" user="Tewuzij" uid="16194143" lat="21.0798818" lon="105.7966414"/>
 <node id="8340615677" visible="true" version="4" changeset="168253402" timestamp="2025-06-29T07:32:03Z" user="Tewuzij" uid="16194143" lat="21.0801012" lon="105.7963573"/>
 <node id="8340615679" visible="true" version="4" changeset="168253402" timestamp="2025-06-29T07:32:03Z" user="Tewuzij" uid="16194143" lat="21.0798267" lon="105.7994434"/>
 <node id="8340615680" visible="true" version="4" changeset="168253402" timestamp="2025-06-29T07:32:03Z" user="Tewuzij" uid="16194143" lat="21.0787609" lon="105.7993462"/>
 <node id="8340615681" visible="true" version="4" changeset="168253402" timestamp="2025-06-29T07:32:03Z" user="Tewuzij" uid="16194143" lat="21.0784971" lon="105.8012560"/>
 <node id="8340615682" visible="true" version="5" changeset="168253402" timestamp="2025-06-29T07:32:03Z" user="Tewuzij" uid="16194143" lat="21.0738816" lon="105.7999578"/>
 <node id="8340615683" visible="true" version="5" changeset="168253402" timestamp="2025-06-29T07:32:03Z" user="Tewuzij" uid="16194143" lat="21.0833089" lon="105.7918724"/>
 <node id="8364160406" visible="true" version="1" changeset="98163377" timestamp="2021-01-26T11:29:48Z" user="ItsLouisAnderson" uid="11691953" lat="21.0863755" lon="105.7910350"/>
 <node id="8364160407" visible="true" version="1" changeset="98163377" timestamp="2021-01-26T11:29:48Z" user="ItsLouisAnderson" uid="11691953" lat="21.0866330" lon="105.7881192"/>
 <node id="8459988833" visible="true" version="3" changeset="162765677" timestamp="2025-02-21T06:02:23Z" user="ZioDragon" uid="13799024" lat="21.0844857" lon="105.7948922"/>
 <node id="8704949381" visible="true" version="1" changeset="104244713" timestamp="2021-05-06T10:40:09Z" user="kampa_sati" uid="11659601" lat="21.0777778" lon="105.8109637"/>
 <node id="8705030985" visible="true" version="1" changeset="104244671" timestamp="2021-05-06T10:39:34Z" user="kampa_sati" uid="11659601" lat="21.0775126" lon="105.8108751"/>
 <node id="8705030986" visible="true" version="1" changeset="104244671" timestamp="2021-05-06T10:39:34Z" user="kampa_sati" uid="11659601" lat="21.0775238" lon="105.8108604"/>
 <node id="8705030987" visible="true" version="1" changeset="104244671" timestamp="2021-05-06T10:39:34Z" user="kampa_sati" uid="11659601" lat="21.0775420" lon="105.8108523"/>
 <node id="8705030988" visible="true" version="1" changeset="104244671" timestamp="2021-05-06T10:39:34Z" user="kampa_sati" uid="11659601" lat="21.0781971" lon="105.8111876"/>
 <node id="8705030989" visible="true" version="1" changeset="104244671" timestamp="2021-05-06T10:39:34Z" user="kampa_sati" uid="11659601" lat="21.0781977" lon="105.8111715"/>
 <node id="8705030990" visible="true" version="1" changeset="104244671" timestamp="2021-05-06T10:39:34Z" user="kampa_sati" uid="11659601" lat="21.0781927" lon="105.8111615"/>
 <node id="8705030991" visible="true" version="1" changeset="104244671" timestamp="2021-05-06T10:39:34Z" user="kampa_sati" uid="11659601" lat="21.0781789" lon="105.8111521"/>
 <node id="8705030992" visible="true" version="1" changeset="104244671" timestamp="2021-05-06T10:39:34Z" user="kampa_sati" uid="11659601" lat="21.0780694" lon="105.8111005"/>
 <node id="8705030993" visible="true" version="1" changeset="104244671" timestamp="2021-05-06T10:39:34Z" user="kampa_sati" uid="11659601" lat="21.0776602" lon="105.8109006"/>
 <node id="8705030994" visible="true" version="1" changeset="104244671" timestamp="2021-05-06T10:39:34Z" user="kampa_sati" uid="11659601" lat="21.0775576" lon="105.8108537"/>
 <node id="8784681228" visible="true" version="2" changeset="115539705" timestamp="2021-12-29T22:09:42Z" user="Robert Knobloch" uid="11928550" lat="21.0759892" lon="105.7943945"/>
 <node id="8784681229" visible="true" version="1" changeset="105604299" timestamp="2021-05-31T07:30:58Z" user="madhireddy_kavya" uid="12625837" lat="21.0756905" lon="105.7942361"/>
 <node id="8807115765" visible="true" version="1" changeset="105885772" timestamp="2021-06-05T14:58:15Z" user="ItsLouisAnderson" uid="11691953" lat="21.0765071" lon="105.8064172"/>
 <node id="8807115766" visible="true" version="1" changeset="105885772" timestamp="2021-06-05T14:58:15Z" user="ItsLouisAnderson" uid="11691953" lat="21.0764454" lon="105.8066017"/>
 <node id="8807115767" visible="true" version="1" changeset="105885772" timestamp="2021-06-05T14:58:15Z" user="ItsLouisAnderson" uid="11691953" lat="21.0767248" lon="105.8067090"/>
 <node id="8807115768" visible="true" version="1" changeset="105885772" timestamp="2021-06-05T14:58:15Z" user="ItsLouisAnderson" uid="11691953" lat="21.0767865" lon="105.8065244"/>
 <node id="8807115769" visible="true" version="1" changeset="105885772" timestamp="2021-06-05T14:58:15Z" user="ItsLouisAnderson" uid="11691953" lat="21.0763884" lon="105.8067725"/>
 <node id="8807115770" visible="true" version="1" changeset="105885772" timestamp="2021-06-05T14:58:15Z" user="ItsLouisAnderson" uid="11691953" lat="21.0766676" lon="105.8068800"/>
 <node id="8807115771" visible="true" version="1" changeset="105885772" timestamp="2021-06-05T14:58:15Z" user="ItsLouisAnderson" uid="11691953" lat="21.0763375" lon="105.8069250"/>
 <node id="8807115772" visible="true" version="1" changeset="105885772" timestamp="2021-06-05T14:58:15Z" user="ItsLouisAnderson" uid="11691953" lat="21.0766160" lon="105.8070333"/>
 <node id="8807115812" visible="true" version="1" changeset="105885772" timestamp="2021-06-05T14:58:15Z" user="ItsLouisAnderson" uid="11691953" lat="21.0751032" lon="105.8077681"/>
 <node id="8807115813" visible="true" version="1" changeset="105885772" timestamp="2021-06-05T14:58:15Z" user="ItsLouisAnderson" uid="11691953" lat="21.0749841" lon="105.8081407"/>
 <node id="8807115814" visible="true" version="1" changeset="105885772" timestamp="2021-06-05T14:58:15Z" user="ItsLouisAnderson" uid="11691953" lat="21.0750758" lon="105.8081828"/>
 <node id="8807115815" visible="true" version="1" changeset="105885772" timestamp="2021-06-05T14:58:15Z" user="ItsLouisAnderson" uid="11691953" lat="21.0752389" lon="105.8077541"/>
 <node id="8807115816" visible="true" version="1" changeset="105885772" timestamp="2021-06-05T14:58:15Z" user="ItsLouisAnderson" uid="11691953" lat="21.0756568" lon="105.8079378"/>
 <node id="8807115817" visible="true" version="1" changeset="105885772" timestamp="2021-06-05T14:58:15Z" user="ItsLouisAnderson" uid="11691953" lat="21.0756103" lon="105.8080820"/>
 <node id="8807115818" visible="true" version="1" changeset="105885772" timestamp="2021-06-05T14:58:15Z" user="ItsLouisAnderson" uid="11691953" lat="21.0753389" lon="105.8079646"/>
 <node id="8807115819" visible="true" version="1" changeset="105885772" timestamp="2021-06-05T14:58:15Z" user="ItsLouisAnderson" uid="11691953" lat="21.0752734" lon="105.8081203"/>
 <node id="8807115820" visible="true" version="1" changeset="105885772" timestamp="2021-06-05T14:58:15Z" user="ItsLouisAnderson" uid="11691953" lat="21.0753889" lon="105.8081751"/>
 <node id="8807115821" visible="true" version="1" changeset="105885772" timestamp="2021-06-05T14:58:15Z" user="ItsLouisAnderson" uid="11691953" lat="21.0754669" lon="105.8080657"/>
 <node id="8807115822" visible="true" version="1" changeset="105885772" timestamp="2021-06-05T14:58:15Z" user="ItsLouisAnderson" uid="11691953" lat="21.0754972" lon="105.8081002"/>
 <node id="8807115823" visible="true" version="1" changeset="105885772" timestamp="2021-06-05T14:58:15Z" user="ItsLouisAnderson" uid="11691953" lat="21.0754847" lon="105.8081295"/>
 <node id="8807115824" visible="true" version="1" changeset="105885772" timestamp="2021-06-05T14:58:15Z" user="ItsLouisAnderson" uid="11691953" lat="21.0755544" lon="105.8081582"/>
 <node id="8807115825" visible="true" version="1" changeset="105885772" timestamp="2021-06-05T14:58:15Z" user="ItsLouisAnderson" uid="11691953" lat="21.0754693" lon="105.8083872"/>
 <node id="8807115826" visible="true" version="1" changeset="105885772" timestamp="2021-06-05T14:58:15Z" user="ItsLouisAnderson" uid="11691953" lat="21.0751091" lon="105.8082278"/>
 <node id="8807115827" visible="true" version="1" changeset="105885772" timestamp="2021-06-05T14:58:15Z" user="ItsLouisAnderson" uid="11691953" lat="21.0751169" lon="105.8082086"/>
 <node id="8807115828" visible="true" version="1" changeset="105885772" timestamp="2021-06-05T14:58:15Z" user="ItsLouisAnderson" uid="11691953" lat="21.0750960" lon="105.8082010"/>
 <node id="8807115829" visible="true" version="1" changeset="105885772" timestamp="2021-06-05T14:58:15Z" user="ItsLouisAnderson" uid="11691953" lat="21.0750746" lon="105.8082495"/>
 <node id="8807115830" visible="true" version="1" changeset="105885772" timestamp="2021-06-05T14:58:15Z" user="ItsLouisAnderson" uid="11691953" lat="21.0750978" lon="105.8082469"/>
 <node id="8807115831" visible="true" version="1" changeset="105885772" timestamp="2021-06-05T14:58:15Z" user="ItsLouisAnderson" uid="11691953" lat="21.0755586" lon="105.8084498"/>
 <node id="8807115832" visible="true" version="1" changeset="105885772" timestamp="2021-06-05T14:58:15Z" user="ItsLouisAnderson" uid="11691953" lat="21.0754124" lon="105.8088096"/>
 <node id="8807115833" visible="true" version="1" changeset="105885772" timestamp="2021-06-05T14:58:15Z" user="ItsLouisAnderson" uid="11691953" lat="21.0749100" lon="105.8085927"/>
 <node id="8807115834" visible="true" version="1" changeset="105885772" timestamp="2021-06-05T14:58:15Z" user="ItsLouisAnderson" uid="11691953" lat="21.0750183" lon="105.8083094"/>
 <node id="8807115835" visible="true" version="1" changeset="105885772" timestamp="2021-06-05T14:58:15Z" user="ItsLouisAnderson" uid="11691953" lat="21.0746202" lon="105.8081463"/>
 <node id="8807115836" visible="true" version="1" changeset="105885772" timestamp="2021-06-05T14:58:15Z" user="ItsLouisAnderson" uid="11691953" lat="21.0746738" lon="105.8080073"/>
 <node id="8807115837" visible="true" version="1" changeset="105885772" timestamp="2021-06-05T14:58:15Z" user="ItsLouisAnderson" uid="11691953" lat="21.0747444" lon="105.8080384"/>
 <node id="8807115838" visible="true" version="1" changeset="105885772" timestamp="2021-06-05T14:58:15Z" user="ItsLouisAnderson" uid="11691953" lat="21.0748675" lon="105.8076703"/>
 <node id="8807115839" visible="true" version="1" changeset="105885772" timestamp="2021-06-05T14:58:15Z" user="ItsLouisAnderson" uid="11691953" lat="21.0750938" lon="105.8082559"/>
 <node id="8807115844" visible="true" version="1" changeset="105885772" timestamp="2021-06-05T14:58:15Z" user="ItsLouisAnderson" uid="11691953" lat="21.0758447" lon="105.8075431"/>
 <node id="8807115845" visible="true" version="1" changeset="105885772" timestamp="2021-06-05T14:58:15Z" user="ItsLouisAnderson" uid="11691953" lat="21.0758326" lon="105.8075775"/>
 <node id="8807115846" visible="true" version="1" changeset="105885772" timestamp="2021-06-05T14:58:15Z" user="ItsLouisAnderson" uid="11691953" lat="21.0760179" lon="105.8077148"/>
 <node id="8807115847" visible="true" version="1" changeset="105885772" timestamp="2021-06-05T14:58:15Z" user="ItsLouisAnderson" uid="11691953" lat="21.0758927" lon="105.8080592"/>
 <node id="8807115848" visible="true" version="1" changeset="105885772" timestamp="2021-06-05T14:58:15Z" user="ItsLouisAnderson" uid="11691953" lat="21.0757095" lon="105.8079111"/>
 <node id="8807115849" visible="true" version="1" changeset="105885772" timestamp="2021-06-05T14:58:15Z" user="ItsLouisAnderson" uid="11691953" lat="21.0753251" lon="105.8077384"/>
 <node id="8807115850" visible="true" version="1" changeset="105885772" timestamp="2021-06-05T14:58:15Z" user="ItsLouisAnderson" uid="11691953" lat="21.0754562" lon="105.8073736"/>
 <node id="8807115851" visible="true" version="1" changeset="105885772" timestamp="2021-06-05T14:58:15Z" user="ItsLouisAnderson" uid="11691953" lat="21.0754452" lon="105.8073575"/>
 <node id="8807115852" visible="true" version="1" changeset="105885772" timestamp="2021-06-05T14:58:15Z" user="ItsLouisAnderson" uid="11691953" lat="21.0757295" lon="105.8074841"/>
 <node id="8807115853" visible="true" version="1" changeset="105885772" timestamp="2021-06-05T14:58:15Z" user="ItsLouisAnderson" uid="11691953" lat="21.0758697" lon="105.8070120"/>
 <node id="8807115854" visible="true" version="1" changeset="105885772" timestamp="2021-06-05T14:58:15Z" user="ItsLouisAnderson" uid="11691953" lat="21.0755744" lon="105.8068908"/>
 <node id="8807115855" visible="true" version="1" changeset="105885772" timestamp="2021-06-05T14:58:15Z" user="ItsLouisAnderson" uid="11691953" lat="21.0763415" lon="105.8072129"/>
 <node id="8807115856" visible="true" version="1" changeset="105885772" timestamp="2021-06-05T14:58:15Z" user="ItsLouisAnderson" uid="11691953" lat="21.0759115" lon="105.8070203"/>
 <node id="8807115857" visible="true" version="1" changeset="105885772" timestamp="2021-06-05T14:58:15Z" user="ItsLouisAnderson" uid="11691953" lat="21.0757288" lon="105.8074887"/>
 <node id="8807115858" visible="true" version="1" changeset="105885772" timestamp="2021-06-05T14:58:15Z" user="ItsLouisAnderson" uid="11691953" lat="21.0761588" lon="105.8076814"/>
 <node id="8807115865" visible="true" version="1" changeset="105885772" timestamp="2021-06-05T14:58:15Z" user="ItsLouisAnderson" uid="11691953" lat="21.0756666" lon="105.8065554"/>
 <node id="8807115866" visible="true" version="1" changeset="105885772" timestamp="2021-06-05T14:58:15Z" user="ItsLouisAnderson" uid="11691953" lat="21.0747996" lon="105.8062035"/>
 <node id="8807115867" visible="true" version="1" changeset="105885772" timestamp="2021-06-05T14:58:15Z" user="ItsLouisAnderson" uid="11691953" lat="21.0750119" lon="105.8056499"/>
 <node id="8807115868" visible="true" version="1" changeset="105885772" timestamp="2021-06-05T14:58:15Z" user="ItsLouisAnderson" uid="11691953" lat="21.0750940" lon="105.8056027"/>
 <node id="8807115869" visible="true" version="1" changeset="105885772" timestamp="2021-06-05T14:58:15Z" user="ItsLouisAnderson" uid="11691953" lat="21.0751961" lon="105.8055770"/>
 <node id="8807115870" visible="true" version="1" changeset="105885772" timestamp="2021-06-05T14:58:15Z" user="ItsLouisAnderson" uid="11691953" lat="21.0753182" lon="105.8055598"/>
 <node id="8807115871" visible="true" version="1" changeset="105885772" timestamp="2021-06-05T14:58:15Z" user="ItsLouisAnderson" uid="11691953" lat="21.0754364" lon="105.8055727"/>
 <node id="8807115872" visible="true" version="1" changeset="105885772" timestamp="2021-06-05T14:58:15Z" user="ItsLouisAnderson" uid="11691953" lat="21.0756186" lon="105.8056456"/>
 <node id="8807115873" visible="true" version="1" changeset="105885772" timestamp="2021-06-05T14:58:15Z" user="ItsLouisAnderson" uid="11691953" lat="21.0761471" lon="105.8058881"/>
 <node id="8807115874" visible="true" version="1" changeset="105885772" timestamp="2021-06-05T14:58:15Z" user="ItsLouisAnderson" uid="11691953" lat="21.0762833" lon="105.8059847"/>
 <node id="8807115875" visible="true" version="1" changeset="105885772" timestamp="2021-06-05T14:58:15Z" user="ItsLouisAnderson" uid="11691953" lat="21.0763814" lon="105.8061284"/>
 <node id="8807115876" visible="true" version="1" changeset="105885772" timestamp="2021-06-05T14:58:15Z" user="ItsLouisAnderson" uid="11691953" lat="21.0764335" lon="105.8062615"/>
 <node id="8807115877" visible="true" version="1" changeset="105885772" timestamp="2021-06-05T14:58:15Z" user="ItsLouisAnderson" uid="11691953" lat="21.0764455" lon="105.8064267"/>
 <node id="8807115878" visible="true" version="1" changeset="105885772" timestamp="2021-06-05T14:58:15Z" user="ItsLouisAnderson" uid="11691953" lat="21.0764074" lon="105.8065941"/>
 <node id="8807115879" visible="true" version="1" changeset="105885772" timestamp="2021-06-05T14:58:15Z" user="ItsLouisAnderson" uid="11691953" lat="21.0763434" lon="105.8067421"/>
 <node id="8807115880" visible="true" version="1" changeset="105885772" timestamp="2021-06-05T14:58:15Z" user="ItsLouisAnderson" uid="11691953" lat="21.0762613" lon="105.8068537"/>
 <node id="8807115881" visible="true" version="1" changeset="105885772" timestamp="2021-06-05T14:58:15Z" user="ItsLouisAnderson" uid="11691953" lat="21.0761431" lon="105.8069310"/>
 <node id="8807115882" visible="true" version="1" changeset="105885772" timestamp="2021-06-05T14:58:15Z" user="ItsLouisAnderson" uid="11691953" lat="21.0760130" lon="105.8069910"/>
 <node id="8807115883" visible="true" version="1" changeset="105885772" timestamp="2021-06-05T14:58:15Z" user="ItsLouisAnderson" uid="11691953" lat="21.0759329" lon="105.8069953"/>
 <node id="8807115884" visible="true" version="1" changeset="105885772" timestamp="2021-06-05T14:58:15Z" user="ItsLouisAnderson" uid="11691953" lat="21.0755525" lon="105.8068451"/>
 <node id="8824140581" visible="true" version="2" changeset="162765677" timestamp="2025-02-21T06:02:23Z" user="ZioDragon" uid="13799024" lat="21.0782214" lon="105.8012151"/>
 <node id="8824244650" visible="true" version="1" changeset="106211041" timestamp="2021-06-11T11:27:30Z" user="y_rupi" uid="11589838" lat="21.0822214" lon="105.8089815"/>
 <node id="8824244651" visible="true" version="1" changeset="106211041" timestamp="2021-06-11T11:27:30Z" user="y_rupi" uid="11589838" lat="21.0818072" lon="105.8090533"/>
 <node id="8824244652" visible="true" version="1" changeset="106211041" timestamp="2021-06-11T11:27:30Z" user="y_rupi" uid="11589838" lat="21.0815795" lon="105.8094469"/>
 <node id="8824244653" visible="true" version="1" changeset="106211041" timestamp="2021-06-11T11:27:30Z" user="y_rupi" uid="11589838" lat="21.0817903" lon="105.8090747"/>
 <node id="8824244654" visible="true" version="1" changeset="106211041" timestamp="2021-06-11T11:27:30Z" user="y_rupi" uid="11589838" lat="21.0818229" lon="105.8090439"/>
 <node id="8824244655" visible="true" version="1" changeset="106211041" timestamp="2021-06-11T11:27:30Z" user="y_rupi" uid="11589838" lat="21.0818473" lon="105.8090365"/>
 <node id="8824244656" visible="true" version="1" changeset="106211041" timestamp="2021-06-11T11:27:30Z" user="y_rupi" uid="11589838" lat="21.0821651" lon="105.8089936"/>
 <node id="8824244657" visible="true" version="1" changeset="106211041" timestamp="2021-06-11T11:27:30Z" user="y_rupi" uid="11589838" lat="21.0822752" lon="105.8089641"/>
 <node id="8824244658" visible="true" version="3" changeset="145007080" timestamp="2023-12-11T16:49:56Z" user="ItsLouisAnderson" uid="11691953" lat="21.0826122" lon="105.8088309"/>
 <node id="8824437774" visible="true" version="2" changeset="162765677" timestamp="2025-02-21T06:02:23Z" user="ZioDragon" uid="13799024" lat="21.0830840" lon="105.7978061"/>
 <node id="8824437775" visible="true" version="1" changeset="106214292" timestamp="2021-06-11T12:23:10Z" user="y_rupi" uid="11589838" lat="21.0830986" lon="105.7986966"/>
 <node id="8824472446" visible="true" version="2" changeset="109818084" timestamp="2021-08-17T14:52:25Z" user="Robert Knobloch" uid="11928550" lat="21.0751887" lon="105.7980012"/>
 <node id="8824476573" visible="true" version="1" changeset="106214490" timestamp="2021-06-11T12:26:38Z" user="y_rupi" uid="11589838" lat="21.0758902" lon="105.8086247"/>
 <node id="8824476574" visible="true" version="1" changeset="106214490" timestamp="2021-06-11T12:26:38Z" user="y_rupi" uid="11589838" lat="21.0757681" lon="105.8085705"/>
 <node id="8824476575" visible="true" version="1" changeset="106214490" timestamp="2021-06-11T12:26:38Z" user="y_rupi" uid="11589838" lat="21.0757494" lon="105.8085550"/>
 <node id="8824476576" visible="true" version="1" changeset="106214490" timestamp="2021-06-11T12:26:38Z" user="y_rupi" uid="11589838" lat="21.0757450" lon="105.8085383"/>
 <node id="8824476577" visible="true" version="1" changeset="106214490" timestamp="2021-06-11T12:26:38Z" user="y_rupi" uid="11589838" lat="21.0757481" lon="105.8085155"/>
 <node id="8824476578" visible="true" version="1" changeset="106214490" timestamp="2021-06-11T12:26:38Z" user="y_rupi" uid="11589838" lat="21.0760115" lon="105.8078624"/>
 <node id="8824476579" visible="true" version="1" changeset="106214490" timestamp="2021-06-11T12:26:38Z" user="y_rupi" uid="11589838" lat="21.0760303" lon="105.8078342"/>
 <node id="8824476580" visible="true" version="1" changeset="106214490" timestamp="2021-06-11T12:26:38Z" user="y_rupi" uid="11589838" lat="21.0760522" lon="105.8078255"/>
 <node id="8824476581" visible="true" version="1" changeset="106214490" timestamp="2021-06-11T12:26:38Z" user="y_rupi" uid="11589838" lat="21.0760747" lon="105.8078275"/>
 <node id="8831099113" visible="true" version="2" changeset="109818084" timestamp="2021-08-17T14:52:25Z" user="Robert Knobloch" uid="11928550" lat="21.0790649" lon="105.7966532"/>
 <node id="8831099114" visible="true" version="2" changeset="109818084" timestamp="2021-08-17T14:52:25Z" user="Robert Knobloch" uid="11928550" lat="21.0790810" lon="105.7966154"/>
 <node id="8831099115" visible="true" version="2" changeset="109818084" timestamp="2021-08-17T14:52:25Z" user="Robert Knobloch" uid="11928550" lat="21.0790854" lon="105.7965741"/>
 <node id="8831099116" visible="true" version="2" changeset="109818084" timestamp="2021-08-17T14:52:25Z" user="Robert Knobloch" uid="11928550" lat="21.0790777" lon="105.7965334"/>
 <node id="8831123217" visible="true" version="2" changeset="109818084" timestamp="2021-08-17T14:52:25Z" user="Robert Knobloch" uid="11928550" lat="21.0790586" lon="105.7964972"/>
 <node id="8831123218" visible="true" version="2" changeset="109818084" timestamp="2021-08-17T14:52:25Z" user="Robert Knobloch" uid="11928550" lat="21.0790300" lon="105.7964692"/>
 <node id="8831123219" visible="true" version="2" changeset="109818084" timestamp="2021-08-17T14:52:25Z" user="Robert Knobloch" uid="11928550" lat="21.0788498" lon="105.7965227"/>
 <node id="8831123220" visible="true" version="2" changeset="109818084" timestamp="2021-08-17T14:52:25Z" user="Robert Knobloch" uid="11928550" lat="21.0788383" lon="105.7965672"/>
 <node id="8831123221" visible="true" version="2" changeset="109818084" timestamp="2021-08-17T14:52:25Z" user="Robert Knobloch" uid="11928550" lat="21.0788417" lon="105.7966131"/>
 <node id="8831123222" visible="true" version="2" changeset="109818084" timestamp="2021-08-17T14:52:25Z" user="Robert Knobloch" uid="11928550" lat="21.0788595" lon="105.7966551"/>
 <node id="8831123223" visible="true" version="2" changeset="109818084" timestamp="2021-08-17T14:52:25Z" user="Robert Knobloch" uid="11928550" lat="21.0788897" lon="105.7966880"/>
 <node id="8831123224" visible="true" version="1" changeset="106313178" timestamp="2021-06-14T06:42:10Z" user="ItsLouisAnderson" uid="11691953" lat="21.0755683" lon="105.7987024"/>
 <node id="8831123225" visible="true" version="1" changeset="106313178" timestamp="2021-06-14T06:42:10Z" user="ItsLouisAnderson" uid="11691953" lat="21.0771159" lon="105.7947168"/>
 <node id="8831123226" visible="true" version="1" changeset="106313178" timestamp="2021-06-14T06:42:10Z" user="ItsLouisAnderson" uid="11691953" lat="21.0772707" lon="105.7947937"/>
 <node id="8831123227" visible="true" version="1" changeset="106313178" timestamp="2021-06-14T06:42:10Z" user="ItsLouisAnderson" uid="11691953" lat="21.0771648" lon="105.7947410">
  <tag k="highway" v="crossing"/>
 </node>
 <node id="8831123228" visible="true" version="2" changeset="142333621" timestamp="2023-10-09T06:33:52Z" user="ItsLouisAnderson" uid="11691953" lat="21.0772474" lon="105.7947820">
  <tag k="highway" v="crossing"/>
 </node>
 <node id="8831123229" visible="true" version="1" changeset="106313178" timestamp="2021-06-14T06:42:10Z" user="ItsLouisAnderson" uid="11691953" lat="21.0779966" lon="105.7951137"/>
 <node id="8831123230" visible="true" version="1" changeset="106313178" timestamp="2021-06-14T06:42:10Z" user="ItsLouisAnderson" uid="11691953" lat="21.0785395" lon="105.7953370"/>
 <node id="8831123231" visible="true" version="1" changeset="106313178" timestamp="2021-06-14T06:42:10Z" user="ItsLouisAnderson" uid="11691953" lat="21.0786026" lon="105.7953510"/>
 <node id="8831123232" visible="true" version="1" changeset="106313178" timestamp="2021-06-14T06:42:10Z" user="ItsLouisAnderson" uid="11691953" lat="21.0786526" lon="105.7953395"/>
 <node id="8831123233" visible="true" version="1" changeset="106313178" timestamp="2021-06-14T06:42:10Z" user="ItsLouisAnderson" uid="11691953" lat="21.0787038" lon="105.7953013"/>
 <node id="8831123234" visible="true" version="1" changeset="106313178" timestamp="2021-06-14T06:42:10Z" user="ItsLouisAnderson" uid="11691953" lat="21.0787383" lon="105.7952553"/>
 <node id="8831123235" visible="true" version="1" changeset="106313178" timestamp="2021-06-14T06:42:10Z" user="ItsLouisAnderson" uid="11691953" lat="21.0787693" lon="105.7951941"/>
 <node id="8831123236" visible="true" version="1" changeset="106313178" timestamp="2021-06-14T06:42:10Z" user="ItsLouisAnderson" uid="11691953" lat="21.0792229" lon="105.7940662"/>
 <node id="8831123237" visible="true" version="1" changeset="106313178" timestamp="2021-06-14T06:42:10Z" user="ItsLouisAnderson" uid="11691953" lat="21.0795538" lon="105.7931973"/>
 <node id="8831123238" visible="true" version="1" changeset="106313178" timestamp="2021-06-14T06:42:10Z" user="ItsLouisAnderson" uid="11691953" lat="21.0790144" lon="105.7926006"/>
 <node id="8831123239" visible="true" version="1" changeset="106313178" timestamp="2021-06-14T06:42:10Z" user="ItsLouisAnderson" uid="11691953" lat="21.0795652" lon="105.7931408"/>
 <node id="8831123240" visible="true" version="1" changeset="106313178" timestamp="2021-06-14T06:42:10Z" user="ItsLouisAnderson" uid="11691953" lat="21.0795652" lon="105.7930850"/>
 <node id="8831123241" visible="true" version="1" changeset="106313178" timestamp="2021-06-14T06:42:10Z" user="ItsLouisAnderson" uid="11691953" lat="21.0795522" lon="105.7930206"/>
 <node id="8831123242" visible="true" version="1" changeset="106313178" timestamp="2021-06-14T06:42:10Z" user="ItsLouisAnderson" uid="11691953" lat="21.0795261" lon="105.7929487"/>
 <node id="8831123243" visible="true" version="1" changeset="106313178" timestamp="2021-06-14T06:42:10Z" user="ItsLouisAnderson" uid="11691953" lat="21.0794861" lon="105.7928929"/>
 <node id="8831123244" visible="true" version="1" changeset="106313178" timestamp="2021-06-14T06:42:10Z" user="ItsLouisAnderson" uid="11691953" lat="21.0794350" lon="105.7928404"/>
 <node id="8831123245" visible="true" version="1" changeset="106313178" timestamp="2021-06-14T06:42:10Z" user="ItsLouisAnderson" uid="11691953" lat="21.0790736" lon="105.7925432"/>
 <node id="8831123246" visible="true" version="1" changeset="106313178" timestamp="2021-06-14T06:42:10Z" user="ItsLouisAnderson" uid="11691953" lat="21.0789595" lon="105.7924638"/>
 <node id="8831123247" visible="true" version="1" changeset="106313178" timestamp="2021-06-14T06:42:10Z" user="ItsLouisAnderson" uid="11691953" lat="21.0786982" lon="105.7921870"/>
 <node id="8831123248" visible="true" version="1" changeset="106313178" timestamp="2021-06-14T06:42:10Z" user="ItsLouisAnderson" uid="11691953" lat="21.0791788" lon="105.7926237"/>
 <node id="8831123249" visible="true" version="1" changeset="106313178" timestamp="2021-06-14T06:42:10Z" user="ItsLouisAnderson" uid="11691953" lat="21.0790286" lon="105.7925121"/>
 <node id="8831123250" visible="true" version="1" changeset="106313178" timestamp="2021-06-14T06:42:10Z" user="ItsLouisAnderson" uid="11691953" lat="21.0785789" lon="105.7920541">
  <tag k="highway" v="crossing"/>
 </node>
 <node id="8831123252" visible="true" version="1" changeset="106313178" timestamp="2021-06-14T06:42:10Z" user="ItsLouisAnderson" uid="11691953" lat="21.0782803" lon="105.7923196"/>
 <node id="8831123253" visible="true" version="1" changeset="106313178" timestamp="2021-06-14T06:42:10Z" user="ItsLouisAnderson" uid="11691953" lat="21.0781052" lon="105.7925451"/>
 <node id="8831123254" visible="true" version="1" changeset="106313178" timestamp="2021-06-14T06:42:10Z" user="ItsLouisAnderson" uid="11691953" lat="21.0779722" lon="105.7927418"/>
 <node id="8831123255" visible="true" version="2" changeset="142333621" timestamp="2023-10-09T06:33:52Z" user="ItsLouisAnderson" uid="11691953" lat="21.0778365" lon="105.7929869"/>
 <node id="8831123256" visible="true" version="1" changeset="106313178" timestamp="2021-06-14T06:42:10Z" user="ItsLouisAnderson" uid="11691953" lat="21.0783521" lon="105.7922301">
  <tag k="highway" v="crossing"/>
 </node>
 <node id="8831123257" visible="true" version="1" changeset="106313178" timestamp="2021-06-14T06:42:10Z" user="ItsLouisAnderson" uid="11691953" lat="21.0780215" lon="105.7926689">
  <tag k="highway" v="crossing"/>
 </node>
 <node id="8831123258" visible="true" version="1" changeset="106313178" timestamp="2021-06-14T06:42:10Z" user="ItsLouisAnderson" uid="11691953" lat="21.0786045" lon="105.7919190"/>
 <node id="8831123259" visible="true" version="1" changeset="106313178" timestamp="2021-06-14T06:42:10Z" user="ItsLouisAnderson" uid="11691953" lat="21.0785338" lon="105.7920038"/>
 <node id="8831123260" visible="true" version="1" changeset="106313178" timestamp="2021-06-14T06:42:10Z" user="ItsLouisAnderson" uid="11691953" lat="21.0786675" lon="105.7918396"/>
 <node id="8831123261" visible="true" version="1" changeset="106313178" timestamp="2021-06-14T06:42:10Z" user="ItsLouisAnderson" uid="11691953" lat="21.0787130" lon="105.7917566"/>
 <node id="8831123262" visible="true" version="1" changeset="106313178" timestamp="2021-06-14T06:42:10Z" user="ItsLouisAnderson" uid="11691953" lat="21.0787366" lon="105.7916556"/>
 <node id="8831123263" visible="true" version="1" changeset="106313178" timestamp="2021-06-14T06:42:10Z" user="ItsLouisAnderson" uid="11691953" lat="21.0787332" lon="105.7915708"/>
 <node id="8831123264" visible="true" version="1" changeset="106313178" timestamp="2021-06-14T06:42:10Z" user="ItsLouisAnderson" uid="11691953" lat="21.0787147" lon="105.7914481"/>
 <node id="8831123265" visible="true" version="1" changeset="106313178" timestamp="2021-06-14T06:42:10Z" user="ItsLouisAnderson" uid="11691953" lat="21.0786642" lon="105.7913633"/>
 <node id="8831123266" visible="true" version="1" changeset="106313178" timestamp="2021-06-14T06:42:10Z" user="ItsLouisAnderson" uid="11691953" lat="21.0786154" lon="105.7913037"/>
 <node id="8831123289" visible="true" version="1" changeset="106313178" timestamp="2021-06-14T06:42:10Z" user="ItsLouisAnderson" uid="11691953" lat="21.0807589" lon="105.7904676"/>
 <node id="8831123299" visible="true" version="1" changeset="106313178" timestamp="2021-06-14T06:42:10Z" user="ItsLouisAnderson" uid="11691953" lat="21.0755536" lon="105.7987161"/>
 <node id="8831123300" visible="true" version="1" changeset="106313178" timestamp="2021-06-14T06:42:10Z" user="ItsLouisAnderson" uid="11691953" lat="21.0755327" lon="105.7987282"/>
 <node id="8831123301" visible="true" version="1" changeset="106313178" timestamp="2021-06-14T06:42:10Z" user="ItsLouisAnderson" uid="11691953" lat="21.0755185" lon="105.7987326"/>
 <node id="8831929402" visible="true" version="1" changeset="106338251" timestamp="2021-06-14T12:53:22Z" user="boyini01" uid="11585580" lat="21.0758412" lon="105.7956445"/>
 <node id="8831929403" visible="true" version="1" changeset="106338251" timestamp="2021-06-14T12:53:22Z" user="boyini01" uid="11585580" lat="21.0760566" lon="105.7951078"/>
 <node id="8831929404" visible="true" version="1" changeset="106338251" timestamp="2021-06-14T12:53:22Z" user="boyini01" uid="11585580" lat="21.0760716" lon="105.7950883"/>
 <node id="8831929405" visible="true" version="1" changeset="106338251" timestamp="2021-06-14T12:53:22Z" user="boyini01" uid="11585580" lat="21.0760822" lon="105.7950836"/>
 <node id="8831929406" visible="true" version="1" changeset="106338251" timestamp="2021-06-14T12:53:22Z" user="boyini01" uid="11585580" lat="21.0760947" lon="105.7950857"/>
 <node id="8831929407" visible="true" version="1" changeset="106338251" timestamp="2021-06-14T12:53:22Z" user="boyini01" uid="11585580" lat="21.0761173" lon="105.7950930"/>
 <node id="8831929408" visible="true" version="1" changeset="106338251" timestamp="2021-06-14T12:53:22Z" user="boyini01" uid="11585580" lat="21.0763605" lon="105.7952026"/>
 <node id="8831929409" visible="true" version="1" changeset="106338251" timestamp="2021-06-14T12:53:22Z" user="boyini01" uid="11585580" lat="21.0766278" lon="105.7953304"/>
 <node id="8831977106" visible="true" version="1" changeset="106338098" timestamp="2021-06-14T12:50:39Z" user="boyini01" uid="11585580" lat="21.0732306" lon="105.7907154"/>
 <node id="8831988265" visible="true" version="1" changeset="106338376" timestamp="2021-06-14T12:55:54Z" user="boyini01" uid="11585580" lat="21.0784211" lon="105.7935870"/>
 <node id="8831988266" visible="true" version="1" changeset="106338376" timestamp="2021-06-14T12:55:54Z" user="boyini01" uid="11585580" lat="21.0782922" lon="105.7935159"/>
 <node id="8831988267" visible="true" version="1" changeset="106338376" timestamp="2021-06-14T12:55:54Z" user="boyini01" uid="11585580" lat="21.0779418" lon="105.7933684"/>
 <node id="8831988268" visible="true" version="1" changeset="106338376" timestamp="2021-06-14T12:55:54Z" user="boyini01" uid="11585580" lat="21.0778942" lon="105.7933483"/>
 <node id="8850985959" visible="true" version="1" changeset="106676427" timestamp="2021-06-20T18:19:14Z" user="Mapping_95" uid="10498092" lat="21.0759503" lon="105.7942182">
  <tag k="bus" v="yes"/>
  <tag k="highway" v="bus_stop"/>
  <tag k="name" v="Tập thể Pháo Binh 563 - 565 Nguyễn Hoàng Tôn"/>
  <tag k="public_transport" v="platform"/>
 </node>
 <node id="8852120923" visible="true" version="4" changeset="172235843" timestamp="2025-09-21T09:17:17Z" user="edumiz624" uid="20881381" lat="21.0758058" lon="105.7948845">
  <tag k="bus" v="yes"/>
  <tag k="highway" v="bus_stop"/>
  <tag k="name" v="Đối diện tập thể Pháo Binh (đối diện 547 Nguyễn Hoàng Tôn)"/>
  <tag k="public_transport" v="platform"/>
 </node>
 <node id="9005146728" visible="true" version="3" changeset="148003228" timestamp="2024-02-28T08:56:36Z" user="phoenixsaigon1698" uid="3323343" lat="21.0757269" lon="105.7989095">
  <tag k="crossing" v="marked"/>
  <tag k="crossing:markings" v="yes"/>
  <tag k="highway" v="crossing"/>
 </node>
 <node id="9005146736" visible="true" version="1" changeset="109647365" timestamp="2021-08-13T20:01:32Z" user="Robert Knobloch" uid="11928550" lat="21.0763598" lon="105.8005868"/>
 <node id="9005146737" visible="true" version="1" changeset="109647365" timestamp="2021-08-13T20:01:32Z" user="Robert Knobloch" uid="11928550" lat="21.0761295" lon="105.8004884"/>
 <node id="9005146738" visible="true" version="2" changeset="151800889" timestamp="2024-05-25T09:00:22Z" user="phoenixsaigon1698" uid="3323343" lat="21.0761087" lon="105.8004185">
  <tag k="noexit" v="yes"/>
 </node>
 <node id="9005146739" visible="true" version="1" changeset="109647365" timestamp="2021-08-13T20:01:32Z" user="Robert Knobloch" uid="11928550" lat="21.0760774" lon="105.8002734"/>
 <node id="9005146744" visible="true" version="3" changeset="165176642" timestamp="2025-04-20T03:46:38Z" user="vietnam321" uid="11196308" lat="21.0756284" lon="105.8003593"/>
 <node id="9005146745" visible="true" version="3" changeset="165176642" timestamp="2025-04-20T03:46:38Z" user="vietnam321" uid="11196308" lat="21.0758025" lon="105.8004292"/>
 <node id="9005146746" visible="true" version="3" changeset="165176642" timestamp="2025-04-20T03:46:38Z" user="vietnam321" uid="11196308" lat="21.0757807" lon="105.8004978"/>
 <node id="9005146747" visible="true" version="3" changeset="165176642" timestamp="2025-04-20T03:46:38Z" user="vietnam321" uid="11196308" lat="21.0757615" lon="105.8004964"/>
 <node id="9005146748" visible="true" version="3" changeset="165176642" timestamp="2025-04-20T03:46:38Z" user="vietnam321" uid="11196308" lat="21.0757372" lon="105.8005622"/>
 <node id="9005146749" visible="true" version="3" changeset="165176642" timestamp="2025-04-20T03:46:38Z" user="vietnam321" uid="11196308" lat="21.0756886" lon="105.8005471"/>
 <node id="9005146750" visible="true" version="3" changeset="165176642" timestamp="2025-04-20T03:46:38Z" user="vietnam321" uid="11196308" lat="21.0756975" lon="105.8005129"/>
 <node id="9005146751" visible="true" version="3" changeset="165176642" timestamp="2025-04-20T03:46:38Z" user="vietnam321" uid="11196308" lat="21.0756617" lon="105.8005033"/>
 <node id="9005146752" visible="true" version="3" changeset="165176642" timestamp="2025-04-20T03:46:38Z" user="vietnam321" uid="11196308" lat="21.0756502" lon="105.8005279"/>
 <node id="9005146753" visible="true" version="3" changeset="165176642" timestamp="2025-04-20T03:46:38Z" user="vietnam321" uid="11196308" lat="21.0755888" lon="105.8005074"/>
 <node id="9005146754" visible="true" version="3" changeset="165176642" timestamp="2025-04-20T03:46:38Z" user="vietnam321" uid="11196308" lat="21.0756144" lon="105.8004319"/>
 <node id="9005146755" visible="true" version="3" changeset="165176642" timestamp="2025-04-20T03:46:38Z" user="vietnam321" uid="11196308" lat="21.0756041" lon="105.8004237"/>
 <node id="9005146756" visible="true" version="1" changeset="109647365" timestamp="2021-08-13T20:01:32Z" user="Robert Knobloch" uid="11928550" lat="21.0759906" lon="105.8003277"/>
 <node id="9005146757" visible="true" version="1" changeset="109647365" timestamp="2021-08-13T20:01:32Z" user="Robert Knobloch" uid="11928550" lat="21.0759637" lon="105.8004196"/>
 <node id="9005146758" visible="true" version="1" changeset="109647365" timestamp="2021-08-13T20:01:32Z" user="Robert Knobloch" uid="11928550" lat="21.0758690" lon="105.8003743"/>
 <node id="9005146759" visible="true" version="1" changeset="109647365" timestamp="2021-08-13T20:01:32Z" user="Robert Knobloch" uid="11928550" lat="21.0759100" lon="105.8002907"/>
 <node id="9005146760" visible="true" version="1" changeset="109647365" timestamp="2021-08-13T20:01:32Z" user="Robert Knobloch" uid="11928550" lat="21.0758447" lon="105.8003689"/>
 <node id="9005146761" visible="true" version="1" changeset="109647365" timestamp="2021-08-13T20:01:32Z" user="Robert Knobloch" uid="11928550" lat="21.0758767" lon="105.8002742"/>
 <node id="9005146762" visible="true" version="1" changeset="109647365" timestamp="2021-08-13T20:01:32Z" user="Robert Knobloch" uid="11928550" lat="21.0758050" lon="105.8002386"/>
 <node id="9005146763" visible="true" version="1" changeset="109647365" timestamp="2021-08-13T20:01:32Z" user="Robert Knobloch" uid="11928550" lat="21.0757654" lon="105.8003428"/>
 <node id="9005146764" visible="true" version="3" changeset="165176642" timestamp="2025-04-20T03:46:38Z" user="vietnam321" uid="11196308" lat="21.0757985" lon="105.8005857"/>
 <node id="9005146765" visible="true" version="3" changeset="165176642" timestamp="2025-04-20T03:46:38Z" user="vietnam321" uid="11196308" lat="21.0758242" lon="105.8005101"/>
 <node id="9005146766" visible="true" version="3" changeset="165176642" timestamp="2025-04-20T03:46:38Z" user="vietnam321" uid="11196308" lat="21.0758178" lon="105.8004909"/>
 <node id="9005146767" visible="true" version="3" changeset="165176642" timestamp="2025-04-20T03:46:38Z" user="vietnam321" uid="11196308" lat="21.0758290" lon="105.8004470"/>
 <node id="9005146768" visible="true" version="3" changeset="165176642" timestamp="2025-04-20T03:46:38Z" user="vietnam321" uid="11196308" lat="21.0758716" lon="105.8004594"/>
 <node id="9005146769" visible="true" version="3" changeset="165176642" timestamp="2025-04-20T03:46:38Z" user="vietnam321" uid="11196308" lat="21.0758844" lon="105.8004470"/>
 <node id="9005146770" visible="true" version="3" changeset="165176642" timestamp="2025-04-20T03:46:38Z" user="vietnam321" uid="11196308" lat="21.0759228" lon="105.8004635"/>
 <node id="9005146771" visible="true" version="3" changeset="165176642" timestamp="2025-04-20T03:46:38Z" user="vietnam321" uid="11196308" lat="21.0759202" lon="105.8004909"/>
 <node id="9005146772" visible="true" version="3" changeset="165176642" timestamp="2025-04-20T03:46:38Z" user="vietnam321" uid="11196308" lat="21.0760475" lon="105.8005406"/>
 <node id="9005146773" visible="true" version="3" changeset="165176642" timestamp="2025-04-20T03:46:38Z" user="vietnam321" uid="11196308" lat="21.0760047" lon="105.8006663"/>
 <node id="9005146774" visible="true" version="1" changeset="109647365" timestamp="2021-08-13T20:01:32Z" user="Robert Knobloch" uid="11928550" lat="21.0762696" lon="105.8006377"/>
 <node id="9005146775" visible="true" version="1" changeset="109647365" timestamp="2021-08-13T20:01:32Z" user="Robert Knobloch" uid="11928550" lat="21.0762273" lon="105.8007748"/>
 <node id="9005146776" visible="true" version="1" changeset="109647365" timestamp="2021-08-13T20:01:32Z" user="Robert Knobloch" uid="11928550" lat="21.0761544" lon="105.8007487"/>
 <node id="9005146777" visible="true" version="1" changeset="109647365" timestamp="2021-08-13T20:01:32Z" user="Robert Knobloch" uid="11928550" lat="21.0761966" lon="105.8006102"/>
 <node id="9005146778" visible="true" version="1" changeset="109647365" timestamp="2021-08-13T20:01:32Z" user="Robert Knobloch" uid="11928550" lat="21.0761224" lon="105.8007391"/>
 <node id="9005146779" visible="true" version="1" changeset="109647365" timestamp="2021-08-13T20:01:32Z" user="Robert Knobloch" uid="11928550" lat="21.0761800" lon="105.8005993"/>
 <node id="9005146780" visible="true" version="1" changeset="109647365" timestamp="2021-08-13T20:01:32Z" user="Robert Knobloch" uid="11928550" lat="21.0760904" lon="105.8005485"/>
 <node id="9005146781" visible="true" version="1" changeset="109647365" timestamp="2021-08-13T20:01:32Z" user="Robert Knobloch" uid="11928550" lat="21.0760328" lon="105.8007131"/>
 <node id="9005146786" visible="true" version="2" changeset="110807120" timestamp="2021-09-06T14:28:47Z" user="Robert Knobloch" uid="11928550" lat="21.0770737" lon="105.7978922"/>
 <node id="9005146787" visible="true" version="1" changeset="109647365" timestamp="2021-08-13T20:01:32Z" user="Robert Knobloch" uid="11928550" lat="21.0770283" lon="105.7978773"/>
 <node id="9005146788" visible="true" version="1" changeset="109647365" timestamp="2021-08-13T20:01:32Z" user="Robert Knobloch" uid="11928550" lat="21.0770523" lon="105.7978078"/>
 <node id="9005146789" visible="true" version="1" changeset="109647365" timestamp="2021-08-13T20:01:32Z" user="Robert Knobloch" uid="11928550" lat="21.0770487" lon="105.7977782"/>
 <node id="9005146790" visible="true" version="1" changeset="109647365" timestamp="2021-08-13T20:01:32Z" user="Robert Knobloch" uid="11928550" lat="21.0768110" lon="105.7976752"/>
 <node id="9005146791" visible="true" version="1" changeset="109647365" timestamp="2021-08-13T20:01:32Z" user="Robert Knobloch" uid="11928550" lat="21.0767785" lon="105.7977100"/>
 <node id="9005146792" visible="true" version="1" changeset="109647365" timestamp="2021-08-13T20:01:32Z" user="Robert Knobloch" uid="11928550" lat="21.0767641" lon="105.7977524"/>
 <node id="9005146793" visible="true" version="1" changeset="109647365" timestamp="2021-08-13T20:01:32Z" user="Robert Knobloch" uid="11928550" lat="21.0767305" lon="105.7978322"/>
 <node id="9005146794" visible="true" version="1" changeset="109647365" timestamp="2021-08-13T20:01:32Z" user="Robert Knobloch" uid="11928550" lat="21.0767377" lon="105.7978824"/>
 <node id="9005146795" visible="true" version="1" changeset="109647365" timestamp="2021-08-13T20:01:32Z" user="Robert Knobloch" uid="11928550" lat="21.0768230" lon="105.7979249"/>
 <node id="9005146796" visible="true" version="1" changeset="109647365" timestamp="2021-08-13T20:01:32Z" user="Robert Knobloch" uid="11928550" lat="21.0769407" lon="105.7979763"/>
 <node id="9005146797" visible="true" version="1" changeset="109647365" timestamp="2021-08-13T20:01:32Z" user="Robert Knobloch" uid="11928550" lat="21.0769779" lon="105.7979699"/>
 <node id="9005146798" visible="true" version="1" changeset="109647365" timestamp="2021-08-13T20:01:32Z" user="Robert Knobloch" uid="11928550" lat="21.0767556" lon="105.7977728"/>
 <node id="9005146800" visible="true" version="3" changeset="148003172" timestamp="2024-02-28T08:55:02Z" user="phoenixsaigon1698" uid="3323343" lat="21.0767782" lon="105.7961539">
  <tag k="crossing" v="marked"/>
  <tag k="crossing:markings" v="yes"/>
  <tag k="highway" v="crossing"/>
 </node>
 <node id="9005146807" visible="true" version="1" changeset="109647365" timestamp="2021-08-13T20:01:32Z" user="Robert Knobloch" uid="11928550" lat="21.0781426" lon="105.7951894">
  <tag k="amenity" v="bench"/>
  <tag k="backrest" v="yes"/>
 </node>
 <node id="9005146808" visible="true" version="1" changeset="109647365" timestamp="2021-08-13T20:01:32Z" user="Robert Knobloch" uid="11928550" lat="21.0793607" lon="105.7937519">
  <tag k="amenity" v="bench"/>
  <tag k="backrest" v="yes"/>
 </node>
 <node id="9005146809" visible="true" version="1" changeset="109647365" timestamp="2021-08-13T20:01:32Z" user="Robert Knobloch" uid="11928550" lat="21.0793515" lon="105.7937815">
  <tag k="amenity" v="bench"/>
  <tag k="backrest" v="yes"/>
 </node>
 <node id="9005146810" visible="true" version="1" changeset="109647365" timestamp="2021-08-13T20:01:32Z" user="Robert Knobloch" uid="11928550" lat="21.0793423" lon="105.7938061">
  <tag k="amenity" v="bench"/>
  <tag k="backrest" v="yes"/>
 </node>
 <node id="9005148727" visible="true" version="1" changeset="109647365" timestamp="2021-08-13T20:01:32Z" user="Robert Knobloch" uid="11928550" lat="21.0778153" lon="105.7956122"/>
 <node id="9005148728" visible="true" version="1" changeset="109647365" timestamp="2021-08-13T20:01:32Z" user="Robert Knobloch" uid="11928550" lat="21.0777743" lon="105.7957486"/>
 <node id="9005148729" visible="true" version="1" changeset="109647365" timestamp="2021-08-13T20:01:32Z" user="Robert Knobloch" uid="11928550" lat="21.0776693" lon="105.7957124"/>
 <node id="9005148730" visible="true" version="1" changeset="109647365" timestamp="2021-08-13T20:01:32Z" user="Robert Knobloch" uid="11928550" lat="21.0777103" lon="105.7955759"/>
 <node id="9005148731" visible="true" version="1" changeset="109647365" timestamp="2021-08-13T20:01:32Z" user="Robert Knobloch" uid="11928550" lat="21.0777595" lon="105.7957736"/>
 <node id="9005148732" visible="true" version="1" changeset="109647365" timestamp="2021-08-13T20:01:32Z" user="Robert Knobloch" uid="11928550" lat="21.0777073" lon="105.7959062"/>
 <node id="9005148733" visible="true" version="1" changeset="109647365" timestamp="2021-08-13T20:01:32Z" user="Robert Knobloch" uid="11928550" lat="21.0776069" lon="105.7958608"/>
 <node id="9005148734" visible="true" version="1" changeset="109647365" timestamp="2021-08-13T20:01:32Z" user="Robert Knobloch" uid="11928550" lat="21.0776590" lon="105.7957282"/>
 <node id="9005148735" visible="true" version="1" changeset="109647365" timestamp="2021-08-13T20:01:32Z" user="Robert Knobloch" uid="11928550" lat="21.0776999" lon="105.7959312"/>
 <node id="9005148736" visible="true" version="1" changeset="109647365" timestamp="2021-08-13T20:01:32Z" user="Robert Knobloch" uid="11928550" lat="21.0776477" lon="105.7960653"/>
 <node id="9005148737" visible="true" version="1" changeset="109647365" timestamp="2021-08-13T20:01:32Z" user="Robert Knobloch" uid="11928550" lat="21.0775501" lon="105.7960217"/>
 <node id="9005148738" visible="true" version="1" changeset="109647365" timestamp="2021-08-13T20:01:32Z" user="Robert Knobloch" uid="11928550" lat="21.0776024" lon="105.7958876"/>
 <node id="9005148739" visible="true" version="1" changeset="109647365" timestamp="2021-08-13T20:01:32Z" user="Robert Knobloch" uid="11928550" lat="21.0776355" lon="105.7960940"/>
 <node id="9005148740" visible="true" version="1" changeset="109647365" timestamp="2021-08-13T20:01:32Z" user="Robert Knobloch" uid="11928550" lat="21.0775919" lon="105.7962229"/>
 <node id="9005148741" visible="true" version="1" changeset="109647365" timestamp="2021-08-13T20:01:32Z" user="Robert Knobloch" uid="11928550" lat="21.0774942" lon="105.7961850"/>
 <node id="9005148742" visible="true" version="1" changeset="109647365" timestamp="2021-08-13T20:01:32Z" user="Robert Knobloch" uid="11928550" lat="21.0775378" lon="105.7960561"/>
 <node id="9005148743" visible="true" version="1" changeset="109647365" timestamp="2021-08-13T20:01:32Z" user="Robert Knobloch" uid="11928550" lat="21.0775669" lon="105.7962394"/>
 <node id="9005148744" visible="true" version="1" changeset="109647365" timestamp="2021-08-13T20:01:32Z" user="Robert Knobloch" uid="11928550" lat="21.0775117" lon="105.7964015"/>
 <node id="9005148745" visible="true" version="1" changeset="109647365" timestamp="2021-08-13T20:01:32Z" user="Robert Knobloch" uid="11928550" lat="21.0774157" lon="105.7963640"/>
 <node id="9005148746" visible="true" version="1" changeset="109647365" timestamp="2021-08-13T20:01:32Z" user="Robert Knobloch" uid="11928550" lat="21.0774709" lon="105.7962019"/>
 <node id="9005148747" visible="true" version="1" changeset="109647365" timestamp="2021-08-13T20:01:32Z" user="Robert Knobloch" uid="11928550" lat="21.0776948" lon="105.7955663"/>
 <node id="9005148748" visible="true" version="1" changeset="109647365" timestamp="2021-08-13T20:01:32Z" user="Robert Knobloch" uid="11928550" lat="21.0776515" lon="105.7956714"/>
 <node id="9005148749" visible="true" version="1" changeset="109647365" timestamp="2021-08-13T20:01:32Z" user="Robert Knobloch" uid="11928550" lat="21.0775695" lon="105.7956305"/>
 <node id="9005148750" visible="true" version="1" changeset="109647365" timestamp="2021-08-13T20:01:32Z" user="Robert Knobloch" uid="11928550" lat="21.0776028" lon="105.7955309"/>
 <node id="9005148751" visible="true" version="1" changeset="109647365" timestamp="2021-08-13T20:01:32Z" user="Robert Knobloch" uid="11928550" lat="21.0776149" lon="105.7957729"/>
 <node id="9005148752" visible="true" version="1" changeset="109647365" timestamp="2021-08-13T20:01:32Z" user="Robert Knobloch" uid="11928550" lat="21.0775226" lon="105.7957347"/>
 <node id="9005148753" visible="true" version="1" changeset="109647365" timestamp="2021-08-13T20:01:32Z" user="Robert Knobloch" uid="11928550" lat="21.0775592" lon="105.7956332"/>
 <node id="9005148754" visible="true" version="1" changeset="109647365" timestamp="2021-08-13T20:01:32Z" user="Robert Knobloch" uid="11928550" lat="21.0775893" lon="105.7957852"/>
 <node id="9005148755" visible="true" version="1" changeset="109647365" timestamp="2021-08-13T20:01:32Z" user="Robert Knobloch" uid="11928550" lat="21.0775441" lon="105.7959185"/>
 <node id="9005148756" visible="true" version="1" changeset="109647365" timestamp="2021-08-13T20:01:32Z" user="Robert Knobloch" uid="11928550" lat="21.0774599" lon="105.7958857"/>
 <node id="9005148757" visible="true" version="1" changeset="109647365" timestamp="2021-08-13T20:01:32Z" user="Robert Knobloch" uid="11928550" lat="21.0775051" lon="105.7957524"/>
 <node id="9005148758" visible="true" version="1" changeset="109647365" timestamp="2021-08-13T20:01:32Z" user="Robert Knobloch" uid="11928550" lat="21.0775302" lon="105.7959649"/>
 <node id="9005148759" visible="true" version="1" changeset="109647365" timestamp="2021-08-13T20:01:32Z" user="Robert Knobloch" uid="11928550" lat="21.0774798" lon="105.7961076"/>
 <node id="9005148760" visible="true" version="1" changeset="109647365" timestamp="2021-08-13T20:01:32Z" user="Robert Knobloch" uid="11928550" lat="21.0773919" lon="105.7960720"/>
 <node id="9005148761" visible="true" version="1" changeset="109647365" timestamp="2021-08-13T20:01:32Z" user="Robert Knobloch" uid="11928550" lat="21.0774422" lon="105.7959293"/>
 <node id="9005148762" visible="true" version="1" changeset="109647365" timestamp="2021-08-13T20:01:32Z" user="Robert Knobloch" uid="11928550" lat="21.0774655" lon="105.7961331"/>
 <node id="9005148763" visible="true" version="1" changeset="109647365" timestamp="2021-08-13T20:01:32Z" user="Robert Knobloch" uid="11928550" lat="21.0774076" lon="105.7963086"/>
 <node id="9005148764" visible="true" version="1" changeset="109647365" timestamp="2021-08-13T20:01:32Z" user="Robert Knobloch" uid="11928550" lat="21.0772961" lon="105.7962663"/>
 <node id="9005148765" visible="true" version="1" changeset="109647365" timestamp="2021-08-13T20:01:32Z" user="Robert Knobloch" uid="11928550" lat="21.0773540" lon="105.7960908"/>
 <node id="9005148777" visible="true" version="1" changeset="109647365" timestamp="2021-08-13T20:01:32Z" user="Robert Knobloch" uid="11928550" lat="21.0756947" lon="105.8080920"/>
 <node id="9005148778" visible="true" version="1" changeset="109647365" timestamp="2021-08-13T20:01:32Z" user="Robert Knobloch" uid="11928550" lat="21.0758139" lon="105.8081444"/>
 <node id="9005148779" visible="true" version="1" changeset="109647365" timestamp="2021-08-13T20:01:32Z" user="Robert Knobloch" uid="11928550" lat="21.0757449" lon="105.8083367"/>
 <node id="9005148780" visible="true" version="1" changeset="109647365" timestamp="2021-08-13T20:01:32Z" user="Robert Knobloch" uid="11928550" lat="21.0756182" lon="105.8082762"/>
 <node id="9014368603" visible="true" version="1" changeset="109818084" timestamp="2021-08-17T14:52:25Z" user="Robert Knobloch" uid="11928550" lat="21.0764092" lon="105.8008473"/>
 <node id="9014368604" visible="true" version="1" changeset="109818084" timestamp="2021-08-17T14:52:25Z" user="Robert Knobloch" uid="11928550" lat="21.0764753" lon="105.8007887"/>
 <node id="9014368605" visible="true" version="1" changeset="109818084" timestamp="2021-08-17T14:52:25Z" user="Robert Knobloch" uid="11928550" lat="21.0765000" lon="105.8007397"/>
 <node id="9014368606" visible="true" version="1" changeset="109818084" timestamp="2021-08-17T14:52:25Z" user="Robert Knobloch" uid="11928550" lat="21.0764971" lon="105.8006501"/>
 <node id="9014368607" visible="true" version="1" changeset="109818084" timestamp="2021-08-17T14:52:25Z" user="Robert Knobloch" uid="11928550" lat="21.0764828" lon="105.8005995"/>
 <node id="9014368608" visible="true" version="1" changeset="109818084" timestamp="2021-08-17T14:52:25Z" user="Robert Knobloch" uid="11928550" lat="21.0764808" lon="105.8005555"/>
 <node id="9014368609" visible="true" version="1" changeset="109818084" timestamp="2021-08-17T14:52:25Z" user="Robert Knobloch" uid="11928550" lat="21.0764961" lon="105.8004984"/>
 <node id="9014368610" visible="true" version="1" changeset="109818084" timestamp="2021-08-17T14:52:25Z" user="Robert Knobloch" uid="11928550" lat="21.0765511" lon="105.8004171"/>
 <node id="9014368611" visible="true" version="1" changeset="109818084" timestamp="2021-08-17T14:52:25Z" user="Robert Knobloch" uid="11928550" lat="21.0766850" lon="105.8001677"/>
 <node id="9014368612" visible="true" version="1" changeset="109818084" timestamp="2021-08-17T14:52:25Z" user="Robert Knobloch" uid="11928550" lat="21.0766946" lon="105.8001275"/>
 <node id="9014368613" visible="true" version="1" changeset="109818084" timestamp="2021-08-17T14:52:25Z" user="Robert Knobloch" uid="11928550" lat="21.0768110" lon="105.8000216"/>
 <node id="9014368614" visible="true" version="1" changeset="109818084" timestamp="2021-08-17T14:52:25Z" user="Robert Knobloch" uid="11928550" lat="21.0769249" lon="105.7999763"/>
 <node id="9014368615" visible="true" version="1" changeset="109818084" timestamp="2021-08-17T14:52:25Z" user="Robert Knobloch" uid="11928550" lat="21.0769579" lon="105.7999193"/>
 <node id="9014422717" visible="true" version="1" changeset="109818084" timestamp="2021-08-17T14:52:25Z" user="Robert Knobloch" uid="11928550" lat="21.0770130" lon="105.7996243"/>
 <node id="9014422718" visible="true" version="1" changeset="109818084" timestamp="2021-08-17T14:52:25Z" user="Robert Knobloch" uid="11928550" lat="21.0771417" lon="105.7993341"/>
 <node id="9014422719" visible="true" version="1" changeset="109818084" timestamp="2021-08-17T14:52:25Z" user="Robert Knobloch" uid="11928550" lat="21.0773261" lon="105.7990535"/>
 <node id="9014422720" visible="true" version="1" changeset="109818084" timestamp="2021-08-17T14:52:25Z" user="Robert Knobloch" uid="11928550" lat="21.0773641" lon="105.7989502"/>
 <node id="9014422721" visible="true" version="1" changeset="109818084" timestamp="2021-08-17T14:52:25Z" user="Robert Knobloch" uid="11928550" lat="21.0774110" lon="105.7988654"/>
 <node id="9014422722" visible="true" version="1" changeset="109818084" timestamp="2021-08-17T14:52:25Z" user="Robert Knobloch" uid="11928550" lat="21.0775618" lon="105.7985821"/>
 <node id="9014422723" visible="true" version="1" changeset="109818084" timestamp="2021-08-17T14:52:25Z" user="Robert Knobloch" uid="11928550" lat="21.0775625" lon="105.7985037"/>
 <node id="9014422724" visible="true" version="1" changeset="109818084" timestamp="2021-08-17T14:52:25Z" user="Robert Knobloch" uid="11928550" lat="21.0775492" lon="105.7984687"/>
 <node id="9014422725" visible="true" version="1" changeset="109818084" timestamp="2021-08-17T14:52:25Z" user="Robert Knobloch" uid="11928550" lat="21.0775977" lon="105.7982110"/>
 <node id="9014422726" visible="true" version="1" changeset="109818084" timestamp="2021-08-17T14:52:25Z" user="Robert Knobloch" uid="11928550" lat="21.0776508" lon="105.7979932"/>
 <node id="9014422727" visible="true" version="1" changeset="109818084" timestamp="2021-08-17T14:52:25Z" user="Robert Knobloch" uid="11928550" lat="21.0776576" lon="105.7977339"/>
 <node id="9014422728" visible="true" version="1" changeset="109818084" timestamp="2021-08-17T14:52:25Z" user="Robert Knobloch" uid="11928550" lat="21.0778159" lon="105.7973900"/>
 <node id="9014422729" visible="true" version="1" changeset="109818084" timestamp="2021-08-17T14:52:25Z" user="Robert Knobloch" uid="11928550" lat="21.0780425" lon="105.7968961"/>
 <node id="9014422730" visible="true" version="1" changeset="109818084" timestamp="2021-08-17T14:52:25Z" user="Robert Knobloch" uid="11928550" lat="21.0781024" lon="105.7968003"/>
 <node id="9014422731" visible="true" version="1" changeset="109818084" timestamp="2021-08-17T14:52:25Z" user="Robert Knobloch" uid="11928550" lat="21.0782501" lon="105.7966920"/>
 <node id="9014422732" visible="true" version="1" changeset="109818084" timestamp="2021-08-17T14:52:25Z" user="Robert Knobloch" uid="11928550" lat="21.0783081" lon="105.7965856"/>
 <node id="9014422733" visible="true" version="1" changeset="109818084" timestamp="2021-08-17T14:52:25Z" user="Robert Knobloch" uid="11928550" lat="21.0783562" lon="105.7963530"/>
 <node id="9014422734" visible="true" version="1" changeset="109818084" timestamp="2021-08-17T14:52:25Z" user="Robert Knobloch" uid="11928550" lat="21.0783657" lon="105.7961789"/>
 <node id="9014422735" visible="true" version="1" changeset="109818084" timestamp="2021-08-17T14:52:25Z" user="Robert Knobloch" uid="11928550" lat="21.0783356" lon="105.7960727"/>
 <node id="9014422736" visible="true" version="1" changeset="109818084" timestamp="2021-08-17T14:52:25Z" user="Robert Knobloch" uid="11928550" lat="21.0783277" lon="105.7959388"/>
 <node id="9014422737" visible="true" version="1" changeset="109818084" timestamp="2021-08-17T14:52:25Z" user="Robert Knobloch" uid="11928550" lat="21.0783768" lon="105.7957585"/>
 <node id="9014422738" visible="true" version="1" changeset="109818084" timestamp="2021-08-17T14:52:25Z" user="Robert Knobloch" uid="11928550" lat="21.0784730" lon="105.7955999"/>
 <node id="9014422739" visible="true" version="1" changeset="109818084" timestamp="2021-08-17T14:52:25Z" user="Robert Knobloch" uid="11928550" lat="21.0785194" lon="105.7955223"/>
 <node id="9014422740" visible="true" version="1" changeset="109818084" timestamp="2021-08-17T14:52:25Z" user="Robert Knobloch" uid="11928550" lat="21.0785259" lon="105.7954532"/>
 <node id="9014422741" visible="true" version="1" changeset="109818084" timestamp="2021-08-17T14:52:25Z" user="Robert Knobloch" uid="11928550" lat="21.0784923" lon="105.7954079"/>
 <node id="9014422742" visible="true" version="1" changeset="109818084" timestamp="2021-08-17T14:52:25Z" user="Robert Knobloch" uid="11928550" lat="21.0784318" lon="105.7954044"/>
 <node id="9014422743" visible="true" version="1" changeset="109818084" timestamp="2021-08-17T14:52:25Z" user="Robert Knobloch" uid="11928550" lat="21.0783720" lon="105.7954835"/>
 <node id="9014422744" visible="true" version="1" changeset="109818084" timestamp="2021-08-17T14:52:25Z" user="Robert Knobloch" uid="11928550" lat="21.0778816" lon="105.7967059"/>
 <node id="9014422745" visible="true" version="1" changeset="109818084" timestamp="2021-08-17T14:52:25Z" user="Robert Knobloch" uid="11928550" lat="21.0774367" lon="105.7978942"/>
 <node id="9014422746" visible="true" version="1" changeset="109818084" timestamp="2021-08-17T14:52:25Z" user="Robert Knobloch" uid="11928550" lat="21.0769892" lon="105.7990460"/>
 <node id="9014422747" visible="true" version="1" changeset="109818084" timestamp="2021-08-17T14:52:25Z" user="Robert Knobloch" uid="11928550" lat="21.0766505" lon="105.7999027"/>
 <node id="9014422748" visible="true" version="1" changeset="109818084" timestamp="2021-08-17T14:52:25Z" user="Robert Knobloch" uid="11928550" lat="21.0764732" lon="105.8004377"/>
 <node id="9014422749" visible="true" version="1" changeset="109818084" timestamp="2021-08-17T14:52:25Z" user="Robert Knobloch" uid="11928550" lat="21.0763919" lon="105.8007727"/>
 <node id="9014422750" visible="true" version="1" changeset="109818084" timestamp="2021-08-17T14:52:25Z" user="Robert Knobloch" uid="11928550" lat="21.0789445" lon="105.7960103"/>
 <node id="9014422751" visible="true" version="1" changeset="109818084" timestamp="2021-08-17T14:52:25Z" user="Robert Knobloch" uid="11928550" lat="21.0789223" lon="105.7960559"/>
 <node id="9014422752" visible="true" version="1" changeset="109818084" timestamp="2021-08-17T14:52:25Z" user="Robert Knobloch" uid="11928550" lat="21.0788673" lon="105.7960423"/>
 <node id="9014422753" visible="true" version="1" changeset="109818084" timestamp="2021-08-17T14:52:25Z" user="Robert Knobloch" uid="11928550" lat="21.0788250" lon="105.7960369"/>
 <node id="9014422754" visible="true" version="1" changeset="109818084" timestamp="2021-08-17T14:52:25Z" user="Robert Knobloch" uid="11928550" lat="21.0787574" lon="105.7960629"/>
 <node id="9014422755" visible="true" version="1" changeset="109818084" timestamp="2021-08-17T14:52:25Z" user="Robert Knobloch" uid="11928550" lat="21.0786852" lon="105.7961141"/>
 <node id="9014422756" visible="true" version="1" changeset="109818084" timestamp="2021-08-17T14:52:25Z" user="Robert Knobloch" uid="11928550" lat="21.0786109" lon="105.7961488"/>
 <node id="9014422757" visible="true" version="1" changeset="109818084" timestamp="2021-08-17T14:52:25Z" user="Robert Knobloch" uid="11928550" lat="21.0785740" lon="105.7961284"/>
 <node id="9014422758" visible="true" version="1" changeset="109818084" timestamp="2021-08-17T14:52:25Z" user="Robert Knobloch" uid="11928550" lat="21.0785788" lon="105.7960713"/>
 <node id="9014422759" visible="true" version="1" changeset="109818084" timestamp="2021-08-17T14:52:25Z" user="Robert Knobloch" uid="11928550" lat="21.0786005" lon="105.7959447"/>
 <node id="9014422760" visible="true" version="1" changeset="109818084" timestamp="2021-08-17T14:52:25Z" user="Robert Knobloch" uid="11928550" lat="21.0785924" lon="105.7958687"/>
 <node id="9014422761" visible="true" version="1" changeset="109818084" timestamp="2021-08-17T14:52:25Z" user="Robert Knobloch" uid="11928550" lat="21.0786205" lon="105.7957870"/>
 <node id="9014422762" visible="true" version="1" changeset="109818084" timestamp="2021-08-17T14:52:25Z" user="Robert Knobloch" uid="11928550" lat="21.0786434" lon="105.7957023"/>
 <node id="9014422763" visible="true" version="1" changeset="109818084" timestamp="2021-08-17T14:52:25Z" user="Robert Knobloch" uid="11928550" lat="21.0786637" lon="105.7956752"/>
 <node id="9014422764" visible="true" version="1" changeset="109818084" timestamp="2021-08-17T14:52:25Z" user="Robert Knobloch" uid="11928550" lat="21.0786944" lon="105.7956861"/>
 <node id="9014422765" visible="true" version="1" changeset="109818084" timestamp="2021-08-17T14:52:25Z" user="Robert Knobloch" uid="11928550" lat="21.0786906" lon="105.7957638"/>
 <node id="9014422766" visible="true" version="1" changeset="109818084" timestamp="2021-08-17T14:52:25Z" user="Robert Knobloch" uid="11928550" lat="21.0786996" lon="105.7958527"/>
 <node id="9014422767" visible="true" version="1" changeset="109818084" timestamp="2021-08-17T14:52:25Z" user="Robert Knobloch" uid="11928550" lat="21.0787420" lon="105.7958815"/>
 <node id="9014422768" visible="true" version="1" changeset="109818084" timestamp="2021-08-17T14:52:25Z" user="Robert Knobloch" uid="11928550" lat="21.0788545" lon="105.7959217"/>
 <node id="9014422769" visible="true" version="1" changeset="109818084" timestamp="2021-08-17T14:52:25Z" user="Robert Knobloch" uid="11928550" lat="21.0789347" lon="105.7959555"/>
 <node id="9014422770" visible="true" version="1" changeset="109818084" timestamp="2021-08-17T14:52:25Z" user="Robert Knobloch" uid="11928550" lat="21.0797136" lon="105.7963120"/>
 <node id="9014422771" visible="true" version="1" changeset="109818084" timestamp="2021-08-17T14:52:25Z" user="Robert Knobloch" uid="11928550" lat="21.0796489" lon="105.7962976"/>
 <node id="9014422772" visible="true" version="1" changeset="109818084" timestamp="2021-08-17T14:52:25Z" user="Robert Knobloch" uid="11928550" lat="21.0796474" lon="105.7962426"/>
 <node id="9014422773" visible="true" version="1" changeset="109818084" timestamp="2021-08-17T14:52:25Z" user="Robert Knobloch" uid="11928550" lat="21.0795917" lon="105.7962332"/>
 <node id="9014422774" visible="true" version="1" changeset="109818084" timestamp="2021-08-17T14:52:25Z" user="Robert Knobloch" uid="11928550" lat="21.0795415" lon="105.7962450"/>
 <node id="9014422775" visible="true" version="1" changeset="109818084" timestamp="2021-08-17T14:52:25Z" user="Robert Knobloch" uid="11928550" lat="21.0795272" lon="105.7962787"/>
 <node id="9014422776" visible="true" version="1" changeset="109818084" timestamp="2021-08-17T14:52:25Z" user="Robert Knobloch" uid="11928550" lat="21.0794918" lon="105.7962913"/>
 <node id="9014422777" visible="true" version="1" changeset="109818084" timestamp="2021-08-17T14:52:25Z" user="Robert Knobloch" uid="11928550" lat="21.0792171" lon="105.7960931"/>
 <node id="9014422778" visible="true" version="1" changeset="109818084" timestamp="2021-08-17T14:52:25Z" user="Robert Knobloch" uid="11928550" lat="21.0791081" lon="105.7960718"/>
 <node id="9014422779" visible="true" version="1" changeset="109818084" timestamp="2021-08-17T14:52:25Z" user="Robert Knobloch" uid="11928550" lat="21.0791040" lon="105.7960327"/>
 <node id="9014422780" visible="true" version="1" changeset="109818084" timestamp="2021-08-17T14:52:25Z" user="Robert Knobloch" uid="11928550" lat="21.0791724" lon="105.7959734"/>
 <node id="9014422781" visible="true" version="1" changeset="109818084" timestamp="2021-08-17T14:52:25Z" user="Robert Knobloch" uid="11928550" lat="21.0792492" lon="105.7959498"/>
 <node id="9014422782" visible="true" version="1" changeset="109818084" timestamp="2021-08-17T14:52:25Z" user="Robert Knobloch" uid="11928550" lat="21.0793567" lon="105.7959308"/>
 <node id="9014422783" visible="true" version="1" changeset="109818084" timestamp="2021-08-17T14:52:25Z" user="Robert Knobloch" uid="11928550" lat="21.0794247" lon="105.7959004"/>
 <node id="9014422784" visible="true" version="1" changeset="109818084" timestamp="2021-08-17T14:52:25Z" user="Robert Knobloch" uid="11928550" lat="21.0795098" lon="105.7959272"/>
 <node id="9014422785" visible="true" version="1" changeset="109818084" timestamp="2021-08-17T14:52:25Z" user="Robert Knobloch" uid="11928550" lat="21.0795625" lon="105.7959362"/>
 <node id="9014422786" visible="true" version="1" changeset="109818084" timestamp="2021-08-17T14:52:25Z" user="Robert Knobloch" uid="11928550" lat="21.0796047" lon="105.7959473"/>
 <node id="9014422787" visible="true" version="1" changeset="109818084" timestamp="2021-08-17T14:52:25Z" user="Robert Knobloch" uid="11928550" lat="21.0795955" lon="105.7960322"/>
 <node id="9014422788" visible="true" version="1" changeset="109818084" timestamp="2021-08-17T14:52:25Z" user="Robert Knobloch" uid="11928550" lat="21.0795960" lon="105.7961038"/>
 <node id="9014422789" visible="true" version="1" changeset="109818084" timestamp="2021-08-17T14:52:25Z" user="Robert Knobloch" uid="11928550" lat="21.0796536" lon="105.7961675"/>
 <node id="9014422790" visible="true" version="1" changeset="109818084" timestamp="2021-08-17T14:52:25Z" user="Robert Knobloch" uid="11928550" lat="21.0797015" lon="105.7962245"/>
 <node id="9014422791" visible="true" version="1" changeset="109818084" timestamp="2021-08-17T14:52:25Z" user="Robert Knobloch" uid="11928550" lat="21.0797439" lon="105.7962561"/>
 <node id="9014422792" visible="true" version="1" changeset="109818084" timestamp="2021-08-17T14:52:25Z" user="Robert Knobloch" uid="11928550" lat="21.0780514" lon="105.7995220"/>
 <node id="9014422793" visible="true" version="1" changeset="109818084" timestamp="2021-08-17T14:52:25Z" user="Robert Knobloch" uid="11928550" lat="21.0789552" lon="105.7966764"/>
 <node id="9014422794" visible="true" version="1" changeset="109818084" timestamp="2021-08-17T14:52:25Z" user="Robert Knobloch" uid="11928550" lat="21.0789824" lon="105.7966721"/>
 <node id="9014422795" visible="true" version="1" changeset="109818084" timestamp="2021-08-17T14:52:25Z" user="Robert Knobloch" uid="11928550" lat="21.0790070" lon="105.7966591"/>
 <node id="9014422796" visible="true" version="1" changeset="109818084" timestamp="2021-08-17T14:52:25Z" user="Robert Knobloch" uid="11928550" lat="21.0790104" lon="105.7965064"/>
 <node id="9014422797" visible="true" version="1" changeset="109818084" timestamp="2021-08-17T14:52:25Z" user="Robert Knobloch" uid="11928550" lat="21.0789836" lon="105.7964911"/>
 <node id="9014422798" visible="true" version="1" changeset="109818084" timestamp="2021-08-17T14:52:25Z" user="Robert Knobloch" uid="11928550" lat="21.0789535" lon="105.7964864"/>
 <node id="9014422799" visible="true" version="1" changeset="109818084" timestamp="2021-08-17T14:52:25Z" user="Robert Knobloch" uid="11928550" lat="21.0789236" lon="105.7964929"/>
 <node id="9014422800" visible="true" version="1" changeset="109818084" timestamp="2021-08-17T14:52:25Z" user="Robert Knobloch" uid="11928550" lat="21.0790268" lon="105.7966386"/>
 <node id="9014422801" visible="true" version="1" changeset="109818084" timestamp="2021-08-17T14:52:25Z" user="Robert Knobloch" uid="11928550" lat="21.0790397" lon="105.7966126"/>
 <node id="9014422802" visible="true" version="1" changeset="109818084" timestamp="2021-08-17T14:52:25Z" user="Robert Knobloch" uid="11928550" lat="21.0790446" lon="105.7965837"/>
 <node id="9014422803" visible="true" version="1" changeset="109818084" timestamp="2021-08-17T14:52:25Z" user="Robert Knobloch" uid="11928550" lat="21.0790410" lon="105.7965545"/>
 <node id="9014422804" visible="true" version="1" changeset="109818084" timestamp="2021-08-17T14:52:25Z" user="Robert Knobloch" uid="11928550" lat="21.0790292" lon="105.7965279"/>
 <node id="9014422805" visible="true" version="1" changeset="109818084" timestamp="2021-08-17T14:52:25Z" user="Robert Knobloch" uid="11928550" lat="21.0788977" lon="105.7965099"/>
 <node id="9014422806" visible="true" version="1" changeset="109818084" timestamp="2021-08-17T14:52:25Z" user="Robert Knobloch" uid="11928550" lat="21.0788785" lon="105.7965352"/>
 <node id="9014422807" visible="true" version="1" changeset="109818084" timestamp="2021-08-17T14:52:25Z" user="Robert Knobloch" uid="11928550" lat="21.0788685" lon="105.7965660"/>
 <node id="9014422808" visible="true" version="1" changeset="109818084" timestamp="2021-08-17T14:52:25Z" user="Robert Knobloch" uid="11928550" lat="21.0788688" lon="105.7965986"/>
 <node id="9014422809" visible="true" version="1" changeset="109818084" timestamp="2021-08-17T14:52:25Z" user="Robert Knobloch" uid="11928550" lat="21.0788794" lon="105.7966292"/>
 <node id="9014422810" visible="true" version="1" changeset="109818084" timestamp="2021-08-17T14:52:25Z" user="Robert Knobloch" uid="11928550" lat="21.0788990" lon="105.7966541"/>
 <node id="9014422811" visible="true" version="1" changeset="109818084" timestamp="2021-08-17T14:52:25Z" user="Robert Knobloch" uid="11928550" lat="21.0789253" lon="105.7966705"/>
 <node id="9014422812" visible="true" version="1" changeset="109818084" timestamp="2021-08-17T14:52:25Z" user="Robert Knobloch" uid="11928550" lat="21.0787734" lon="105.7975653"/>
 <node id="9014422813" visible="true" version="1" changeset="109818084" timestamp="2021-08-17T14:52:25Z" user="Robert Knobloch" uid="11928550" lat="21.0788327" lon="105.7972822"/>
 <node id="9014422814" visible="true" version="1" changeset="109818084" timestamp="2021-08-17T14:52:25Z" user="Robert Knobloch" uid="11928550" lat="21.0788067" lon="105.7972577"/>
 <node id="9014422815" visible="true" version="1" changeset="109818084" timestamp="2021-08-17T14:52:25Z" user="Robert Knobloch" uid="11928550" lat="21.0787564" lon="105.7973189"/>
 <node id="9014422816" visible="true" version="1" changeset="109818084" timestamp="2021-08-17T14:52:25Z" user="Robert Knobloch" uid="11928550" lat="21.0787438" lon="105.7975475"/>
 <node id="9014422817" visible="true" version="1" changeset="109818084" timestamp="2021-08-17T14:52:25Z" user="Robert Knobloch" uid="11928550" lat="21.0783905" lon="105.7990316"/>
 <node id="9014422818" visible="true" version="1" changeset="109818084" timestamp="2021-08-17T14:52:25Z" user="Robert Knobloch" uid="11928550" lat="21.0784806" lon="105.7996629"/>
 <node id="9014422819" visible="true" version="1" changeset="109818084" timestamp="2021-08-17T14:52:25Z" user="Robert Knobloch" uid="11928550" lat="21.0783782" lon="105.8004465"/>
 <node id="9014422820" visible="true" version="1" changeset="109818084" timestamp="2021-08-17T14:52:25Z" user="Robert Knobloch" uid="11928550" lat="21.0779768" lon="105.8005122"/>
 <node id="9014422821" visible="true" version="1" changeset="109818084" timestamp="2021-08-17T14:52:25Z" user="Robert Knobloch" uid="11928550" lat="21.0778493" lon="105.8004231"/>
 <node id="9014422822" visible="true" version="1" changeset="109818084" timestamp="2021-08-17T14:52:25Z" user="Robert Knobloch" uid="11928550" lat="21.0777901" lon="105.8003069"/>
 <node id="9014422823" visible="true" version="1" changeset="109818084" timestamp="2021-08-17T14:52:25Z" user="Robert Knobloch" uid="11928550" lat="21.0783141" lon="105.7990441"/>
 <node id="9014422824" visible="true" version="1" changeset="109818084" timestamp="2021-08-17T14:52:25Z" user="Robert Knobloch" uid="11928550" lat="21.0788165" lon="105.7974835"/>
 <node id="9014422825" visible="true" version="3" changeset="165176642" timestamp="2025-04-20T03:46:38Z" user="vietnam321" uid="11196308" lat="21.0772369" lon="105.7969544">
  <tag k="addr:city" v="Phường Phú Thượng"/>
  <tag k="addr:district" v="Hanoi"/>
  <tag k="addr:housenumber" v="T7/17"/>
  <tag k="addr:street" v="Pineapple Lane"/>
 </node>
 <node id="9014422826" visible="true" version="1" changeset="109818084" timestamp="2021-08-17T14:52:25Z" user="Robert Knobloch" uid="11928550" lat="21.0787213" lon="105.7988247"/>
 <node id="9014422827" visible="true" version="1" changeset="109818084" timestamp="2021-08-17T14:52:25Z" user="Robert Knobloch" uid="11928550" lat="21.0787654" lon="105.7991474"/>
 <node id="9014422828" visible="true" version="1" changeset="109818084" timestamp="2021-08-17T14:52:25Z" user="Robert Knobloch" uid="11928550" lat="21.0785702" lon="105.7991780"/>
 <node id="9014422829" visible="true" version="1" changeset="109818084" timestamp="2021-08-17T14:52:25Z" user="Robert Knobloch" uid="11928550" lat="21.0785262" lon="105.7988552"/>
 <node id="9014422830" visible="true" version="1" changeset="109818084" timestamp="2021-08-17T14:52:25Z" user="Robert Knobloch" uid="11928550" lat="21.0787963" lon="105.7985910"/>
 <node id="9014422831" visible="true" version="1" changeset="109818084" timestamp="2021-08-17T14:52:25Z" user="Robert Knobloch" uid="11928550" lat="21.0788418" lon="105.7983618"/>
 <node id="9014422832" visible="true" version="1" changeset="109818084" timestamp="2021-08-17T14:52:25Z" user="Robert Knobloch" uid="11928550" lat="21.0786579" lon="105.7983198"/>
 <node id="9014422833" visible="true" version="1" changeset="109818084" timestamp="2021-08-17T14:52:25Z" user="Robert Knobloch" uid="11928550" lat="21.0786124" lon="105.7985490"/>
 <node id="9014422834" visible="true" version="1" changeset="109818084" timestamp="2021-08-17T14:52:25Z" user="Robert Knobloch" uid="11928550" lat="21.0788947" lon="105.7981594"/>
 <node id="9014422835" visible="true" version="1" changeset="109818084" timestamp="2021-08-17T14:52:25Z" user="Robert Knobloch" uid="11928550" lat="21.0786605" lon="105.7983102"/>
 <node id="9014422836" visible="true" version="1" changeset="109818084" timestamp="2021-08-17T14:52:25Z" user="Robert Knobloch" uid="11928550" lat="21.0787258" lon="105.7980993"/>
 <node id="9014422837" visible="true" version="1" changeset="109818084" timestamp="2021-08-17T14:52:25Z" user="Robert Knobloch" uid="11928550" lat="21.0789333" lon="105.7981308"/>
 <node id="9014422838" visible="true" version="1" changeset="109818084" timestamp="2021-08-17T14:52:25Z" user="Robert Knobloch" uid="11928550" lat="21.0789633" lon="105.7979217"/>
 <node id="9014422839" visible="true" version="1" changeset="109818084" timestamp="2021-08-17T14:52:25Z" user="Robert Knobloch" uid="11928550" lat="21.0787834" lon="105.7978921"/>
 <node id="9014422840" visible="true" version="1" changeset="109818084" timestamp="2021-08-17T14:52:25Z" user="Robert Knobloch" uid="11928550" lat="21.0787513" lon="105.7981084"/>
 <node id="9014422841" visible="true" version="1" changeset="109818084" timestamp="2021-08-17T14:52:25Z" user="Robert Knobloch" uid="11928550" lat="21.0790065" lon="105.7977982"/>
 <node id="9014422842" visible="true" version="1" changeset="109818084" timestamp="2021-08-17T14:52:25Z" user="Robert Knobloch" uid="11928550" lat="21.0789845" lon="105.7979182"/>
 <node id="9014422843" visible="true" version="1" changeset="109818084" timestamp="2021-08-17T14:52:25Z" user="Robert Knobloch" uid="11928550" lat="21.0787882" lon="105.7978768"/>
 <node id="9014422844" visible="true" version="1" changeset="109818084" timestamp="2021-08-17T14:52:25Z" user="Robert Knobloch" uid="11928550" lat="21.0788102" lon="105.7977568"/>
 <node id="9014422845" visible="true" version="1" changeset="109818084" timestamp="2021-08-17T14:52:25Z" user="Robert Knobloch" uid="11928550" lat="21.0790418" lon="105.7977972"/>
 <node id="9014422846" visible="true" version="1" changeset="109818084" timestamp="2021-08-17T14:52:25Z" user="Robert Knobloch" uid="11928550" lat="21.0790564" lon="105.7976883"/>
 <node id="9014422847" visible="true" version="1" changeset="109818084" timestamp="2021-08-17T14:52:25Z" user="Robert Knobloch" uid="11928550" lat="21.0788916" lon="105.7976629"/>
 <node id="9014422848" visible="true" version="1" changeset="109818084" timestamp="2021-08-17T14:52:25Z" user="Robert Knobloch" uid="11928550" lat="21.0788770" lon="105.7977719"/>
 <node id="9014422849" visible="true" version="1" changeset="109818084" timestamp="2021-08-17T14:52:25Z" user="Robert Knobloch" uid="11928550" lat="21.0791433" lon="105.7974817"/>
 <node id="9014422850" visible="true" version="1" changeset="109818084" timestamp="2021-08-17T14:52:25Z" user="Robert Knobloch" uid="11928550" lat="21.0790913" lon="105.7976886"/>
 <node id="9014422851" visible="true" version="1" changeset="109818084" timestamp="2021-08-17T14:52:25Z" user="Robert Knobloch" uid="11928550" lat="21.0789484" lon="105.7976473"/>
 <node id="9014422852" visible="true" version="1" changeset="109818084" timestamp="2021-08-17T14:52:25Z" user="Robert Knobloch" uid="11928550" lat="21.0789424" lon="105.7976016"/>
 <node id="9014422853" visible="true" version="1" changeset="109818084" timestamp="2021-08-17T14:52:25Z" user="Robert Knobloch" uid="11928550" lat="21.0789086" lon="105.7975978"/>
 <node id="9014422854" visible="true" version="1" changeset="109818084" timestamp="2021-08-17T14:52:25Z" user="Robert Knobloch" uid="11928550" lat="21.0789137" lon="105.7975451"/>
 <node id="9014422855" visible="true" version="1" changeset="109818084" timestamp="2021-08-17T14:52:25Z" user="Robert Knobloch" uid="11928550" lat="21.0789600" lon="105.7975503"/>
 <node id="9014422856" visible="true" version="1" changeset="109818084" timestamp="2021-08-17T14:52:25Z" user="Robert Knobloch" uid="11928550" lat="21.0789644" lon="105.7975054"/>
 <node id="9014422857" visible="true" version="1" changeset="109818084" timestamp="2021-08-17T14:52:25Z" user="Robert Knobloch" uid="11928550" lat="21.0789448" lon="105.7974879"/>
 <node id="9014422858" visible="true" version="1" changeset="109818084" timestamp="2021-08-17T14:52:25Z" user="Robert Knobloch" uid="11928550" lat="21.0789598" lon="105.7974286"/>
 <node id="9014422859" visible="true" version="1" changeset="109818084" timestamp="2021-08-17T14:52:25Z" user="Robert Knobloch" uid="11928550" lat="21.0791367" lon="105.7974524"/>
 <node id="9014422860" visible="true" version="1" changeset="109818084" timestamp="2021-08-17T14:52:25Z" user="Robert Knobloch" uid="11928550" lat="21.0791522" lon="105.7972619"/>
 <node id="9014422861" visible="true" version="1" changeset="109818084" timestamp="2021-08-17T14:52:25Z" user="Robert Knobloch" uid="11928550" lat="21.0789997" lon="105.7972477"/>
 <node id="9014422862" visible="true" version="1" changeset="109818084" timestamp="2021-08-17T14:52:25Z" user="Robert Knobloch" uid="11928550" lat="21.0789937" lon="105.7973218"/>
 <node id="9014422863" visible="true" version="1" changeset="109818084" timestamp="2021-08-17T14:52:25Z" user="Robert Knobloch" uid="11928550" lat="21.0789615" lon="105.7973515"/>
 <node id="9014422864" visible="true" version="1" changeset="109818084" timestamp="2021-08-17T14:52:25Z" user="Robert Knobloch" uid="11928550" lat="21.0789852" lon="105.7973663"/>
 <node id="9014422865" visible="true" version="1" changeset="109818084" timestamp="2021-08-17T14:52:25Z" user="Robert Knobloch" uid="11928550" lat="21.0789794" lon="105.7974377"/>
 <node id="9014422866" visible="true" version="1" changeset="109818084" timestamp="2021-08-17T14:52:25Z" user="Robert Knobloch" uid="11928550" lat="21.0790992" lon="105.7972445"/>
 <node id="9014422867" visible="true" version="1" changeset="109818084" timestamp="2021-08-17T14:52:25Z" user="Robert Knobloch" uid="11928550" lat="21.0791336" lon="105.7971091"/>
 <node id="9014422868" visible="true" version="1" changeset="109818084" timestamp="2021-08-17T14:52:25Z" user="Robert Knobloch" uid="11928550" lat="21.0789585" lon="105.7970707"/>
 <node id="9014422869" visible="true" version="1" changeset="109818084" timestamp="2021-08-17T14:52:25Z" user="Robert Knobloch" uid="11928550" lat="21.0789303" lon="105.7970805"/>
 <node id="9014422870" visible="true" version="1" changeset="109818084" timestamp="2021-08-17T14:52:25Z" user="Robert Knobloch" uid="11928550" lat="21.0789222" lon="105.7971376"/>
 <node id="9014422871" visible="true" version="1" changeset="109818084" timestamp="2021-08-17T14:52:25Z" user="Robert Knobloch" uid="11928550" lat="21.0789737" lon="105.7971459"/>
 <node id="9014422872" visible="true" version="1" changeset="109818084" timestamp="2021-08-17T14:52:25Z" user="Robert Knobloch" uid="11928550" lat="21.0789630" lon="105.7972224"/>
 <node id="9014422873" visible="true" version="1" changeset="109818084" timestamp="2021-08-17T14:52:25Z" user="Robert Knobloch" uid="11928550" lat="21.0791784" lon="105.7968744"/>
 <node id="9014422874" visible="true" version="1" changeset="109818084" timestamp="2021-08-17T14:52:25Z" user="Robert Knobloch" uid="11928550" lat="21.0789706" lon="105.7970075"/>
 <node id="9014422875" visible="true" version="1" changeset="109818084" timestamp="2021-08-17T14:52:25Z" user="Robert Knobloch" uid="11928550" lat="21.0789472" lon="105.7970024"/>
 <node id="9014422876" visible="true" version="1" changeset="109818084" timestamp="2021-08-17T14:52:25Z" user="Robert Knobloch" uid="11928550" lat="21.0789538" lon="105.7969679"/>
 <node id="9014422877" visible="true" version="1" changeset="109818084" timestamp="2021-08-17T14:52:25Z" user="Robert Knobloch" uid="11928550" lat="21.0789926" lon="105.7969764"/>
 <node id="9014422878" visible="true" version="1" changeset="109818084" timestamp="2021-08-17T14:52:25Z" user="Robert Knobloch" uid="11928550" lat="21.0790104" lon="105.7968835"/>
 <node id="9014422879" visible="true" version="1" changeset="109818084" timestamp="2021-08-17T14:52:25Z" user="Robert Knobloch" uid="11928550" lat="21.0789874" lon="105.7968785"/>
 <node id="9014422880" visible="true" version="1" changeset="109818084" timestamp="2021-08-17T14:52:25Z" user="Robert Knobloch" uid="11928550" lat="21.0789959" lon="105.7968343"/>
 <node id="9014422881" visible="true" version="1" changeset="109818084" timestamp="2021-08-17T14:52:25Z" user="Robert Knobloch" uid="11928550" lat="21.0792332" lon="105.7968348"/>
 <node id="9014422882" visible="true" version="1" changeset="109818084" timestamp="2021-08-17T14:52:25Z" user="Robert Knobloch" uid="11928550" lat="21.0792168" lon="105.7968989"/>
 <node id="9014422883" visible="true" version="1" changeset="109818084" timestamp="2021-08-17T14:52:25Z" user="Robert Knobloch" uid="11928550" lat="21.0790790" lon="105.7968584"/>
 <node id="9014422884" visible="true" version="1" changeset="109818084" timestamp="2021-08-17T14:52:25Z" user="Robert Knobloch" uid="11928550" lat="21.0790973" lon="105.7967869"/>
 <node id="9014422885" visible="true" version="1" changeset="109818084" timestamp="2021-08-17T14:52:25Z" user="Robert Knobloch" uid="11928550" lat="21.0791465" lon="105.7967614"/>
 <node id="9014422886" visible="true" version="1" changeset="109818084" timestamp="2021-08-17T14:52:25Z" user="Robert Knobloch" uid="11928550" lat="21.0792136" lon="105.7967909"/>
 <node id="9014422887" visible="true" version="1" changeset="109818084" timestamp="2021-08-17T14:52:25Z" user="Robert Knobloch" uid="11928550" lat="21.0793134" lon="105.7966906"/>
 <node id="9014422888" visible="true" version="1" changeset="109818084" timestamp="2021-08-17T14:52:25Z" user="Robert Knobloch" uid="11928550" lat="21.0792924" lon="105.7967745"/>
 <node id="9014422889" visible="true" version="1" changeset="109818084" timestamp="2021-08-17T14:52:25Z" user="Robert Knobloch" uid="11928550" lat="21.0791550" lon="105.7967350"/>
 <node id="9014422890" visible="true" version="1" changeset="109818084" timestamp="2021-08-17T14:52:25Z" user="Robert Knobloch" uid="11928550" lat="21.0791761" lon="105.7966510"/>
 <node id="9014422891" visible="true" version="1" changeset="109818084" timestamp="2021-08-17T14:52:25Z" user="Robert Knobloch" uid="11928550" lat="21.0793660" lon="105.7964122"/>
 <node id="9014422892" visible="true" version="1" changeset="109818084" timestamp="2021-08-17T14:52:25Z" user="Robert Knobloch" uid="11928550" lat="21.0793656" lon="105.7966233"/>
 <node id="9014422893" visible="true" version="1" changeset="109818084" timestamp="2021-08-17T14:52:25Z" user="Robert Knobloch" uid="11928550" lat="21.0792212" lon="105.7966229"/>
 <node id="9014422894" visible="true" version="1" changeset="109818084" timestamp="2021-08-17T14:52:25Z" user="Robert Knobloch" uid="11928550" lat="21.0792216" lon="105.7964118"/>
 <node id="9014422895" visible="true" version="1" changeset="109818084" timestamp="2021-08-17T14:52:25Z" user="Robert Knobloch" uid="11928550" lat="21.0792986" lon="105.7962954"/>
 <node id="9014422896" visible="true" version="1" changeset="109818084" timestamp="2021-08-17T14:52:25Z" user="Robert Knobloch" uid="11928550" lat="21.0791782" lon="105.7961896"/>
 <node id="9014422897" visible="true" version="1" changeset="109818084" timestamp="2021-08-17T14:52:25Z" user="Robert Knobloch" uid="11928550" lat="21.0790918" lon="105.7963026"/>
 <node id="9014422898" visible="true" version="1" changeset="109818084" timestamp="2021-08-17T14:52:25Z" user="Robert Knobloch" uid="11928550" lat="21.0792122" lon="105.7964084"/>
 <node id="9014422899" visible="true" version="1" changeset="109818084" timestamp="2021-08-17T14:52:25Z" user="Robert Knobloch" uid="11928550" lat="21.0789971" lon="105.7962510"/>
 <node id="9014422900" visible="true" version="1" changeset="109818084" timestamp="2021-08-17T14:52:25Z" user="Robert Knobloch" uid="11928550" lat="21.0788122" lon="105.7962818"/>
 <node id="9014422901" visible="true" version="1" changeset="109818084" timestamp="2021-08-17T14:52:25Z" user="Robert Knobloch" uid="11928550" lat="21.0787866" lon="105.7961054"/>
 <node id="9014422902" visible="true" version="1" changeset="109818084" timestamp="2021-08-17T14:52:25Z" user="Robert Knobloch" uid="11928550" lat="21.0788756" lon="105.7960905"/>
 <node id="9014422903" visible="true" version="1" changeset="109818084" timestamp="2021-08-17T14:52:25Z" user="Robert Knobloch" uid="11928550" lat="21.0788789" lon="105.7961130"/>
 <node id="9014422904" visible="true" version="1" changeset="109818084" timestamp="2021-08-17T14:52:25Z" user="Robert Knobloch" uid="11928550" lat="21.0789789" lon="105.7960963"/>
 <node id="9014422905" visible="true" version="1" changeset="109818084" timestamp="2021-08-17T14:52:25Z" user="Robert Knobloch" uid="11928550" lat="21.0789843" lon="105.7961335"/>
 <node id="9014422906" visible="true" version="1" changeset="109818084" timestamp="2021-08-17T14:52:25Z" user="Robert Knobloch" uid="11928550" lat="21.0790092" lon="105.7961293"/>
 <node id="9014422907" visible="true" version="1" changeset="109818084" timestamp="2021-08-17T14:52:25Z" user="Robert Knobloch" uid="11928550" lat="21.0790164" lon="105.7961788"/>
 <node id="9014422908" visible="true" version="1" changeset="109818084" timestamp="2021-08-17T14:52:25Z" user="Robert Knobloch" uid="11928550" lat="21.0789873" lon="105.7961836"/>
 <node id="9014422909" visible="true" version="1" changeset="109818084" timestamp="2021-08-17T14:52:25Z" user="Robert Knobloch" uid="11928550" lat="21.0787583" lon="105.7962621"/>
 <node id="9014422910" visible="true" version="1" changeset="109818084" timestamp="2021-08-17T14:52:25Z" user="Robert Knobloch" uid="11928550" lat="21.0786293" lon="105.7964408"/>
 <node id="9014422911" visible="true" version="1" changeset="109818084" timestamp="2021-08-17T14:52:25Z" user="Robert Knobloch" uid="11928550" lat="21.0785493" lon="105.7963745"/>
 <node id="9014422912" visible="true" version="1" changeset="109818084" timestamp="2021-08-17T14:52:25Z" user="Robert Knobloch" uid="11928550" lat="21.0785891" lon="105.7963194"/>
 <node id="9014422913" visible="true" version="1" changeset="109818084" timestamp="2021-08-17T14:52:25Z" user="Robert Knobloch" uid="11928550" lat="21.0785655" lon="105.7962998"/>
 <node id="9014422914" visible="true" version="1" changeset="109818084" timestamp="2021-08-17T14:52:25Z" user="Robert Knobloch" uid="11928550" lat="21.0786442" lon="105.7961908"/>
 <node id="9014422915" visible="true" version="1" changeset="109818084" timestamp="2021-08-17T14:52:25Z" user="Robert Knobloch" uid="11928550" lat="21.0786630" lon="105.7962064"/>
 <node id="9014422916" visible="true" version="1" changeset="109818084" timestamp="2021-08-17T14:52:25Z" user="Robert Knobloch" uid="11928550" lat="21.0786858" lon="105.7962019"/>
 <node id="9014422917" visible="true" version="1" changeset="109818084" timestamp="2021-08-17T14:52:25Z" user="Robert Knobloch" uid="11928550" lat="21.0786271" lon="105.7964947"/>
 <node id="9014422918" visible="true" version="1" changeset="109818084" timestamp="2021-08-17T14:52:25Z" user="Robert Knobloch" uid="11928550" lat="21.0786195" lon="105.7965630"/>
 <node id="9014422919" visible="true" version="1" changeset="109818084" timestamp="2021-08-17T14:52:25Z" user="Robert Knobloch" uid="11928550" lat="21.0784842" lon="105.7965458"/>
 <node id="9014422920" visible="true" version="1" changeset="109818084" timestamp="2021-08-17T14:52:25Z" user="Robert Knobloch" uid="11928550" lat="21.0784917" lon="105.7964775"/>
 <node id="9014422921" visible="true" version="1" changeset="109818084" timestamp="2021-08-17T14:52:25Z" user="Robert Knobloch" uid="11928550" lat="21.0786665" lon="105.7966005"/>
 <node id="9014422922" visible="true" version="1" changeset="109818084" timestamp="2021-08-17T14:52:25Z" user="Robert Knobloch" uid="11928550" lat="21.0786579" lon="105.7967023"/>
 <node id="9014422923" visible="true" version="1" changeset="109818084" timestamp="2021-08-17T14:52:25Z" user="Robert Knobloch" uid="11928550" lat="21.0786319" lon="105.7966998"/>
 <node id="9014422924" visible="true" version="1" changeset="109818084" timestamp="2021-08-17T14:52:25Z" user="Robert Knobloch" uid="11928550" lat="21.0786281" lon="105.7967442"/>
 <node id="9014422925" visible="true" version="1" changeset="109818084" timestamp="2021-08-17T14:52:25Z" user="Robert Knobloch" uid="11928550" lat="21.0785163" lon="105.7967333"/>
 <node id="9014422926" visible="true" version="1" changeset="109818084" timestamp="2021-08-17T14:52:25Z" user="Robert Knobloch" uid="11928550" lat="21.0785112" lon="105.7967022"/>
 <node id="9014422927" visible="true" version="1" changeset="109818084" timestamp="2021-08-17T14:52:25Z" user="Robert Knobloch" uid="11928550" lat="21.0784889" lon="105.7966777"/>
 <node id="9014422928" visible="true" version="1" changeset="109818084" timestamp="2021-08-17T14:52:25Z" user="Robert Knobloch" uid="11928550" lat="21.0784968" lon="105.7965840"/>
 <node id="9014422929" visible="true" version="1" changeset="109818084" timestamp="2021-08-17T14:52:25Z" user="Robert Knobloch" uid="11928550" lat="21.0787140" lon="105.7967898"/>
 <node id="9014422930" visible="true" version="1" changeset="109818084" timestamp="2021-08-17T14:52:25Z" user="Robert Knobloch" uid="11928550" lat="21.0786849" lon="105.7969696"/>
 <node id="9014422931" visible="true" version="1" changeset="109818084" timestamp="2021-08-17T14:52:25Z" user="Robert Knobloch" uid="11928550" lat="21.0785344" lon="105.7969417"/>
 <node id="9014422932" visible="true" version="1" changeset="109818084" timestamp="2021-08-17T14:52:25Z" user="Robert Knobloch" uid="11928550" lat="21.0785635" lon="105.7967619"/>
 <node id="9014422933" visible="true" version="1" changeset="109818084" timestamp="2021-08-17T14:52:25Z" user="Robert Knobloch" uid="11928550" lat="21.0786582" lon="105.7970001"/>
 <node id="9014422934" visible="true" version="1" changeset="109818084" timestamp="2021-08-17T14:52:25Z" user="Robert Knobloch" uid="11928550" lat="21.0786377" lon="105.7971036"/>
 <node id="9014422935" visible="true" version="1" changeset="109818084" timestamp="2021-08-17T14:52:25Z" user="Robert Knobloch" uid="11928550" lat="21.0784817" lon="105.7970682"/>
 <node id="9014422936" visible="true" version="1" changeset="109818084" timestamp="2021-08-17T14:52:25Z" user="Robert Knobloch" uid="11928550" lat="21.0785022" lon="105.7969647"/>
 <node id="9014422937" visible="true" version="1" changeset="109818084" timestamp="2021-08-17T14:52:25Z" user="Robert Knobloch" uid="11928550" lat="21.0785784" lon="105.7971273"/>
 <node id="9014422938" visible="true" version="1" changeset="109818084" timestamp="2021-08-17T14:52:25Z" user="Robert Knobloch" uid="11928550" lat="21.0785629" lon="105.7972140"/>
 <node id="9014422939" visible="true" version="1" changeset="109818084" timestamp="2021-08-17T14:52:25Z" user="Robert Knobloch" uid="11928550" lat="21.0784306" lon="105.7971869"/>
 <node id="9014422940" visible="true" version="1" changeset="109818084" timestamp="2021-08-17T14:52:25Z" user="Robert Knobloch" uid="11928550" lat="21.0784460" lon="105.7971002"/>
 <node id="9014422941" visible="true" version="1" changeset="109818084" timestamp="2021-08-17T14:52:25Z" user="Robert Knobloch" uid="11928550" lat="21.0785827" lon="105.7972407"/>
 <node id="9014422942" visible="true" version="1" changeset="109818084" timestamp="2021-08-17T14:52:25Z" user="Robert Knobloch" uid="11928550" lat="21.0785316" lon="105.7974443"/>
 <node id="9014422943" visible="true" version="1" changeset="109818084" timestamp="2021-08-17T14:52:25Z" user="Robert Knobloch" uid="11928550" lat="21.0783983" lon="105.7974059"/>
 <node id="9014422944" visible="true" version="1" changeset="109818084" timestamp="2021-08-17T14:52:25Z" user="Robert Knobloch" uid="11928550" lat="21.0784169" lon="105.7973316"/>
 <node id="9014422945" visible="true" version="1" changeset="109818084" timestamp="2021-08-17T14:52:25Z" user="Robert Knobloch" uid="11928550" lat="21.0783315" lon="105.7973070"/>
 <node id="9014422946" visible="true" version="1" changeset="109818084" timestamp="2021-08-17T14:52:25Z" user="Robert Knobloch" uid="11928550" lat="21.0783470" lon="105.7972452"/>
 <node id="9014422947" visible="true" version="1" changeset="109818084" timestamp="2021-08-17T14:52:25Z" user="Robert Knobloch" uid="11928550" lat="21.0783973" lon="105.7972597"/>
 <node id="9014422948" visible="true" version="1" changeset="109818084" timestamp="2021-08-17T14:52:25Z" user="Robert Knobloch" uid="11928550" lat="21.0784142" lon="105.7971921"/>
 <node id="9014422949" visible="true" version="1" changeset="109818084" timestamp="2021-08-17T14:52:25Z" user="Robert Knobloch" uid="11928550" lat="21.0785127" lon="105.7974571"/>
 <node id="9014422950" visible="true" version="1" changeset="109818084" timestamp="2021-08-17T14:52:25Z" user="Robert Knobloch" uid="11928550" lat="21.0784894" lon="105.7975615"/>
 <node id="9014422951" visible="true" version="1" changeset="109818084" timestamp="2021-08-17T14:52:25Z" user="Robert Knobloch" uid="11928550" lat="21.0785208" lon="105.7975835"/>
 <node id="9014422952" visible="true" version="1" changeset="109818084" timestamp="2021-08-17T14:52:25Z" user="Robert Knobloch" uid="11928550" lat="21.0785004" lon="105.7976748"/>
 <node id="9014422953" visible="true" version="1" changeset="109818084" timestamp="2021-08-17T14:52:25Z" user="Robert Knobloch" uid="11928550" lat="21.0783500" lon="105.7976361"/>
 <node id="9014422954" visible="true" version="1" changeset="109818084" timestamp="2021-08-17T14:52:25Z" user="Robert Knobloch" uid="11928550" lat="21.0783675" lon="105.7975578"/>
 <node id="9014422955" visible="true" version="1" changeset="109818084" timestamp="2021-08-17T14:52:25Z" user="Robert Knobloch" uid="11928550" lat="21.0783206" lon="105.7975457"/>
 <node id="9014422956" visible="true" version="1" changeset="109818084" timestamp="2021-08-17T14:52:25Z" user="Robert Knobloch" uid="11928550" lat="21.0783499" lon="105.7974152"/>
 <node id="9014422957" visible="true" version="1" changeset="109818084" timestamp="2021-08-17T14:52:25Z" user="Robert Knobloch" uid="11928550" lat="21.0785334" lon="105.7977023"/>
 <node id="9014422958" visible="true" version="1" changeset="109818084" timestamp="2021-08-17T14:52:25Z" user="Robert Knobloch" uid="11928550" lat="21.0784805" lon="105.7979292"/>
 <node id="9014422959" visible="true" version="1" changeset="109818084" timestamp="2021-08-17T14:52:25Z" user="Robert Knobloch" uid="11928550" lat="21.0783234" lon="105.7978872"/>
 <node id="9014422960" visible="true" version="1" changeset="109818084" timestamp="2021-08-17T14:52:25Z" user="Robert Knobloch" uid="11928550" lat="21.0783763" lon="105.7976602"/>
 <node id="9014422961" visible="true" version="1" changeset="109818084" timestamp="2021-08-17T14:52:25Z" user="Robert Knobloch" uid="11928550" lat="21.0784554" lon="105.7979698"/>
 <node id="9014422962" visible="true" version="1" changeset="109818084" timestamp="2021-08-17T14:52:25Z" user="Robert Knobloch" uid="11928550" lat="21.0783611" lon="105.7981525"/>
 <node id="9014422963" visible="true" version="1" changeset="109818084" timestamp="2021-08-17T14:52:25Z" user="Robert Knobloch" uid="11928550" lat="21.0782275" lon="105.7980733"/>
 <node id="9014422964" visible="true" version="1" changeset="109818084" timestamp="2021-08-17T14:52:25Z" user="Robert Knobloch" uid="11928550" lat="21.0783218" lon="105.7978906"/>
 <node id="9014422965" visible="true" version="1" changeset="109818084" timestamp="2021-08-17T14:52:25Z" user="Robert Knobloch" uid="11928550" lat="21.0783870" lon="105.7981930"/>
 <node id="9014422966" visible="true" version="1" changeset="109818084" timestamp="2021-08-17T14:52:25Z" user="Robert Knobloch" uid="11928550" lat="21.0783038" lon="105.7983921"/>
 <node id="9014422967" visible="true" version="1" changeset="109818084" timestamp="2021-08-17T14:52:25Z" user="Robert Knobloch" uid="11928550" lat="21.0781590" lon="105.7983226"/>
 <node id="9014422968" visible="true" version="1" changeset="109818084" timestamp="2021-08-17T14:52:25Z" user="Robert Knobloch" uid="11928550" lat="21.0782422" lon="105.7981235"/>
 <node id="9014422969" visible="true" version="1" changeset="109818084" timestamp="2021-08-17T14:52:25Z" user="Robert Knobloch" uid="11928550" lat="21.0782777" lon="105.7984028"/>
 <node id="9014422970" visible="true" version="1" changeset="109818084" timestamp="2021-08-17T14:52:25Z" user="Robert Knobloch" uid="11928550" lat="21.0782137" lon="105.7985880"/>
 <node id="9014422971" visible="true" version="1" changeset="109818084" timestamp="2021-08-17T14:52:25Z" user="Robert Knobloch" uid="11928550" lat="21.0780590" lon="105.7985266"/>
 <node id="9014422972" visible="true" version="1" changeset="109818084" timestamp="2021-08-17T14:52:25Z" user="Robert Knobloch" uid="11928550" lat="21.0781230" lon="105.7983413"/>
 <node id="9014422973" visible="true" version="1" changeset="109818084" timestamp="2021-08-17T14:52:25Z" user="Robert Knobloch" uid="11928550" lat="21.0781960" lon="105.7986148"/>
 <node id="9014422974" visible="true" version="1" changeset="109818084" timestamp="2021-08-17T14:52:25Z" user="Robert Knobloch" uid="11928550" lat="21.0781581" lon="105.7987076"/>
 <node id="9014422975" visible="true" version="1" changeset="109818084" timestamp="2021-08-17T14:52:25Z" user="Robert Knobloch" uid="11928550" lat="21.0780094" lon="105.7986377"/>
 <node id="9014422976" visible="true" version="1" changeset="109818084" timestamp="2021-08-17T14:52:25Z" user="Robert Knobloch" uid="11928550" lat="21.0780473" lon="105.7985449"/>
 <node id="9014422977" visible="true" version="1" changeset="109818084" timestamp="2021-08-17T14:52:25Z" user="Robert Knobloch" uid="11928550" lat="21.0781491" lon="105.7987239"/>
 <node id="9014422978" visible="true" version="1" changeset="109818084" timestamp="2021-08-17T14:52:25Z" user="Robert Knobloch" uid="11928550" lat="21.0780315" lon="105.7990209"/>
 <node id="9014422979" visible="true" version="1" changeset="109818084" timestamp="2021-08-17T14:52:25Z" user="Robert Knobloch" uid="11928550" lat="21.0778754" lon="105.7989500"/>
 <node id="9014422980" visible="true" version="1" changeset="109818084" timestamp="2021-08-17T14:52:25Z" user="Robert Knobloch" uid="11928550" lat="21.0779930" lon="105.7986529"/>
 <node id="9014422981" visible="true" version="1" changeset="109818084" timestamp="2021-08-17T14:52:25Z" user="Robert Knobloch" uid="11928550" lat="21.0780115" lon="105.7990345"/>
 <node id="9014422982" visible="true" version="1" changeset="109818084" timestamp="2021-08-17T14:52:25Z" user="Robert Knobloch" uid="11928550" lat="21.0779469" lon="105.7992115"/>
 <node id="9014422983" visible="true" version="1" changeset="109818084" timestamp="2021-08-17T14:52:25Z" user="Robert Knobloch" uid="11928550" lat="21.0778019" lon="105.7991507"/>
 <node id="9014422984" visible="true" version="1" changeset="109818084" timestamp="2021-08-17T14:52:25Z" user="Robert Knobloch" uid="11928550" lat="21.0778665" lon="105.7989737"/>
 <node id="9014422985" visible="true" version="1" changeset="109818084" timestamp="2021-08-17T14:52:25Z" user="Robert Knobloch" uid="11928550" lat="21.0779195" lon="105.7992337"/>
 <node id="9014422986" visible="true" version="1" changeset="109818084" timestamp="2021-08-17T14:52:25Z" user="Robert Knobloch" uid="11928550" lat="21.0778777" lon="105.7993311"/>
 <node id="9014422987" visible="true" version="1" changeset="109818084" timestamp="2021-08-17T14:52:25Z" user="Robert Knobloch" uid="11928550" lat="21.0778906" lon="105.7993504"/>
 <node id="9014422988" visible="true" version="1" changeset="109818084" timestamp="2021-08-17T14:52:25Z" user="Robert Knobloch" uid="11928550" lat="21.0778577" lon="105.7994356"/>
 <node id="9014422989" visible="true" version="1" changeset="109818084" timestamp="2021-08-17T14:52:25Z" user="Robert Knobloch" uid="11928550" lat="21.0777060" lon="105.7993682"/>
 <node id="9014422990" visible="true" version="1" changeset="109818084" timestamp="2021-08-17T14:52:25Z" user="Robert Knobloch" uid="11928550" lat="21.0777448" lon="105.7992679"/>
 <node id="9014422991" visible="true" version="1" changeset="109818084" timestamp="2021-08-17T14:52:25Z" user="Robert Knobloch" uid="11928550" lat="21.0777415" lon="105.7992146"/>
 <node id="9014422992" visible="true" version="1" changeset="109818084" timestamp="2021-08-17T14:52:25Z" user="Robert Knobloch" uid="11928550" lat="21.0777659" lon="105.7991579"/>
 <node id="9014422993" visible="true" version="1" changeset="109818084" timestamp="2021-08-17T14:52:25Z" user="Robert Knobloch" uid="11928550" lat="21.0778458" lon="105.7994655"/>
 <node id="9014422994" visible="true" version="1" changeset="109818084" timestamp="2021-08-17T14:52:25Z" user="Robert Knobloch" uid="11928550" lat="21.0777714" lon="105.7996509"/>
 <node id="9014422995" visible="true" version="1" changeset="109818084" timestamp="2021-08-17T14:52:25Z" user="Robert Knobloch" uid="11928550" lat="21.0776253" lon="105.7995836"/>
 <node id="9014422996" visible="true" version="1" changeset="109818084" timestamp="2021-08-17T14:52:25Z" user="Robert Knobloch" uid="11928550" lat="21.0776997" lon="105.7993982"/>
 <node id="9014422997" visible="true" version="1" changeset="109818084" timestamp="2021-08-17T14:52:25Z" user="Robert Knobloch" uid="11928550" lat="21.0777527" lon="105.7996897"/>
 <node id="9014422998" visible="true" version="1" changeset="109818084" timestamp="2021-08-17T14:52:25Z" user="Robert Knobloch" uid="11928550" lat="21.0776886" lon="105.7998759"/>
 <node id="9014422999" visible="true" version="1" changeset="109818084" timestamp="2021-08-17T14:52:25Z" user="Robert Knobloch" uid="11928550" lat="21.0775627" lon="105.7998261"/>
 <node id="9014423000" visible="true" version="1" changeset="109818084" timestamp="2021-08-17T14:52:25Z" user="Robert Knobloch" uid="11928550" lat="21.0776268" lon="105.7996399"/>
 <node id="9014423001" visible="true" version="1" changeset="109818084" timestamp="2021-08-17T14:52:25Z" user="Robert Knobloch" uid="11928550" lat="21.0776596" lon="105.7999092"/>
 <node id="9014423002" visible="true" version="1" changeset="109818084" timestamp="2021-08-17T14:52:25Z" user="Robert Knobloch" uid="11928550" lat="21.0775945" lon="105.8000688"/>
 <node id="9014423003" visible="true" version="1" changeset="109818084" timestamp="2021-08-17T14:52:25Z" user="Robert Knobloch" uid="11928550" lat="21.0774745" lon="105.8000125"/>
 <node id="9014423004" visible="true" version="1" changeset="109818084" timestamp="2021-08-17T14:52:25Z" user="Robert Knobloch" uid="11928550" lat="21.0775396" lon="105.7998530"/>
 <node id="9014423005" visible="true" version="1" changeset="109818084" timestamp="2021-08-17T14:52:25Z" user="Robert Knobloch" uid="11928550" lat="21.0775720" lon="105.8000873"/>
 <node id="9014423006" visible="true" version="1" changeset="109818084" timestamp="2021-08-17T14:52:25Z" user="Robert Knobloch" uid="11928550" lat="21.0775339" lon="105.8001904"/>
 <node id="9014423007" visible="true" version="1" changeset="109818084" timestamp="2021-08-17T14:52:25Z" user="Robert Knobloch" uid="11928550" lat="21.0774110" lon="105.8001383"/>
 <node id="9014423008" visible="true" version="1" changeset="109818084" timestamp="2021-08-17T14:52:25Z" user="Robert Knobloch" uid="11928550" lat="21.0774492" lon="105.8000351"/>
 <node id="9014423009" visible="true" version="1" changeset="109818084" timestamp="2021-08-17T14:52:25Z" user="Robert Knobloch" uid="11928550" lat="21.0775263" lon="105.8002389"/>
 <node id="9014423010" visible="true" version="1" changeset="109818084" timestamp="2021-08-17T14:52:25Z" user="Robert Knobloch" uid="11928550" lat="21.0774112" lon="105.8001849"/>
 <node id="9014423011" visible="true" version="1" changeset="109818084" timestamp="2021-08-17T14:52:25Z" user="Robert Knobloch" uid="11928550" lat="21.0773545" lon="105.8003235"/>
 <node id="9014423012" visible="true" version="1" changeset="109818084" timestamp="2021-08-17T14:52:25Z" user="Robert Knobloch" uid="11928550" lat="21.0773967" lon="105.8004952"/>
 <node id="9014423013" visible="true" version="1" changeset="109818084" timestamp="2021-08-17T14:52:25Z" user="Robert Knobloch" uid="11928550" lat="21.0775461" lon="105.8004530"/>
 <node id="9014423014" visible="true" version="1" changeset="109818084" timestamp="2021-08-17T14:52:25Z" user="Robert Knobloch" uid="11928550" lat="21.0774817" lon="105.8003481"/>
 <node id="9014423015" visible="true" version="1" changeset="109818084" timestamp="2021-08-17T14:52:25Z" user="Robert Knobloch" uid="11928550" lat="21.0781920" lon="105.8006858"/>
 <node id="9014423016" visible="true" version="1" changeset="109818084" timestamp="2021-08-17T14:52:25Z" user="Robert Knobloch" uid="11928550" lat="21.0781938" lon="105.8008240"/>
 <node id="9014423017" visible="true" version="1" changeset="109818084" timestamp="2021-08-17T14:52:25Z" user="Robert Knobloch" uid="11928550" lat="21.0780153" lon="105.8008267"/>
 <node id="9014423018" visible="true" version="1" changeset="109818084" timestamp="2021-08-17T14:52:25Z" user="Robert Knobloch" uid="11928550" lat="21.0780134" lon="105.8006885"/>
 <node id="9014423020" visible="true" version="1" changeset="109818084" timestamp="2021-08-17T14:52:25Z" user="Robert Knobloch" uid="11928550" lat="21.0783124" lon="105.8007010"/>
 <node id="9014423021" visible="true" version="1" changeset="109818084" timestamp="2021-08-17T14:52:25Z" user="Robert Knobloch" uid="11928550" lat="21.0782734" lon="105.8006191"/>
 <node id="9014423022" visible="true" version="1" changeset="109818084" timestamp="2021-08-17T14:52:25Z" user="Robert Knobloch" uid="11928550" lat="21.0781234" lon="105.8005941"/>
 <node id="9014423023" visible="true" version="1" changeset="109818084" timestamp="2021-08-17T14:52:25Z" user="Robert Knobloch" uid="11928550" lat="21.0779931" lon="105.8006267"/>
 <node id="9014423024" visible="true" version="1" changeset="109818084" timestamp="2021-08-17T14:52:25Z" user="Robert Knobloch" uid="11928550" lat="21.0777249" lon="105.8004778"/>
 <node id="9014423025" visible="true" version="1" changeset="109818084" timestamp="2021-08-17T14:52:25Z" user="Robert Knobloch" uid="11928550" lat="21.0776899" lon="105.8003890"/>
 <node id="9014423026" visible="true" version="1" changeset="109818084" timestamp="2021-08-17T14:52:25Z" user="Robert Knobloch" uid="11928550" lat="21.0776901" lon="105.8002649"/>
 <node id="9014423027" visible="true" version="1" changeset="109818084" timestamp="2021-08-17T14:52:25Z" user="Robert Knobloch" uid="11928550" lat="21.0781575" lon="105.7991312"/>
 <node id="9014423028" visible="true" version="1" changeset="109818084" timestamp="2021-08-17T14:52:25Z" user="Robert Knobloch" uid="11928550" lat="21.0785237" lon="105.7982149"/>
 <node id="9014423029" visible="true" version="1" changeset="109818084" timestamp="2021-08-17T14:52:25Z" user="Robert Knobloch" uid="11928550" lat="21.0786468" lon="105.7978120"/>
 <node id="9014423030" visible="true" version="1" changeset="109818084" timestamp="2021-08-17T14:52:25Z" user="Robert Knobloch" uid="11928550" lat="21.0786958" lon="105.7976319"/>
 <node id="9014423031" visible="true" version="1" changeset="109818084" timestamp="2021-08-17T14:52:25Z" user="Robert Knobloch" uid="11928550" lat="21.0786433" lon="105.7974980"/>
 <node id="9014423032" visible="true" version="1" changeset="109818084" timestamp="2021-08-17T14:52:25Z" user="Robert Knobloch" uid="11928550" lat="21.0786856" lon="105.7972303"/>
 <node id="9014423033" visible="true" version="1" changeset="109818084" timestamp="2021-08-17T14:52:25Z" user="Robert Knobloch" uid="11928550" lat="21.0787635" lon="105.7971390"/>
 <node id="9014423034" visible="true" version="1" changeset="109818084" timestamp="2021-08-17T14:52:25Z" user="Robert Knobloch" uid="11928550" lat="21.0788341" lon="105.7967873"/>
 <node id="9014423035" visible="true" version="1" changeset="109818084" timestamp="2021-08-17T14:52:25Z" user="Robert Knobloch" uid="11928550" lat="21.0787840" lon="105.7966527"/>
 <node id="9014423036" visible="true" version="1" changeset="109818084" timestamp="2021-08-17T14:52:25Z" user="Robert Knobloch" uid="11928550" lat="21.0787892" lon="105.7965176"/>
 <node id="9014423037" visible="true" version="1" changeset="109818084" timestamp="2021-08-17T14:52:25Z" user="Robert Knobloch" uid="11928550" lat="21.0788656" lon="105.7964101"/>
 <node id="9014423038" visible="true" version="1" changeset="109818084" timestamp="2021-08-17T14:52:25Z" user="Robert Knobloch" uid="11928550" lat="21.0789305" lon="105.7963777"/>
 <node id="9014423039" visible="true" version="1" changeset="109818084" timestamp="2021-08-17T14:52:25Z" user="Robert Knobloch" uid="11928550" lat="21.0790014" lon="105.7963725"/>
 <node id="9014423040" visible="true" version="1" changeset="109818084" timestamp="2021-08-17T14:52:25Z" user="Robert Knobloch" uid="11928550" lat="21.0790617" lon="105.7964020"/>
 <node id="9014423041" visible="true" version="1" changeset="109818084" timestamp="2021-08-17T14:52:25Z" user="Robert Knobloch" uid="11928550" lat="21.0791121" lon="105.7964596"/>
 <node id="9014423042" visible="true" version="1" changeset="109818084" timestamp="2021-08-17T14:52:25Z" user="Robert Knobloch" uid="11928550" lat="21.0791387" lon="105.7965363"/>
 <node id="9014423043" visible="true" version="1" changeset="109818084" timestamp="2021-08-17T14:52:25Z" user="Robert Knobloch" uid="11928550" lat="21.0791349" lon="105.7966343"/>
 <node id="9014423044" visible="true" version="1" changeset="109818084" timestamp="2021-08-17T14:52:25Z" user="Robert Knobloch" uid="11928550" lat="21.0791144" lon="105.7966998"/>
 <node id="9014423045" visible="true" version="1" changeset="109818084" timestamp="2021-08-17T14:52:25Z" user="Robert Knobloch" uid="11928550" lat="21.0790456" lon="105.7967423"/>
 <node id="9014423046" visible="true" version="1" changeset="109818084" timestamp="2021-08-17T14:52:25Z" user="Robert Knobloch" uid="11928550" lat="21.0789631" lon="105.7968028"/>
 <node id="9014423047" visible="true" version="1" changeset="109818084" timestamp="2021-08-17T14:52:25Z" user="Robert Knobloch" uid="11928550" lat="21.0789170" lon="105.7969715"/>
 <node id="9014423048" visible="true" version="1" changeset="109818084" timestamp="2021-08-17T14:52:25Z" user="Robert Knobloch" uid="11928550" lat="21.0788865" lon="105.7971811"/>
 <node id="9014423049" visible="true" version="1" changeset="109818084" timestamp="2021-08-17T14:52:25Z" user="Robert Knobloch" uid="11928550" lat="21.0789233" lon="105.7973005"/>
 <node id="9014423050" visible="true" version="1" changeset="109818084" timestamp="2021-08-17T14:52:25Z" user="Robert Knobloch" uid="11928550" lat="21.0789318" lon="105.7974177"/>
 <node id="9014423051" visible="true" version="1" changeset="109818084" timestamp="2021-08-17T14:52:25Z" user="Robert Knobloch" uid="11928550" lat="21.0789047" lon="105.7975319"/>
 <node id="9014423052" visible="true" version="1" changeset="109818084" timestamp="2021-08-17T14:52:25Z" user="Robert Knobloch" uid="11928550" lat="21.0788343" lon="105.7976426"/>
 <node id="9014423053" visible="true" version="1" changeset="109818084" timestamp="2021-08-17T14:52:25Z" user="Robert Knobloch" uid="11928550" lat="21.0787982" lon="105.7977061"/>
 <node id="9014423054" visible="true" version="1" changeset="109818084" timestamp="2021-08-17T14:52:25Z" user="Robert Knobloch" uid="11928550" lat="21.0787141" lon="105.7980686"/>
 <node id="9014423055" visible="true" version="1" changeset="109818084" timestamp="2021-08-17T14:52:25Z" user="Robert Knobloch" uid="11928550" lat="21.0785590" lon="105.7984965"/>
 <node id="9014423056" visible="true" version="1" changeset="109818084" timestamp="2021-08-17T14:52:25Z" user="Robert Knobloch" uid="11928550" lat="21.0785163" lon="105.7987767"/>
 <node id="9014423057" visible="true" version="1" changeset="109818084" timestamp="2021-08-17T14:52:25Z" user="Robert Knobloch" uid="11928550" lat="21.0785085" lon="105.7989105"/>
 <node id="9014423058" visible="true" version="1" changeset="109818084" timestamp="2021-08-17T14:52:25Z" user="Robert Knobloch" uid="11928550" lat="21.0785351" lon="105.7992012"/>
 <node id="9014423059" visible="true" version="1" changeset="109818084" timestamp="2021-08-17T14:52:25Z" user="Robert Knobloch" uid="11928550" lat="21.0782898" lon="105.8010576"/>
 <node id="9014423060" visible="true" version="1" changeset="109818084" timestamp="2021-08-17T14:52:25Z" user="Robert Knobloch" uid="11928550" lat="21.0782738" lon="105.8011753"/>
 <node id="9014423061" visible="true" version="1" changeset="109818084" timestamp="2021-08-17T14:52:25Z" user="Robert Knobloch" uid="11928550" lat="21.0774680" lon="105.8011760"/>
 <node id="9014423062" visible="true" version="1" changeset="109818084" timestamp="2021-08-17T14:52:25Z" user="Robert Knobloch" uid="11928550" lat="21.0770701" lon="105.8011411"/>
 <node id="9014423063" visible="true" version="1" changeset="109818084" timestamp="2021-08-17T14:52:25Z" user="Robert Knobloch" uid="11928550" lat="21.0768723" lon="105.8010817"/>
 <node id="9014423064" visible="true" version="1" changeset="109818084" timestamp="2021-08-17T14:52:25Z" user="Robert Knobloch" uid="11928550" lat="21.0764903" lon="105.8009468"/>
 <node id="9014423065" visible="true" version="1" changeset="109818084" timestamp="2021-08-17T14:52:25Z" user="Robert Knobloch" uid="11928550" lat="21.0761256" lon="105.8008207"/>
 <node id="9014423066" visible="true" version="1" changeset="109818084" timestamp="2021-08-17T14:52:25Z" user="Robert Knobloch" uid="11928550" lat="21.0755069" lon="105.8005727"/>
 <node id="9014423067" visible="true" version="1" changeset="109818084" timestamp="2021-08-17T14:52:25Z" user="Robert Knobloch" uid="11928550" lat="21.0753129" lon="105.8004871"/>
 <node id="9014423068" visible="true" version="1" changeset="109818084" timestamp="2021-08-17T14:52:25Z" user="Robert Knobloch" uid="11928550" lat="21.0752289" lon="105.8002801"/>
 <node id="9014423069" visible="true" version="1" changeset="109818084" timestamp="2021-08-17T14:52:25Z" user="Robert Knobloch" uid="11928550" lat="21.0752613" lon="105.8001626"/>
 <node id="9014423070" visible="true" version="1" changeset="109818084" timestamp="2021-08-17T14:52:25Z" user="Robert Knobloch" uid="11928550" lat="21.0756831" lon="105.7990246"/>
 <node id="9014423071" visible="true" version="1" changeset="109818084" timestamp="2021-08-17T14:52:25Z" user="Robert Knobloch" uid="11928550" lat="21.0759036" lon="105.7984453"/>
 <node id="9014423072" visible="true" version="1" changeset="109818084" timestamp="2021-08-17T14:52:25Z" user="Robert Knobloch" uid="11928550" lat="21.0761843" lon="105.7976849"/>
 <node id="9014423073" visible="true" version="1" changeset="109818084" timestamp="2021-08-17T14:52:25Z" user="Robert Knobloch" uid="11928550" lat="21.0772926" lon="105.7948033"/>
 <node id="9014423074" visible="true" version="2" changeset="172484735" timestamp="2025-09-26T12:59:31Z" user="Tewuzij" uid="16194143" lat="21.0762453" lon="105.7975275">
  <tag k="crossing" v="marked"/>
  <tag k="crossing:markings" v="yes"/>
  <tag k="highway" v="crossing"/>
 </node>
 <node id="9014423075" visible="true" version="1" changeset="109818084" timestamp="2021-08-17T14:52:25Z" user="Robert Knobloch" uid="11928550" lat="21.0760995" lon="105.7957770"/>
 <node id="9066999689" visible="true" version="1" changeset="110807120" timestamp="2021-09-06T14:28:47Z" user="Robert Knobloch" uid="11928550" lat="21.0769680" lon="105.7980245"/>
 <node id="9066999690" visible="true" version="1" changeset="110807120" timestamp="2021-09-06T14:28:47Z" user="Robert Knobloch" uid="11928550" lat="21.0770047" lon="105.7980067"/>
 <node id="9066999691" visible="true" version="1" changeset="110807120" timestamp="2021-09-06T14:28:47Z" user="Robert Knobloch" uid="11928550" lat="21.0770788" lon="105.7977424"/>
 <node id="9066999692" visible="true" version="1" changeset="110807120" timestamp="2021-09-06T14:28:47Z" user="Robert Knobloch" uid="11928550" lat="21.0770960" lon="105.7977875"/>
 <node id="9066999693" visible="true" version="1" changeset="110807120" timestamp="2021-09-06T14:28:47Z" user="Robert Knobloch" uid="11928550" lat="21.0768158" lon="105.7976244"/>
 <node id="9066999694" visible="true" version="1" changeset="110807120" timestamp="2021-09-06T14:28:47Z" user="Robert Knobloch" uid="11928550" lat="21.0767679" lon="105.7976503"/>
 <node id="9066999695" visible="true" version="1" changeset="110807120" timestamp="2021-09-06T14:28:47Z" user="Robert Knobloch" uid="11928550" lat="21.0766872" lon="105.7978528"/>
 <node id="9066999696" visible="true" version="1" changeset="110807120" timestamp="2021-09-06T14:28:47Z" user="Robert Knobloch" uid="11928550" lat="21.0767000" lon="105.7979095"/>
 <node id="9070980612" visible="true" version="1" changeset="110868207" timestamp="2021-09-07T16:01:17Z" user="Robert Knobloch" uid="11928550" lat="21.0790452" lon="105.7933853"/>
 <node id="9070980613" visible="true" version="1" changeset="110868207" timestamp="2021-09-07T16:01:17Z" user="Robert Knobloch" uid="11928550" lat="21.0790070" lon="105.7934864"/>
 <node id="9070980614" visible="true" version="1" changeset="110868207" timestamp="2021-09-07T16:01:17Z" user="Robert Knobloch" uid="11928550" lat="21.0788068" lon="105.7933995"/>
 <node id="9070980615" visible="true" version="1" changeset="110868207" timestamp="2021-09-07T16:01:17Z" user="Robert Knobloch" uid="11928550" lat="21.0788451" lon="105.7932984"/>
 <node id="9070980616" visible="true" version="1" changeset="110868207" timestamp="2021-09-07T16:01:17Z" user="Robert Knobloch" uid="11928550" lat="21.0788098" lon="105.7932834"/>
 <node id="9071033917" visible="true" version="1" changeset="110868207" timestamp="2021-09-07T16:01:17Z" user="Robert Knobloch" uid="11928550" lat="21.0787831" lon="105.7933764"/>
 <node id="9071033918" visible="true" version="1" changeset="110868207" timestamp="2021-09-07T16:01:17Z" user="Robert Knobloch" uid="11928550" lat="21.0787514" lon="105.7933818"/>
 <node id="9071033919" visible="true" version="1" changeset="110868207" timestamp="2021-09-07T16:01:17Z" user="Robert Knobloch" uid="11928550" lat="21.0787201" lon="105.7933676"/>
 <node id="9071033920" visible="true" version="1" changeset="110868207" timestamp="2021-09-07T16:01:17Z" user="Robert Knobloch" uid="11928550" lat="21.0787647" lon="105.7932548"/>
 <node id="9071033921" visible="true" version="1" changeset="110868207" timestamp="2021-09-07T16:01:17Z" user="Robert Knobloch" uid="11928550" lat="21.0787947" lon="105.7932548"/>
 <node id="9071033922" visible="true" version="2" changeset="113342074" timestamp="2021-11-03T17:20:47Z" user="Robert Knobloch" uid="11928550" lat="21.0789791" lon="105.7935469"/>
 <node id="9071033923" visible="true" version="2" changeset="113342074" timestamp="2021-11-03T17:20:47Z" user="Robert Knobloch" uid="11928550" lat="21.0789357" lon="105.7936617"/>
 <node id="9071033924" visible="true" version="2" changeset="113342074" timestamp="2021-11-03T17:20:47Z" user="Robert Knobloch" uid="11928550" lat="21.0787054" lon="105.7935617"/>
 <node id="9071033925" visible="true" version="2" changeset="113342074" timestamp="2021-11-03T17:20:47Z" user="Robert Knobloch" uid="11928550" lat="21.0787488" lon="105.7934469"/>
 <node id="9260497985" visible="true" version="1" changeset="113901173" timestamp="2021-11-17T14:34:34Z" user="Robert Knobloch" uid="11928550" lat="21.0754647" lon="105.8021384"/>
 <node id="9260497990" visible="true" version="2" changeset="140025183" timestamp="2023-08-17T17:53:34Z" user="VLD302" uid="16226557" lat="21.0767767" lon="105.7994960"/>
 <node id="9260497991" visible="true" version="2" changeset="140025183" timestamp="2023-08-17T17:53:34Z" user="VLD302" uid="16226557" lat="21.0763696" lon="105.8005758"/>
 <node id="9260497992" visible="true" version="2" changeset="140025183" timestamp="2023-08-17T17:53:34Z" user="VLD302" uid="16226557" lat="21.0778338" lon="105.7967461"/>
 <node id="9260497993" visible="true" version="2" changeset="140025183" timestamp="2023-08-17T17:53:34Z" user="VLD302" uid="16226557" lat="21.0768826" lon="105.7992275"/>
 <node id="9260497994" visible="true" version="2" changeset="140025183" timestamp="2023-08-17T17:53:34Z" user="VLD302" uid="16226557" lat="21.0783473" lon="105.7953943"/>
 <node id="9260497995" visible="true" version="1" changeset="113901173" timestamp="2021-11-17T14:34:34Z" user="Robert Knobloch" uid="11928550" lat="21.0779312" lon="105.7964707"/>
 <node id="9260497996" visible="true" version="1" changeset="113901173" timestamp="2021-11-17T14:34:34Z" user="Robert Knobloch" uid="11928550" lat="21.0767809" lon="105.7993251"/>
 <node id="9260497997" visible="true" version="1" changeset="113901173" timestamp="2021-11-17T14:34:34Z" user="Robert Knobloch" uid="11928550" lat="21.0767861" lon="105.7993372"/>
 <node id="9260497998" visible="true" version="1" changeset="113901173" timestamp="2021-11-17T14:34:34Z" user="Robert Knobloch" uid="11928550" lat="21.0767444" lon="105.7993887"/>
 <node id="9260497999" visible="true" version="1" changeset="113901173" timestamp="2021-11-17T14:34:34Z" user="Robert Knobloch" uid="11928550" lat="21.0767323" lon="105.7993848"/>
 <node id="9260498000" visible="true" version="1" changeset="113901173" timestamp="2021-11-17T14:34:34Z" user="Robert Knobloch" uid="11928550" lat="21.0767220" lon="105.7993768"/>
 <node id="9260498001" visible="true" version="1" changeset="113901173" timestamp="2021-11-17T14:34:34Z" user="Robert Knobloch" uid="11928550" lat="21.0767874" lon="105.7993505"/>
 <node id="9260498002" visible="true" version="1" changeset="113901173" timestamp="2021-11-17T14:34:34Z" user="Robert Knobloch" uid="11928550" lat="21.0767846" lon="105.7993636"/>
 <node id="9260498003" visible="true" version="1" changeset="113901173" timestamp="2021-11-17T14:34:34Z" user="Robert Knobloch" uid="11928550" lat="21.0767781" lon="105.7993750"/>
 <node id="9260498004" visible="true" version="1" changeset="113901173" timestamp="2021-11-17T14:34:34Z" user="Robert Knobloch" uid="11928550" lat="21.0767685" lon="105.7993835"/>
 <node id="9260498005" visible="true" version="1" changeset="113901173" timestamp="2021-11-17T14:34:34Z" user="Robert Knobloch" uid="11928550" lat="21.0767568" lon="105.7993882"/>
 <node id="9260498006" visible="true" version="1" changeset="113901173" timestamp="2021-11-17T14:34:34Z" user="Robert Knobloch" uid="11928550" lat="21.0767148" lon="105.7993657"/>
 <node id="9260498007" visible="true" version="1" changeset="113901173" timestamp="2021-11-17T14:34:34Z" user="Robert Knobloch" uid="11928550" lat="21.0767113" lon="105.7993527"/>
 <node id="9260498008" visible="true" version="1" changeset="113901173" timestamp="2021-11-17T14:34:34Z" user="Robert Knobloch" uid="11928550" lat="21.0767120" lon="105.7993392"/>
 <node id="9260498009" visible="true" version="1" changeset="113901173" timestamp="2021-11-17T14:34:34Z" user="Robert Knobloch" uid="11928550" lat="21.0767167" lon="105.7993266"/>
 <node id="9260498010" visible="true" version="1" changeset="113901173" timestamp="2021-11-17T14:34:34Z" user="Robert Knobloch" uid="11928550" lat="21.0767250" lon="105.7993164"/>
 <node id="9260498011" visible="true" version="1" changeset="113901173" timestamp="2021-11-17T14:34:34Z" user="Robert Knobloch" uid="11928550" lat="21.0767360" lon="105.7993097"/>
 <node id="9260498012" visible="true" version="1" changeset="113901173" timestamp="2021-11-17T14:34:34Z" user="Robert Knobloch" uid="11928550" lat="21.0767484" lon="105.7993072"/>
 <node id="9260498013" visible="true" version="1" changeset="113901173" timestamp="2021-11-17T14:34:34Z" user="Robert Knobloch" uid="11928550" lat="21.0767609" lon="105.7993091"/>
 <node id="9260498014" visible="true" version="1" changeset="113901173" timestamp="2021-11-17T14:34:34Z" user="Robert Knobloch" uid="11928550" lat="21.0767722" lon="105.7993153"/>
 <node id="9260498015" visible="true" version="1" changeset="113901173" timestamp="2021-11-17T14:34:34Z" user="Robert Knobloch" uid="11928550" lat="21.0777656" lon="105.7966204"/>
 <node id="9260498016" visible="true" version="1" changeset="113901173" timestamp="2021-11-17T14:34:34Z" user="Robert Knobloch" uid="11928550" lat="21.0777621" lon="105.7966074"/>
 <node id="9260508417" visible="true" version="1" changeset="113901173" timestamp="2021-11-17T14:34:34Z" user="Robert Knobloch" uid="11928550" lat="21.0777627" lon="105.7965938"/>
 <node id="9260508418" visible="true" version="2" changeset="115539705" timestamp="2021-12-29T22:09:42Z" user="Robert Knobloch" uid="11928550" lat="21.0777628" lon="105.7965851"/>
 <node id="9260508419" visible="true" version="1" changeset="113901173" timestamp="2021-11-17T14:34:34Z" user="Robert Knobloch" uid="11928550" lat="21.0777758" lon="105.7965710"/>
 <node id="9260508420" visible="true" version="1" changeset="113901173" timestamp="2021-11-17T14:34:34Z" user="Robert Knobloch" uid="11928550" lat="21.0777867" lon="105.7965643"/>
 <node id="9260508421" visible="true" version="1" changeset="113901173" timestamp="2021-11-17T14:34:34Z" user="Robert Knobloch" uid="11928550" lat="21.0777991" lon="105.7965618"/>
 <node id="9260508422" visible="true" version="1" changeset="113901173" timestamp="2021-11-17T14:34:34Z" user="Robert Knobloch" uid="11928550" lat="21.0778117" lon="105.7965637"/>
 <node id="9260508423" visible="true" version="1" changeset="113901173" timestamp="2021-11-17T14:34:34Z" user="Robert Knobloch" uid="11928550" lat="21.0778229" lon="105.7965699"/>
 <node id="9260508424" visible="true" version="1" changeset="113901173" timestamp="2021-11-17T14:34:34Z" user="Robert Knobloch" uid="11928550" lat="21.0778316" lon="105.7965797"/>
 <node id="9260508425" visible="true" version="1" changeset="113901173" timestamp="2021-11-17T14:34:34Z" user="Robert Knobloch" uid="11928550" lat="21.0778368" lon="105.7965919"/>
 <node id="9260508426" visible="true" version="1" changeset="113901173" timestamp="2021-11-17T14:34:34Z" user="Robert Knobloch" uid="11928550" lat="21.0778381" lon="105.7966053"/>
 <node id="9260508427" visible="true" version="1" changeset="113901173" timestamp="2021-11-17T14:34:34Z" user="Robert Knobloch" uid="11928550" lat="21.0778353" lon="105.7966183"/>
 <node id="9260508428" visible="true" version="1" changeset="113901173" timestamp="2021-11-17T14:34:34Z" user="Robert Knobloch" uid="11928550" lat="21.0778287" lon="105.7966297"/>
 <node id="9260508429" visible="true" version="1" changeset="113901173" timestamp="2021-11-17T14:34:34Z" user="Robert Knobloch" uid="11928550" lat="21.0778190" lon="105.7966382"/>
 <node id="9260508430" visible="true" version="1" changeset="113901173" timestamp="2021-11-17T14:34:34Z" user="Robert Knobloch" uid="11928550" lat="21.0778073" lon="105.7966429"/>
 <node id="9260508431" visible="true" version="1" changeset="113901173" timestamp="2021-11-17T14:34:34Z" user="Robert Knobloch" uid="11928550" lat="21.0777948" lon="105.7966432"/>
 <node id="9260508432" visible="true" version="1" changeset="113901173" timestamp="2021-11-17T14:34:34Z" user="Robert Knobloch" uid="11928550" lat="21.0777828" lon="105.7966393"/>
 <node id="9260508433" visible="true" version="1" changeset="113901173" timestamp="2021-11-17T14:34:34Z" user="Robert Knobloch" uid="11928550" lat="21.0777727" lon="105.7966314"/>
 <node id="9377492238" visible="true" version="1" changeset="115539705" timestamp="2021-12-29T22:09:42Z" user="Robert Knobloch" uid="11928550" lat="21.0758424" lon="105.7977318"/>
 <node id="9377492239" visible="true" version="1" changeset="115539705" timestamp="2021-12-29T22:09:42Z" user="Robert Knobloch" uid="11928550" lat="21.0750443" lon="105.7974413"/>
 <node id="9377492240" visible="true" version="1" changeset="115539705" timestamp="2021-12-29T22:09:42Z" user="Robert Knobloch" uid="11928550" lat="21.0753825" lon="105.7975644"/>
 <node id="9377492241" visible="true" version="1" changeset="115539705" timestamp="2021-12-29T22:09:42Z" user="Robert Knobloch" uid="11928550" lat="21.0761497" lon="105.7969627"/>
 <node id="9377492242" visible="true" version="1" changeset="115539705" timestamp="2021-12-29T22:09:42Z" user="Robert Knobloch" uid="11928550" lat="21.0752859" lon="105.7967426"/>
 <node id="9377492243" visible="true" version="1" changeset="115539705" timestamp="2021-12-29T22:09:42Z" user="Robert Knobloch" uid="11928550" lat="21.0757002" lon="105.7968482"/>
 <node id="9377492244" visible="true" version="1" changeset="115539705" timestamp="2021-12-29T22:09:42Z" user="Robert Knobloch" uid="11928550" lat="21.0762633" lon="105.7966456"/>
 <node id="9377492245" visible="true" version="1" changeset="115539705" timestamp="2021-12-29T22:09:42Z" user="Robert Knobloch" uid="11928550" lat="21.0753735" lon="105.7964755"/>
 <node id="9377492246" visible="true" version="1" changeset="115539705" timestamp="2021-12-29T22:09:42Z" user="Robert Knobloch" uid="11928550" lat="21.0758127" lon="105.7965595"/>
 <node id="9377492247" visible="true" version="1" changeset="115539705" timestamp="2021-12-29T22:09:42Z" user="Robert Knobloch" uid="11928550" lat="21.0763618" lon="105.7963655"/>
 <node id="9377492248" visible="true" version="1" changeset="115539705" timestamp="2021-12-29T22:09:42Z" user="Robert Knobloch" uid="11928550" lat="21.0759114" lon="105.7962682"/>
 <node id="9377492249" visible="true" version="1" changeset="115539705" timestamp="2021-12-29T22:09:42Z" user="Robert Knobloch" uid="11928550" lat="21.0758950" lon="105.7963166"/>
 <node id="9377492250" visible="true" version="1" changeset="115539705" timestamp="2021-12-29T22:09:42Z" user="Robert Knobloch" uid="11928550" lat="21.0754526" lon="105.7961995"/>
 <node id="9377492251" visible="true" version="1" changeset="115539705" timestamp="2021-12-29T22:09:42Z" user="Robert Knobloch" uid="11928550" lat="21.0768189" lon="105.7949766"/>
 <node id="9377492252" visible="true" version="1" changeset="115539705" timestamp="2021-12-29T22:09:42Z" user="Robert Knobloch" uid="11928550" lat="21.0765125" lon="105.7948568"/>
 <node id="9377492261" visible="true" version="1" changeset="115539705" timestamp="2021-12-29T22:09:42Z" user="Robert Knobloch" uid="11928550" lat="21.0753211" lon="105.8025102">
  <tag k="barrier" v="gate"/>
 </node>
 <node id="9377492264" visible="true" version="1" changeset="115539705" timestamp="2021-12-29T22:09:42Z" user="Robert Knobloch" uid="11928550" lat="21.0754306" lon="105.8022267">
  <tag k="barrier" v="gate"/>
 </node>
 <node id="9377492373" visible="true" version="1" changeset="115539705" timestamp="2021-12-29T22:09:42Z" user="Robert Knobloch" uid="11928550" lat="21.0727176" lon="105.8074873"/>
 <node id="9377492374" visible="true" version="1" changeset="115539705" timestamp="2021-12-29T22:09:42Z" user="Robert Knobloch" uid="11928550" lat="21.0733732" lon="105.8055466"/>
 <node id="9377492375" visible="true" version="1" changeset="115539705" timestamp="2021-12-29T22:09:42Z" user="Robert Knobloch" uid="11928550" lat="21.0732279" lon="105.8046001"/>
 <node id="9377492376" visible="true" version="1" changeset="115539705" timestamp="2021-12-29T22:09:42Z" user="Robert Knobloch" uid="11928550" lat="21.0726412" lon="105.8038469"/>
 <node id="9377492377" visible="true" version="2" changeset="148157902" timestamp="2024-03-03T09:21:59Z" user="phoenixsaigon1698" uid="3323343" lat="21.0745050" lon="105.7984099"/>
 <node id="9623789187" visible="true" version="1" changeset="119114392" timestamp="2022-03-30T12:22:18Z" user="kura_1" uid="14366156" lat="21.0757377" lon="105.8105138"/>
 <node id="9623789188" visible="true" version="1" changeset="119114392" timestamp="2022-03-30T12:22:18Z" user="kura_1" uid="14366156" lat="21.0758081" lon="105.8103544"/>
 <node id="9623789189" visible="true" version="1" changeset="119114392" timestamp="2022-03-30T12:22:18Z" user="kura_1" uid="14366156" lat="21.0756562" lon="105.8104726"/>
 <node id="9623789190" visible="true" version="1" changeset="119114392" timestamp="2022-03-30T12:22:18Z" user="kura_1" uid="14366156" lat="21.0757267" lon="105.8103133"/>
 <node id="9623789191" visible="true" version="1" changeset="119114392" timestamp="2022-03-30T12:22:18Z" user="kura_1" uid="14366156" lat="21.0755166" lon="105.8104021"/>
 <node id="9623789192" visible="true" version="1" changeset="119114392" timestamp="2022-03-30T12:22:18Z" user="kura_1" uid="14366156" lat="21.0755780" lon="105.8104331"/>
 <node id="9623789193" visible="true" version="1" changeset="119114392" timestamp="2022-03-30T12:22:18Z" user="kura_1" uid="14366156" lat="21.0756485" lon="105.8102738"/>
 <node id="9623789194" visible="true" version="1" changeset="119114392" timestamp="2022-03-30T12:22:18Z" user="kura_1" uid="14366156" lat="21.0755871" lon="105.8102428"/>
 <node id="9623789195" visible="true" version="1" changeset="119114392" timestamp="2022-03-30T12:22:18Z" user="kura_1" uid="14366156" lat="21.0758838" lon="105.8101813"/>
 <node id="9623789196" visible="true" version="1" changeset="119114392" timestamp="2022-03-30T12:22:18Z" user="kura_1" uid="14366156" lat="21.0758133" lon="105.8103406"/>
 <node id="9623789197" visible="true" version="1" changeset="119114392" timestamp="2022-03-30T12:22:18Z" user="kura_1" uid="14366156" lat="21.0758023" lon="105.8101402"/>
 <node id="9623789198" visible="true" version="1" changeset="119114392" timestamp="2022-03-30T12:22:18Z" user="kura_1" uid="14366156" lat="21.0757319" lon="105.8102995"/>
 <node id="9623789199" visible="true" version="1" changeset="119114392" timestamp="2022-03-30T12:22:18Z" user="kura_1" uid="14366156" lat="21.0757241" lon="105.8101006"/>
 <node id="9623789200" visible="true" version="1" changeset="119114392" timestamp="2022-03-30T12:22:18Z" user="kura_1" uid="14366156" lat="21.0756536" lon="105.8102600"/>
 <node id="9623789201" visible="true" version="1" changeset="119114392" timestamp="2022-03-30T12:22:18Z" user="kura_1" uid="14366156" lat="21.0755923" lon="105.8102290"/>
 <node id="9623789202" visible="true" version="1" changeset="119114392" timestamp="2022-03-30T12:22:18Z" user="kura_1" uid="14366156" lat="21.0756627" lon="105.8100696"/>
 <node id="9623789203" visible="true" version="1" changeset="119114392" timestamp="2022-03-30T12:22:18Z" user="kura_1" uid="14366156" lat="21.0759271" lon="105.8102221"/>
 <node id="9623789204" visible="true" version="1" changeset="119114392" timestamp="2022-03-30T12:22:18Z" user="kura_1" uid="14366156" lat="21.0758721" lon="105.8103501"/>
 <node id="9623789205" visible="true" version="1" changeset="119114392" timestamp="2022-03-30T12:22:18Z" user="kura_1" uid="14366156" lat="21.0759195" lon="105.8103736"/>
 <node id="9623789206" visible="true" version="1" changeset="119114392" timestamp="2022-03-30T12:22:18Z" user="kura_1" uid="14366156" lat="21.0759746" lon="105.8102455"/>
 <node id="9623789207" visible="true" version="1" changeset="119114392" timestamp="2022-03-30T12:22:18Z" user="kura_1" uid="14366156" lat="21.0759876" lon="105.8102399"/>
 <node id="9623789208" visible="true" version="1" changeset="119114392" timestamp="2022-03-30T12:22:18Z" user="kura_1" uid="14366156" lat="21.0759253" lon="105.8104199"/>
 <node id="9623789209" visible="true" version="1" changeset="119114392" timestamp="2022-03-30T12:22:18Z" user="kura_1" uid="14366156" lat="21.0760241" lon="105.8104591"/>
 <node id="9623789210" visible="true" version="1" changeset="119114392" timestamp="2022-03-30T12:22:18Z" user="kura_1" uid="14366156" lat="21.0760863" lon="105.8102790"/>
 <node id="9875165601" visible="true" version="3" changeset="142333621" timestamp="2023-10-09T06:33:52Z" user="ItsLouisAnderson" uid="11691953" lat="21.0777513" lon="105.7932901"/>
 <node id="10702505294" visible="true" version="1" changeset="133183823" timestamp="2023-03-01T18:45:48Z" user="Robert Knobloch" uid="11928550" lat="21.0764189" lon="105.8069854"/>
 <node id="10702505295" visible="true" version="1" changeset="133183823" timestamp="2023-03-01T18:45:48Z" user="Robert Knobloch" uid="11928550" lat="21.0763961" lon="105.8070653"/>
 <node id="10702505296" visible="true" version="1" changeset="133183823" timestamp="2023-03-01T18:45:48Z" user="Robert Knobloch" uid="11928550" lat="21.0764304" lon="105.8070766"/>
 <node id="10702505297" visible="true" version="1" changeset="133183823" timestamp="2023-03-01T18:45:48Z" user="Robert Knobloch" uid="11928550" lat="21.0763968" lon="105.8071943"/>
 <node id="10702505298" visible="true" version="1" changeset="133183823" timestamp="2023-03-01T18:45:48Z" user="Robert Knobloch" uid="11928550" lat="21.0765776" lon="105.8072536"/>
 <node id="10702505299" visible="true" version="1" changeset="133183823" timestamp="2023-03-01T18:45:48Z" user="Robert Knobloch" uid="11928550" lat="21.0766242" lon="105.8070904"/>
 <node id="10702505300" visible="true" version="1" changeset="133183823" timestamp="2023-03-01T18:45:48Z" user="Robert Knobloch" uid="11928550" lat="21.0765304" lon="105.8070596"/>
 <node id="10702505301" visible="true" version="1" changeset="133183823" timestamp="2023-03-01T18:45:48Z" user="Robert Knobloch" uid="11928550" lat="21.0765402" lon="105.8070252"/>
 <node id="10702505302" visible="true" version="1" changeset="133183823" timestamp="2023-03-01T18:45:48Z" user="Robert Knobloch" uid="11928550" lat="21.0765555" lon="105.8073342"/>
 <node id="10702505303" visible="true" version="1" changeset="133183823" timestamp="2023-03-01T18:45:48Z" user="Robert Knobloch" uid="11928550" lat="21.0765756" lon="105.8072782"/>
 <node id="10702505304" visible="true" version="1" changeset="133183823" timestamp="2023-03-01T18:45:48Z" user="Robert Knobloch" uid="11928550" lat="21.0764504" lon="105.8072266"/>
 <node id="10702508702" visible="true" version="1" changeset="133183775" timestamp="2023-03-01T18:44:41Z" user="Robert Knobloch" uid="11928550" lat="21.0774348" lon="105.7949679"/>
 <node id="10702508703" visible="true" version="1" changeset="133183775" timestamp="2023-03-01T18:44:41Z" user="Robert Knobloch" uid="11928550" lat="21.0775168" lon="105.7950010"/>
 <node id="10702508704" visible="true" version="1" changeset="133183775" timestamp="2023-03-01T18:44:41Z" user="Robert Knobloch" uid="11928550" lat="21.0775385" lon="105.7949395"/>
 <node id="10702589305" visible="true" version="1" changeset="133183775" timestamp="2023-03-01T18:44:41Z" user="Robert Knobloch" uid="11928550" lat="21.0774565" lon="105.7949063"/>
 <node id="10702589306" visible="true" version="1" changeset="133183775" timestamp="2023-03-01T18:44:41Z" user="Robert Knobloch" uid="11928550" lat="21.0782729" lon="105.7936880"/>
 <node id="10702589307" visible="true" version="1" changeset="133183775" timestamp="2023-03-01T18:44:41Z" user="Robert Knobloch" uid="11928550" lat="21.0782875" lon="105.7936107"/>
 <node id="10702589308" visible="true" version="1" changeset="133183775" timestamp="2023-03-01T18:44:41Z" user="Robert Knobloch" uid="11928550" lat="21.0781950" lon="105.7935906"/>
 <node id="10702589309" visible="true" version="1" changeset="133183775" timestamp="2023-03-01T18:44:41Z" user="Robert Knobloch" uid="11928550" lat="21.0781877" lon="105.7936292"/>
 <node id="10702589310" visible="true" version="1" changeset="133183775" timestamp="2023-03-01T18:44:41Z" user="Robert Knobloch" uid="11928550" lat="21.0782334" lon="105.7936392"/>
 <node id="10702589311" visible="true" version="1" changeset="133183775" timestamp="2023-03-01T18:44:41Z" user="Robert Knobloch" uid="11928550" lat="21.0782261" lon="105.7936778"/>
 <node id="10702591605" visible="true" version="1" changeset="133183823" timestamp="2023-03-01T18:45:48Z" user="Robert Knobloch" uid="11928550" lat="21.0764303" lon="105.8072827"/>
 <node id="10702591606" visible="true" version="2" changeset="142333621" timestamp="2023-10-09T06:33:52Z" user="ItsLouisAnderson" uid="11691953" lat="21.0763477" lon="105.8074055"/>
 <node id="10702591607" visible="true" version="2" changeset="142333621" timestamp="2023-10-09T06:33:52Z" user="ItsLouisAnderson" uid="11691953" lat="21.0764803" lon="105.8074493"/>
 <node id="10702591608" visible="true" version="2" changeset="142333621" timestamp="2023-10-09T06:33:52Z" user="ItsLouisAnderson" uid="11691953" lat="21.0765155" lon="105.8073268"/>
 <node id="10702591609" visible="true" version="2" changeset="142333621" timestamp="2023-10-09T06:33:52Z" user="ItsLouisAnderson" uid="11691953" lat="21.0763829" lon="105.8072831"/>
 <node id="10720345729" visible="true" version="1" changeset="133425759" timestamp="2023-03-08T03:22:47Z" user="Viet Anh Dinh" uid="18463634" lat="21.0825327" lon="105.8033520"/>
 <node id="10720345730" visible="true" version="1" changeset="133425759" timestamp="2023-03-08T03:22:47Z" user="Viet Anh Dinh" uid="18463634" lat="21.0825269" lon="105.8034644"/>
 <node id="10720345731" visible="true" version="1" changeset="133425759" timestamp="2023-03-08T03:22:47Z" user="Viet Anh Dinh" uid="18463634" lat="21.0822685" lon="105.8034511"/>
 <node id="10720345732" visible="true" version="1" changeset="133425759" timestamp="2023-03-08T03:22:47Z" user="Viet Anh Dinh" uid="18463634" lat="21.0822677" lon="105.8033387"/>
 <node id="10720345733" visible="true" version="1" changeset="133425759" timestamp="2023-03-08T03:22:47Z" user="Viet Anh Dinh" uid="18463634" lat="21.0825384" lon="105.8032260"/>
 <node id="10720345734" visible="true" version="1" changeset="133425759" timestamp="2023-03-08T03:22:47Z" user="Viet Anh Dinh" uid="18463634" lat="21.0822706" lon="105.8032117"/>
 <node id="10720345735" visible="true" version="1" changeset="133425759" timestamp="2023-03-08T03:22:47Z" user="Viet Anh Dinh" uid="18463634" lat="21.0825439" lon="105.8031025"/>
 <node id="10720345736" visible="true" version="1" changeset="133425759" timestamp="2023-03-08T03:22:47Z" user="Viet Anh Dinh" uid="18463634" lat="21.0822788" lon="105.8030892"/>
 <node id="10886067200" visible="true" version="3" changeset="151801441" timestamp="2024-05-25T09:14:20Z" user="phoenixsaigon1698" uid="3323343" lat="21.0828269" lon="105.8130767"/>
 <node id="10886067201" visible="true" version="1" changeset="135968281" timestamp="2023-05-11T09:26:03Z" user="GrabVN_QThoai" uid="15740602" lat="21.0829651" lon="105.8112656"/>
 <node id="10886067203" visible="true" version="4" changeset="182548532" timestamp="2026-05-12T10:47:15Z" user="GrabVN_HHanh" uid="21825758" lat="21.0827270" lon="105.8130673"/>
 <node id="10886080006" visible="true" version="3" changeset="151801441" timestamp="2024-05-25T09:14:20Z" user="phoenixsaigon1698" uid="3323343" lat="21.0829271" lon="105.8118594"/>
 <node id="10886080007" visible="true" version="2" changeset="142124690" timestamp="2023-10-04T04:18:04Z" user="GrabVN_QThoai" uid="15740602" lat="21.0834412" lon="105.8061842">
  <tag k="access" v="permissive"/>
  <tag k="barrier" v="gate"/>
 </node>
 <node id="10886080008" visible="true" version="2" changeset="142124690" timestamp="2023-10-04T04:18:04Z" user="GrabVN_QThoai" uid="15740602" lat="21.0833336" lon="105.8061726">
  <tag k="access" v="permissive"/>
  <tag k="barrier" v="gate"/>
 </node>
 <node id="10886080009" visible="true" version="2" changeset="154476699" timestamp="2024-07-27T10:34:08Z" user="openmap-vn" uid="21213273" lat="21.0836528" lon="105.8050700">
  <tag k="access" v="no"/>
  <tag k="barrier" v="gate"/>
 </node>
 <node id="10886080010" visible="true" version="3" changeset="152028346" timestamp="2024-05-30T10:51:50Z" user="ItsLouisAnderson" uid="11691953" lat="21.0839234" lon="105.8011307">
  <tag k="access" v="permissive"/>
  <tag k="barrier" v="gate"/>
 </node>
 <node id="10886080011" visible="true" version="2" changeset="151801441" timestamp="2024-05-25T09:14:20Z" user="phoenixsaigon1698" uid="3323343" lat="21.0838091" lon="105.8011178">
  <tag k="access" v="permissive"/>
  <tag k="barrier" v="gate"/>
 </node>
 <node id="10886080013" visible="true" version="4" changeset="154476699" timestamp="2024-07-27T10:34:08Z" user="openmap-vn" uid="21213273" lat="21.0823626" lon="105.8060717">
  <tag k="access" v="no"/>
  <tag k="barrier" v="gate"/>
 </node>
 <node id="10886080014" visible="true" version="4" changeset="154476699" timestamp="2024-07-27T10:34:08Z" user="openmap-vn" uid="21213273" lat="21.0828418" lon="105.8008924">
  <tag k="access" v="permissive"/>
  <tag k="barrier" v="gate"/>
 </node>
 <node id="10886080015" visible="true" version="1" changeset="135968281" timestamp="2023-05-11T09:26:03Z" user="GrabVN_QThoai" uid="15740602" lat="21.0780875" lon="105.8121263"/>
 <node id="10958808425" visible="true" version="1" changeset="136995307" timestamp="2023-06-06T04:01:40Z" user="Grab_Cong" uid="18820325" lat="21.0788464" lon="105.7924673"/>
 <node id="10975912419" visible="true" version="2" changeset="142333621" timestamp="2023-10-09T06:33:52Z" user="ItsLouisAnderson" uid="11691953" lat="21.0773787" lon="105.7947593">
  <tag k="barrier" v="steel_barricade"/>
 </node>
 <node id="11026988172" visible="true" version="1" changeset="138128605" timestamp="2023-07-05T03:22:26Z" user="GrabVN_QThoai" uid="15740602" lat="21.0820335" lon="105.7995403"/>
 <node id="11026988173" visible="true" version="1" changeset="138128605" timestamp="2023-07-05T03:22:26Z" user="GrabVN_QThoai" uid="15740602" lat="21.0825303" lon="105.7969002"/>
 <node id="11026988174" visible="true" version="1" changeset="138128605" timestamp="2023-07-05T03:22:26Z" user="GrabVN_QThoai" uid="15740602" lat="21.0825488" lon="105.7967367"/>
 <node id="11026988175" visible="true" version="1" changeset="138128605" timestamp="2023-07-05T03:22:26Z" user="GrabVN_QThoai" uid="15740602" lat="21.0825183" lon="105.7966013"/>
 <node id="11026988176" visible="true" version="1" changeset="138128605" timestamp="2023-07-05T03:22:26Z" user="GrabVN_QThoai" uid="15740602" lat="21.0824791" lon="105.7965639"/>
 <node id="11026988177" visible="true" version="2" changeset="151801441" timestamp="2024-05-25T09:14:20Z" user="phoenixsaigon1698" uid="3323343" lat="21.0823866" lon="105.7965453"/>
 <node id="11031486479" visible="true" version="3" changeset="142333621" timestamp="2023-10-09T06:33:52Z" user="ItsLouisAnderson" uid="11691953" lat="21.0778175" lon="105.7931626"/>
 <node id="11072284434" visible="true" version="3" changeset="168253402" timestamp="2025-06-29T07:32:03Z" user="Tewuzij" uid="16194143" lat="21.0749995" lon="105.8004692"/>
 <node id="11072284435" visible="true" version="4" changeset="168253402" timestamp="2025-06-29T07:32:03Z" user="Tewuzij" uid="16194143" lat="21.0766859" lon="105.8011754"/>
 <node id="11072284436" visible="true" version="4" changeset="168253402" timestamp="2025-06-29T07:32:03Z" user="Tewuzij" uid="16194143" lat="21.0757885" lon="105.8008204"/>
 <node id="11072284437" visible="true" version="3" changeset="168253402" timestamp="2025-06-29T07:32:03Z" user="Tewuzij" uid="16194143" lat="21.0776597" lon="105.8012920"/>
 <node id="11072284438" visible="true" version="3" changeset="168253402" timestamp="2025-06-29T07:32:03Z" user="Tewuzij" uid="16194143" lat="21.0771005" lon="105.8012448"/>
 <node id="11075321704" visible="true" version="1" changeset="139180057" timestamp="2023-07-29T16:18:31Z" user="ItsLouisAnderson" uid="11691953" lat="21.0763738" lon="105.8112216"/>
 <node id="11113295560" visible="true" version="1" changeset="139853809" timestamp="2023-08-14T05:59:04Z" user="ItsLouisAnderson" uid="11691953" lat="21.0807978" lon="105.7894164"/>
 <node id="11113295573" visible="true" version="1" changeset="139853809" timestamp="2023-08-14T05:59:04Z" user="ItsLouisAnderson" uid="11691953" lat="21.0779914" lon="105.7901011"/>
 <node id="11114271593" visible="true" version="1" changeset="139871398" timestamp="2023-08-14T13:10:51Z" user="ItsLouisAnderson" uid="11691953" lat="21.0834809" lon="105.8100446"/>
 <node id="11114271594" visible="true" version="1" changeset="139871398" timestamp="2023-08-14T13:10:51Z" user="ItsLouisAnderson" uid="11691953" lat="21.0833726" lon="105.8100331"/>
 <node id="11114271595" visible="true" version="1" changeset="139871398" timestamp="2023-08-14T13:10:51Z" user="ItsLouisAnderson" uid="11691953" lat="21.0832702" lon="105.8112133"/>
 <node id="11114271596" visible="true" version="1" changeset="139871398" timestamp="2023-08-14T13:10:51Z" user="ItsLouisAnderson" uid="11691953" lat="21.0833803" lon="105.8112260"/>
 <node id="11114271597" visible="true" version="1" changeset="139871398" timestamp="2023-08-14T13:10:51Z" user="ItsLouisAnderson" uid="11691953" lat="21.0834267" lon="105.8111980"/>
 <node id="11114271598" visible="true" version="1" changeset="139871398" timestamp="2023-08-14T13:10:51Z" user="ItsLouisAnderson" uid="11691953" lat="21.0835279" lon="105.8100899"/>
 <node id="11114271599" visible="true" version="1" changeset="139871398" timestamp="2023-08-14T13:10:51Z" user="ItsLouisAnderson" uid="11691953" lat="21.0833392" lon="105.8100215"/>
 <node id="11114271600" visible="true" version="1" changeset="139871398" timestamp="2023-08-14T13:10:51Z" user="ItsLouisAnderson" uid="11691953" lat="21.0832788" lon="105.8100158"/>
 <node id="11114271601" visible="true" version="1" changeset="139871398" timestamp="2023-08-14T13:10:51Z" user="ItsLouisAnderson" uid="11691953" lat="21.0831792" lon="105.8101006"/>
 <node id="11114271602" visible="true" version="1" changeset="139871398" timestamp="2023-08-14T13:10:51Z" user="ItsLouisAnderson" uid="11691953" lat="21.0830831" lon="105.8111670"/>
 <node id="11114271603" visible="true" version="1" changeset="139871398" timestamp="2023-08-14T13:10:51Z" user="ItsLouisAnderson" uid="11691953" lat="21.0831126" lon="105.8112003"/>
 <node id="11114271604" visible="true" version="1" changeset="139871398" timestamp="2023-08-14T13:10:51Z" user="ItsLouisAnderson" uid="11691953" lat="21.0832412" lon="105.8112124"/>
 <node id="11114292217" visible="true" version="1" changeset="139871398" timestamp="2023-08-14T13:10:51Z" user="ItsLouisAnderson" uid="11691953" lat="21.0840689" lon="105.8111942"/>
 <node id="11114292218" visible="true" version="1" changeset="139871398" timestamp="2023-08-14T13:10:51Z" user="ItsLouisAnderson" uid="11691953" lat="21.0840965" lon="105.8109133"/>
 <node id="11114292219" visible="true" version="1" changeset="139871398" timestamp="2023-08-14T13:10:51Z" user="ItsLouisAnderson" uid="11691953" lat="21.0840271" lon="105.8109055"/>
 <node id="11114292220" visible="true" version="1" changeset="139871398" timestamp="2023-08-14T13:10:51Z" user="ItsLouisAnderson" uid="11691953" lat="21.0840373" lon="105.8108022"/>
 <node id="11114292221" visible="true" version="1" changeset="139871398" timestamp="2023-08-14T13:10:51Z" user="ItsLouisAnderson" uid="11691953" lat="21.0837300" lon="105.8107676"/>
 <node id="11114292222" visible="true" version="1" changeset="139871398" timestamp="2023-08-14T13:10:51Z" user="ItsLouisAnderson" uid="11691953" lat="21.0837193" lon="105.8108769"/>
 <node id="11114292223" visible="true" version="1" changeset="139871398" timestamp="2023-08-14T13:10:51Z" user="ItsLouisAnderson" uid="11691953" lat="21.0836580" lon="105.8108700"/>
 <node id="11114292224" visible="true" version="1" changeset="139871398" timestamp="2023-08-14T13:10:51Z" user="ItsLouisAnderson" uid="11691953" lat="21.0836299" lon="105.8111567"/>
 <node id="11114292225" visible="true" version="1" changeset="139871398" timestamp="2023-08-14T13:10:51Z" user="ItsLouisAnderson" uid="11691953" lat="21.0837536" lon="105.8111707"/>
 <node id="11114292226" visible="true" version="1" changeset="139871398" timestamp="2023-08-14T13:10:51Z" user="ItsLouisAnderson" uid="11691953" lat="21.0837825" lon="105.8108770"/>
 <node id="11114292227" visible="true" version="1" changeset="139871398" timestamp="2023-08-14T13:10:51Z" user="ItsLouisAnderson" uid="11691953" lat="21.0839774" lon="105.8108990"/>
 <node id="11114292228" visible="true" version="1" changeset="139871398" timestamp="2023-08-14T13:10:51Z" user="ItsLouisAnderson" uid="11691953" lat="21.0839497" lon="105.8111808"/>
 <node id="11114292229" visible="true" version="1" changeset="139871398" timestamp="2023-08-14T13:10:51Z" user="ItsLouisAnderson" uid="11691953" lat="21.0841788" lon="105.8099755"/>
 <node id="11114292230" visible="true" version="1" changeset="139871398" timestamp="2023-08-14T13:10:51Z" user="ItsLouisAnderson" uid="11691953" lat="21.0841518" lon="105.8102731"/>
 <node id="11114292231" visible="true" version="1" changeset="139871398" timestamp="2023-08-14T13:10:51Z" user="ItsLouisAnderson" uid="11691953" lat="21.0841588" lon="105.8103203"/>
 <node id="11114292232" visible="true" version="1" changeset="139871398" timestamp="2023-08-14T13:10:51Z" user="ItsLouisAnderson" uid="11691953" lat="21.0841828" lon="105.8103621"/>
 <node id="11114292233" visible="true" version="1" changeset="139871398" timestamp="2023-08-14T13:10:51Z" user="ItsLouisAnderson" uid="11691953" lat="21.0842159" lon="105.8103804"/>
 <node id="11123474328" visible="true" version="1" changeset="140025183" timestamp="2023-08-17T17:53:34Z" user="VLD302" uid="16226557" lat="21.0776025" lon="105.7966614"/>
 <node id="11123474329" visible="true" version="1" changeset="140025183" timestamp="2023-08-17T17:53:34Z" user="VLD302" uid="16226557" lat="21.0766721" lon="105.7991118"/>
 <node id="11123474330" visible="true" version="1" changeset="140025183" timestamp="2023-08-17T17:53:34Z" user="VLD302" uid="16226557" lat="21.0781352" lon="105.7953110"/>
 <node id="11123474331" visible="true" version="1" changeset="140025183" timestamp="2023-08-17T17:53:34Z" user="VLD302" uid="16226557" lat="21.0776982" lon="105.7963688"/>
 <node id="11123474332" visible="true" version="1" changeset="140025183" timestamp="2023-08-17T17:53:34Z" user="VLD302" uid="16226557" lat="21.0765355" lon="105.7993971"/>
 <node id="11123474333" visible="true" version="1" changeset="140025183" timestamp="2023-08-17T17:53:34Z" user="VLD302" uid="16226557" lat="21.0761140" lon="105.8004633"/>
 <node id="11140750402" visible="true" version="3" changeset="149729790" timestamp="2024-04-08T11:06:23Z" user="phoenixsaigon1698" uid="3323343" lat="21.0773143" lon="105.7943546"/>
 <node id="11140807605" visible="true" version="3" changeset="149729790" timestamp="2024-04-08T11:06:23Z" user="phoenixsaigon1698" uid="3323343" lat="21.0773993" lon="105.7943968"/>
 <node id="11250395830" visible="true" version="1" changeset="142333621" timestamp="2023-10-09T06:33:52Z" user="ItsLouisAnderson" uid="11691953" lat="21.0776822" lon="105.7936643"/>
 <node id="11250395831" visible="true" version="1" changeset="142333621" timestamp="2023-10-09T06:33:52Z" user="ItsLouisAnderson" uid="11691953" lat="21.0775964" lon="105.7936201"/>
 <node id="11250395832" visible="true" version="1" changeset="142333621" timestamp="2023-10-09T06:33:52Z" user="ItsLouisAnderson" uid="11691953" lat="21.0773825" lon="105.7939918"/>
 <node id="11250395833" visible="true" version="1" changeset="142333621" timestamp="2023-10-09T06:33:52Z" user="ItsLouisAnderson" uid="11691953" lat="21.0774025" lon="105.7939757"/>
 <node id="11250395834" visible="true" version="1" changeset="142333621" timestamp="2023-10-09T06:33:52Z" user="ItsLouisAnderson" uid="11691953" lat="21.0774365" lon="105.7939414"/>
 <node id="11250395835" visible="true" version="1" changeset="142333621" timestamp="2023-10-09T06:33:52Z" user="ItsLouisAnderson" uid="11691953" lat="21.0774485" lon="105.7939038"/>
 <node id="11250395836" visible="true" version="1" changeset="142333621" timestamp="2023-10-09T06:33:52Z" user="ItsLouisAnderson" uid="11691953" lat="21.0774686" lon="105.7938158"/>
 <node id="11250453937" visible="true" version="1" changeset="142333621" timestamp="2023-10-09T06:33:52Z" user="ItsLouisAnderson" uid="11691953" lat="21.0774946" lon="105.7936967"/>
 <node id="11250453938" visible="true" version="1" changeset="142333621" timestamp="2023-10-09T06:33:52Z" user="ItsLouisAnderson" uid="11691953" lat="21.0775276" lon="105.7936109"/>
 <node id="11250453939" visible="true" version="1" changeset="142333621" timestamp="2023-10-09T06:33:52Z" user="ItsLouisAnderson" uid="11691953" lat="21.0777128" lon="105.7932150"/>
 <node id="11250453940" visible="true" version="1" changeset="142333621" timestamp="2023-10-09T06:33:52Z" user="ItsLouisAnderson" uid="11691953" lat="21.0777899" lon="105.7930734"/>
 <node id="11250453943" visible="true" version="1" changeset="142333621" timestamp="2023-10-09T06:33:52Z" user="ItsLouisAnderson" uid="11691953" lat="21.0778313" lon="105.7929966"/>
 <node id="11250453945" visible="true" version="1" changeset="142333621" timestamp="2023-10-09T06:33:52Z" user="ItsLouisAnderson" uid="11691953" lat="21.0778902" lon="105.7930350">
  <tag k="highway" v="crossing"/>
 </node>
 <node id="11250453946" visible="true" version="1" changeset="142333621" timestamp="2023-10-09T06:33:52Z" user="ItsLouisAnderson" uid="11691953" lat="21.0779659" lon="105.7930845">
  <tag k="highway" v="crossing"/>
 </node>
 <node id="11288369438" visible="true" version="2" changeset="162765677" timestamp="2025-02-21T06:02:23Z" user="ZioDragon" uid="13799024" lat="21.0770292" lon="105.8013366"/>
 <node id="11288369439" visible="true" version="2" changeset="162765677" timestamp="2025-02-21T06:02:23Z" user="ZioDragon" uid="13799024" lat="21.0771765" lon="105.8013650"/>
 <node id="11288369440" visible="true" version="2" changeset="162765677" timestamp="2025-02-21T06:02:23Z" user="ZioDragon" uid="13799024" lat="21.0776003" lon="105.8014106"/>
 <node id="11288369441" visible="true" version="2" changeset="162765677" timestamp="2025-02-21T06:02:23Z" user="ZioDragon" uid="13799024" lat="21.0784981" lon="105.8013241"/>
 <node id="11288369442" visible="true" version="2" changeset="162765677" timestamp="2025-02-21T06:02:23Z" user="ZioDragon" uid="13799024" lat="21.0764560" lon="105.8011763"/>
 <node id="11288369444" visible="true" version="2" changeset="162765677" timestamp="2025-02-21T06:02:23Z" user="ZioDragon" uid="13799024" lat="21.0797017" lon="105.8008676"/>
 <node id="11288369445" visible="true" version="3" changeset="162765677" timestamp="2025-02-21T06:02:23Z" user="ZioDragon" uid="13799024" lat="21.0807102" lon="105.8005976"/>
 <node id="11288369446" visible="true" version="3" changeset="162765677" timestamp="2025-02-21T06:02:23Z" user="ZioDragon" uid="13799024" lat="21.0812122" lon="105.8005304"/>
 <node id="11288369447" visible="true" version="2" changeset="162765677" timestamp="2025-02-21T06:02:23Z" user="ZioDragon" uid="13799024" lat="21.0800663" lon="105.8007708"/>
 <node id="11288369448" visible="true" version="3" changeset="162765677" timestamp="2025-02-21T06:02:23Z" user="ZioDragon" uid="13799024" lat="21.0797372" lon="105.8010204"/>
 <node id="11288369449" visible="true" version="3" changeset="162765677" timestamp="2025-02-21T06:02:23Z" user="ZioDragon" uid="13799024" lat="21.0807367" lon="105.8007524"/>
 <node id="11288369450" visible="true" version="3" changeset="162765677" timestamp="2025-02-21T06:02:23Z" user="ZioDragon" uid="13799024" lat="21.0809895" lon="105.8007087"/>
 <node id="11288369452" visible="true" version="3" changeset="162765677" timestamp="2025-02-21T06:02:23Z" user="ZioDragon" uid="13799024" lat="21.0789830" lon="105.8010484"/>
 <node id="11288369453" visible="true" version="3" changeset="162765677" timestamp="2025-02-21T06:02:23Z" user="ZioDragon" uid="13799024" lat="21.0790142" lon="105.8012022"/>
 <node id="11288369456" visible="true" version="2" changeset="162765677" timestamp="2025-02-21T06:02:23Z" user="ZioDragon" uid="13799024" lat="21.0779659" lon="105.8013942"/>
 <node id="11346083699" visible="true" version="2" changeset="145007080" timestamp="2023-12-11T16:49:56Z" user="ItsLouisAnderson" uid="11691953" lat="21.0812259" lon="105.8080946">
  <tag k="access" v="no"/>
  <tag k="barrier" v="lift_gate"/>
 </node>
 <node id="11346083700" visible="true" version="1" changeset="143964687" timestamp="2023-11-13T10:44:17Z" user="GrabVN_QThoai" uid="15740602" lat="21.0813872" lon="105.8062092">
  <tag k="access" v="no"/>
  <tag k="barrier" v="lift_gate"/>
 </node>
 <node id="11346083702" visible="true" version="2" changeset="145007080" timestamp="2023-12-11T16:49:56Z" user="ItsLouisAnderson" uid="11691953" lat="21.0824028" lon="105.8062634">
  <tag k="barrier" v="yes"/>
 </node>
 <node id="11346083703" visible="true" version="2" changeset="145007080" timestamp="2023-12-11T16:49:56Z" user="ItsLouisAnderson" uid="11691953" lat="21.0822976" lon="105.8062554">
  <tag k="barrier" v="yes"/>
 </node>
 <node id="11346083704" visible="true" version="2" changeset="145007080" timestamp="2023-12-11T16:49:56Z" user="ItsLouisAnderson" uid="11691953" lat="21.0817318" lon="105.8081881">
  <tag k="barrier" v="yes"/>
 </node>
 <node id="11402701113" visible="true" version="1" changeset="144893067" timestamp="2023-12-08T08:39:08Z" user="Arkskyle" uid="17344224" lat="21.0837856" lon="105.8014250"/>
 <node id="11410009348" visible="true" version="4" changeset="174875367" timestamp="2025-11-19T19:26:54Z" user="Trần Thanh Tuấn" uid="16014056" lat="21.0842276" lon="105.8113461"/>
 <node id="11410009349" visible="true" version="3" changeset="174875367" timestamp="2025-11-19T19:26:54Z" user="Trần Thanh Tuấn" uid="16014056" lat="21.0836136" lon="105.8112772"/>
 <node id="11410009350" visible="true" version="3" changeset="174875367" timestamp="2025-11-19T19:26:54Z" user="Trần Thanh Tuấn" uid="16014056" lat="21.0835577" lon="105.8112325"/>
 <node id="11410009351" visible="true" version="1" changeset="145007080" timestamp="2023-12-11T16:49:56Z" user="ItsLouisAnderson" uid="11691953" lat="21.0837897" lon="105.8104040"/>
 <node id="11410009352" visible="true" version="1" changeset="145007080" timestamp="2023-12-11T16:49:56Z" user="ItsLouisAnderson" uid="11691953" lat="21.0825754" lon="105.8085112"/>
 <node id="11410009353" visible="true" version="1" changeset="145007080" timestamp="2023-12-11T16:49:56Z" user="ItsLouisAnderson" uid="11691953" lat="21.0825133" lon="105.8084275"/>
 <node id="11410009354" visible="true" version="1" changeset="145007080" timestamp="2023-12-11T16:49:56Z" user="ItsLouisAnderson" uid="11691953" lat="21.0801878" lon="105.8081898"/>
 <node id="11410009355" visible="true" version="1" changeset="145007080" timestamp="2023-12-11T16:49:56Z" user="ItsLouisAnderson" uid="11691953" lat="21.0800568" lon="105.8096367"/>
 <node id="11410009356" visible="true" version="1" changeset="145007080" timestamp="2023-12-11T16:49:56Z" user="ItsLouisAnderson" uid="11691953" lat="21.0824306" lon="105.8099046"/>
 <node id="11410009357" visible="true" version="1" changeset="145007080" timestamp="2023-12-11T16:49:56Z" user="ItsLouisAnderson" uid="11691953" lat="21.0823698" lon="105.8066261"/>
 <node id="11410009358" visible="true" version="1" changeset="145007080" timestamp="2023-12-11T16:49:56Z" user="ItsLouisAnderson" uid="11691953" lat="21.0808888" lon="105.8061601"/>
 <node id="11410009359" visible="true" version="1" changeset="145007080" timestamp="2023-12-11T16:49:56Z" user="ItsLouisAnderson" uid="11691953" lat="21.0806992" lon="105.8081569"/>
 <node id="11410009360" visible="true" version="1" changeset="145007080" timestamp="2023-12-11T16:49:56Z" user="ItsLouisAnderson" uid="11691953" lat="21.0823203" lon="105.8118994"/>
 <node id="11410009361" visible="true" version="1" changeset="145007080" timestamp="2023-12-11T16:49:56Z" user="ItsLouisAnderson" uid="11691953" lat="21.0815555" lon="105.8118136"/>
 <node id="11410009362" visible="true" version="1" changeset="145007080" timestamp="2023-12-11T16:49:56Z" user="ItsLouisAnderson" uid="11691953" lat="21.0814894" lon="105.8118372"/>
 <node id="11410009363" visible="true" version="1" changeset="145007080" timestamp="2023-12-11T16:49:56Z" user="ItsLouisAnderson" uid="11691953" lat="21.0814453" lon="105.8118737"/>
 <node id="11410009364" visible="true" version="1" changeset="145007080" timestamp="2023-12-11T16:49:56Z" user="ItsLouisAnderson" uid="11691953" lat="21.0814173" lon="105.8119445"/>
 <node id="11410009365" visible="true" version="1" changeset="145007080" timestamp="2023-12-11T16:49:56Z" user="ItsLouisAnderson" uid="11691953" lat="21.0813551" lon="105.8125065"/>
 <node id="11410009366" visible="true" version="1" changeset="145007080" timestamp="2023-12-11T16:49:56Z" user="ItsLouisAnderson" uid="11691953" lat="21.0823341" lon="105.8112566"/>
 <node id="11410009367" visible="true" version="1" changeset="145007080" timestamp="2023-12-11T16:49:56Z" user="ItsLouisAnderson" uid="11691953" lat="21.0816438" lon="105.8111682"/>
 <node id="11410009368" visible="true" version="1" changeset="145007080" timestamp="2023-12-11T16:49:56Z" user="ItsLouisAnderson" uid="11691953" lat="21.0813054" lon="105.8109462"/>
 <node id="11410034069" visible="true" version="1" changeset="145007080" timestamp="2023-12-11T16:49:56Z" user="ItsLouisAnderson" uid="11691953" lat="21.0813997" lon="105.8106214"/>
 <node id="11410034070" visible="true" version="1" changeset="145007080" timestamp="2023-12-11T16:49:56Z" user="ItsLouisAnderson" uid="11691953" lat="21.0810293" lon="105.8104518"/>
 <node id="11410034071" visible="true" version="1" changeset="145007080" timestamp="2023-12-11T16:49:56Z" user="ItsLouisAnderson" uid="11691953" lat="21.0808171" lon="105.8104969"/>
 <node id="11410034072" visible="true" version="1" changeset="145007080" timestamp="2023-12-11T16:49:56Z" user="ItsLouisAnderson" uid="11691953" lat="21.0804922" lon="105.8111375"/>
 <node id="11410034073" visible="true" version="1" changeset="145007080" timestamp="2023-12-11T16:49:56Z" user="ItsLouisAnderson" uid="11691953" lat="21.0804905" lon="105.8112259"/>
 <node id="11410034074" visible="true" version="1" changeset="145007080" timestamp="2023-12-11T16:49:56Z" user="ItsLouisAnderson" uid="11691953" lat="21.0813475" lon="105.8119188"/>
 <node id="11410034075" visible="true" version="1" changeset="145007080" timestamp="2023-12-11T16:49:56Z" user="ItsLouisAnderson" uid="11691953" lat="21.0814754" lon="105.8117402"/>
 <node id="11410034076" visible="true" version="1" changeset="145007080" timestamp="2023-12-11T16:49:56Z" user="ItsLouisAnderson" uid="11691953" lat="21.0822785" lon="105.8118250"/>
 <node id="11410034077" visible="true" version="1" changeset="145007080" timestamp="2023-12-11T16:49:56Z" user="ItsLouisAnderson" uid="11691953" lat="21.0811690" lon="105.8097622"/>
 <node id="11410034078" visible="true" version="1" changeset="145007080" timestamp="2023-12-11T16:49:56Z" user="ItsLouisAnderson" uid="11691953" lat="21.0811136" lon="105.8103322"/>
 <node id="11410034079" visible="true" version="1" changeset="145007080" timestamp="2023-12-11T16:49:56Z" user="ItsLouisAnderson" uid="11691953" lat="21.0810844" lon="105.8103461"/>
 <node id="11410034080" visible="true" version="1" changeset="145007080" timestamp="2023-12-11T16:49:56Z" user="ItsLouisAnderson" uid="11691953" lat="21.0810755" lon="105.8104730"/>
 <node id="11410034081" visible="true" version="1" changeset="145007080" timestamp="2023-12-11T16:49:56Z" user="ItsLouisAnderson" uid="11691953" lat="21.0821246" lon="105.8112298"/>
 <node id="11410034082" visible="true" version="1" changeset="145007080" timestamp="2023-12-11T16:49:56Z" user="ItsLouisAnderson" uid="11691953" lat="21.0822597" lon="105.8098853"/>
 <node id="11410034083" visible="true" version="1" changeset="145007080" timestamp="2023-12-11T16:49:56Z" user="ItsLouisAnderson" uid="11691953" lat="21.0821546" lon="105.8099765"/>
 <node id="11410034084" visible="true" version="1" changeset="145007080" timestamp="2023-12-11T16:49:56Z" user="ItsLouisAnderson" uid="11691953" lat="21.0812230" lon="105.8098819"/>
 <node id="11410034085" visible="true" version="1" changeset="145007080" timestamp="2023-12-11T16:49:56Z" user="ItsLouisAnderson" uid="11691953" lat="21.0811836" lon="105.8103276"/>
 <node id="11410034086" visible="true" version="1" changeset="145007080" timestamp="2023-12-11T16:49:56Z" user="ItsLouisAnderson" uid="11691953" lat="21.0812447" lon="105.8103338"/>
 <node id="11410034087" visible="true" version="1" changeset="145007080" timestamp="2023-12-11T16:49:56Z" user="ItsLouisAnderson" uid="11691953" lat="21.0812376" lon="105.8104135"/>
 <node id="11410034088" visible="true" version="1" changeset="145007080" timestamp="2023-12-11T16:49:56Z" user="ItsLouisAnderson" uid="11691953" lat="21.0814152" lon="105.8104315"/>
 <node id="11410034089" visible="true" version="1" changeset="145007080" timestamp="2023-12-11T16:49:56Z" user="ItsLouisAnderson" uid="11691953" lat="21.0814236" lon="105.8103363"/>
 <node id="11410034090" visible="true" version="1" changeset="145007080" timestamp="2023-12-11T16:49:56Z" user="ItsLouisAnderson" uid="11691953" lat="21.0812897" lon="105.8103228"/>
 <node id="11410034091" visible="true" version="1" changeset="145007080" timestamp="2023-12-11T16:49:56Z" user="ItsLouisAnderson" uid="11691953" lat="21.0813113" lon="105.8100775"/>
 <node id="11410034092" visible="true" version="1" changeset="145007080" timestamp="2023-12-11T16:49:56Z" user="ItsLouisAnderson" uid="11691953" lat="21.0815052" lon="105.8100972"/>
 <node id="11410034093" visible="true" version="1" changeset="145007080" timestamp="2023-12-11T16:49:56Z" user="ItsLouisAnderson" uid="11691953" lat="21.0814804" lon="105.8103789"/>
 <node id="11410034094" visible="true" version="1" changeset="145007080" timestamp="2023-12-11T16:49:56Z" user="ItsLouisAnderson" uid="11691953" lat="21.0814216" lon="105.8104282"/>
 <node id="11410034095" visible="true" version="1" changeset="145007080" timestamp="2023-12-11T16:49:56Z" user="ItsLouisAnderson" uid="11691953" lat="21.0814781" lon="105.8104339"/>
 <node id="11410034096" visible="true" version="1" changeset="145007080" timestamp="2023-12-11T16:49:56Z" user="ItsLouisAnderson" uid="11691953" lat="21.0814732" lon="105.8104890"/>
 <node id="11410034097" visible="true" version="1" changeset="145007080" timestamp="2023-12-11T16:49:56Z" user="ItsLouisAnderson" uid="11691953" lat="21.0815367" lon="105.8104955"/>
 <node id="11410034098" visible="true" version="1" changeset="145007080" timestamp="2023-12-11T16:49:56Z" user="ItsLouisAnderson" uid="11691953" lat="21.0815115" lon="105.8107793"/>
 <node id="11410034099" visible="true" version="1" changeset="145007080" timestamp="2023-12-11T16:49:56Z" user="ItsLouisAnderson" uid="11691953" lat="21.0818154" lon="105.8108103"/>
 <node id="11410034100" visible="true" version="1" changeset="145007080" timestamp="2023-12-11T16:49:56Z" user="ItsLouisAnderson" uid="11691953" lat="21.0818358" lon="105.8105807"/>
 <node id="11410034101" visible="true" version="1" changeset="145007080" timestamp="2023-12-11T16:49:56Z" user="ItsLouisAnderson" uid="11691953" lat="21.0816893" lon="105.8105658"/>
 <node id="11410034102" visible="true" version="1" changeset="145007080" timestamp="2023-12-11T16:49:56Z" user="ItsLouisAnderson" uid="11691953" lat="21.0816982" lon="105.8104651"/>
 <node id="11410034103" visible="true" version="1" changeset="145007080" timestamp="2023-12-11T16:49:56Z" user="ItsLouisAnderson" uid="11691953" lat="21.0816373" lon="105.8104589"/>
 <node id="11410034104" visible="true" version="1" changeset="145007080" timestamp="2023-12-11T16:49:56Z" user="ItsLouisAnderson" uid="11691953" lat="21.0816680" lon="105.8101123"/>
 <node id="11410034105" visible="true" version="1" changeset="145007080" timestamp="2023-12-11T16:49:56Z" user="ItsLouisAnderson" uid="11691953" lat="21.0819674" lon="105.8101427"/>
 <node id="11410034106" visible="true" version="1" changeset="145007080" timestamp="2023-12-11T16:49:56Z" user="ItsLouisAnderson" uid="11691953" lat="21.0819025" lon="105.8108759"/>
 <node id="11410034107" visible="true" version="1" changeset="145007080" timestamp="2023-12-11T16:49:56Z" user="ItsLouisAnderson" uid="11691953" lat="21.0820735" lon="105.8108932"/>
 <node id="11675492523" visible="true" version="1" changeset="148036287" timestamp="2024-02-29T04:52:42Z" user="phoenixsaigon1698" uid="3323343" lat="21.0755320" lon="105.7989711"/>
 <node id="11675492524" visible="true" version="1" changeset="148036287" timestamp="2024-02-29T04:52:42Z" user="phoenixsaigon1698" uid="3323343" lat="21.0766054" lon="105.7962092"/>
 <node id="11729829552" visible="true" version="2" changeset="167618172" timestamp="2025-06-14T15:39:41Z" user="Hung Tran 9x0" uid="20910140" lat="21.0740413" lon="105.7994834"/>
 <node id="11758701562" visible="true" version="1" changeset="149097492" timestamp="2024-03-24T16:41:10Z" user="Basstoelpel" uid="72235" lat="21.0864684" lon="105.7936661">
  <tag k="design" v="three-level"/>
  <tag k="power" v="tower"/>
 </node>
 <node id="11758701563" visible="true" version="1" changeset="149097492" timestamp="2024-03-24T16:41:10Z" user="Basstoelpel" uid="72235" lat="21.0863220" lon="105.7952338">
  <tag k="design" v="three-level"/>
  <tag k="power" v="tower"/>
 </node>
 <node id="11758701564" visible="true" version="1" changeset="149097492" timestamp="2024-03-24T16:41:10Z" user="Basstoelpel" uid="72235" lat="21.0861743" lon="105.7969196">
  <tag k="design" v="three-level"/>
  <tag k="power" v="tower"/>
 </node>
 <node id="11758701565" visible="true" version="1" changeset="149097492" timestamp="2024-03-24T16:41:10Z" user="Basstoelpel" uid="72235" lat="21.0860167" lon="105.7986402">
  <tag k="design" v="three-level"/>
  <tag k="power" v="tower"/>
 </node>
 <node id="11758701566" visible="true" version="1" changeset="149097492" timestamp="2024-03-24T16:41:10Z" user="Basstoelpel" uid="72235" lat="21.0858653" lon="105.8002885">
  <tag k="design" v="three-level"/>
  <tag k="power" v="tower"/>
 </node>
 <node id="11758701567" visible="true" version="1" changeset="149097492" timestamp="2024-03-24T16:41:10Z" user="Basstoelpel" uid="72235" lat="21.0857289" lon="105.8018160">
  <tag k="design" v="three-level"/>
  <tag k="power" v="tower"/>
 </node>
 <node id="11758701568" visible="true" version="1" changeset="149097492" timestamp="2024-03-24T16:41:10Z" user="Basstoelpel" uid="72235" lat="21.0855574" lon="105.8037311">
  <tag k="design" v="three-level"/>
  <tag k="power" v="tower"/>
 </node>
 <node id="11758701569" visible="true" version="1" changeset="149097492" timestamp="2024-03-24T16:41:10Z" user="Basstoelpel" uid="72235" lat="21.0854223" lon="105.8052291">
  <tag k="design" v="three-level"/>
  <tag k="power" v="tower"/>
 </node>
 <node id="11758701570" visible="true" version="1" changeset="149097492" timestamp="2024-03-24T16:41:10Z" user="Basstoelpel" uid="72235" lat="21.0852621" lon="105.8070020">
  <tag k="design" v="three-level"/>
  <tag k="power" v="tower"/>
 </node>
 <node id="11758701571" visible="true" version="1" changeset="149097492" timestamp="2024-03-24T16:41:10Z" user="Basstoelpel" uid="72235" lat="21.0851082" lon="105.8087468">
  <tag k="design" v="three-level"/>
  <tag k="power" v="tower"/>
 </node>
 <node id="11758701572" visible="true" version="1" changeset="149097492" timestamp="2024-03-24T16:41:10Z" user="Basstoelpel" uid="72235" lat="21.0851479" lon="105.8119886">
  <tag k="power" v="portal"/>
 </node>
 <node id="11758701573" visible="true" version="1" changeset="149097492" timestamp="2024-03-24T16:41:10Z" user="Basstoelpel" uid="72235" lat="21.0848117" lon="105.8119534">
  <tag k="design" v="three-level"/>
  <tag k="power" v="tower"/>
 </node>
 <node id="11758701574" visible="true" version="1" changeset="149097492" timestamp="2024-03-24T16:41:10Z" user="Basstoelpel" uid="72235" lat="21.0848792" lon="105.8112118">
  <tag k="design" v="three-level"/>
  <tag k="power" v="tower"/>
  <tag k="structure" v="tubular"/>
 </node>
 <node id="11758701581" visible="true" version="1" changeset="149097492" timestamp="2024-03-24T16:41:10Z" user="Basstoelpel" uid="72235" lat="21.0850619" lon="105.8121170"/>
 <node id="11758701582" visible="true" version="1" changeset="149097492" timestamp="2024-03-24T16:41:10Z" user="Basstoelpel" uid="72235" lat="21.0850907" lon="105.8118179"/>
 <node id="11758701584" visible="true" version="1" changeset="149097492" timestamp="2024-03-24T16:41:10Z" user="Basstoelpel" uid="72235" lat="21.0846790" lon="105.8116718">
  <tag k="design" v="six-level"/>
  <tag k="line_management" v="transition"/>
  <tag k="location:transition" v="yes"/>
  <tag k="power" v="tower"/>
  <tag k="structure" v="tubular"/>
 </node>
 <node id="11758701585" visible="true" version="1" changeset="149097492" timestamp="2024-03-24T16:41:10Z" user="Basstoelpel" uid="72235" lat="21.0847641" lon="105.8106753">
  <tag k="design" v="six-level"/>
  <tag k="power" v="tower"/>
  <tag k="structure" v="tubular"/>
 </node>
 <node id="11758701586" visible="true" version="1" changeset="149097492" timestamp="2024-03-24T16:41:10Z" user="Basstoelpel" uid="72235" lat="21.0849068" lon="105.8091786">
  <tag k="design" v="six-level"/>
  <tag k="power" v="tower"/>
  <tag k="structure" v="tubular"/>
 </node>
 <node id="11758701587" visible="true" version="1" changeset="149097492" timestamp="2024-03-24T16:41:10Z" user="Basstoelpel" uid="72235" lat="21.0850432" lon="105.8076324">
  <tag k="design" v="six-level"/>
  <tag k="power" v="tower"/>
  <tag k="structure" v="tubular"/>
 </node>
 <node id="11758701588" visible="true" version="1" changeset="149097492" timestamp="2024-03-24T16:41:10Z" user="Basstoelpel" uid="72235" lat="21.0851921" lon="105.8059640">
  <tag k="design" v="six-level"/>
  <tag k="power" v="tower"/>
  <tag k="structure" v="tubular"/>
 </node>
 <node id="11758701589" visible="true" version="1" changeset="149097492" timestamp="2024-03-24T16:41:10Z" user="Basstoelpel" uid="72235" lat="21.0853435" lon="105.8042863">
  <tag k="design" v="six-level"/>
  <tag k="power" v="tower"/>
  <tag k="structure" v="tubular"/>
 </node>
 <node id="11758701590" visible="true" version="1" changeset="149097492" timestamp="2024-03-24T16:41:10Z" user="Basstoelpel" uid="72235" lat="21.0855099" lon="105.8024919">
  <tag k="design" v="six-level"/>
  <tag k="power" v="tower"/>
  <tag k="structure" v="tubular"/>
 </node>
 <node id="11758701591" visible="true" version="1" changeset="149097492" timestamp="2024-03-24T16:41:10Z" user="Basstoelpel" uid="72235" lat="21.0856125" lon="105.8012715">
  <tag k="design" v="six-level"/>
  <tag k="power" v="tower"/>
  <tag k="structure" v="tubular"/>
 </node>
 <node id="11758701592" visible="true" version="1" changeset="149097492" timestamp="2024-03-24T16:41:10Z" user="Basstoelpel" uid="72235" lat="21.0857426" lon="105.7998191">
  <tag k="design" v="six-level"/>
  <tag k="power" v="tower"/>
  <tag k="structure" v="tubular"/>
 </node>
 <node id="11758701593" visible="true" version="1" changeset="149097492" timestamp="2024-03-24T16:41:10Z" user="Basstoelpel" uid="72235" lat="21.0858778" lon="105.7983841">
  <tag k="design" v="six-level"/>
  <tag k="power" v="tower"/>
  <tag k="structure" v="tubular"/>
 </node>
 <node id="11758701594" visible="true" version="1" changeset="149097492" timestamp="2024-03-24T16:41:10Z" user="Basstoelpel" uid="72235" lat="21.0860117" lon="105.7968526">
  <tag k="design" v="six-level"/>
  <tag k="power" v="tower"/>
  <tag k="structure" v="tubular"/>
 </node>
 <node id="11758701595" visible="true" version="1" changeset="149097492" timestamp="2024-03-24T16:41:10Z" user="Basstoelpel" uid="72235" lat="21.0861693" lon="105.7950394">
  <tag k="design" v="six-level"/>
  <tag k="power" v="tower"/>
  <tag k="structure" v="tubular"/>
 </node>
 <node id="11758701596" visible="true" version="1" changeset="149097492" timestamp="2024-03-24T16:41:10Z" user="Basstoelpel" uid="72235" lat="21.0863232" lon="105.7934287">
  <tag k="design" v="six-level"/>
  <tag k="power" v="tower"/>
  <tag k="structure" v="tubular"/>
 </node>
 <node id="11758701597" visible="true" version="1" changeset="149097492" timestamp="2024-03-24T16:41:10Z" user="Basstoelpel" uid="72235" lat="21.0864659" lon="105.7918073">
  <tag k="design" v="six-level"/>
  <tag k="power" v="tower"/>
  <tag k="structure" v="tubular"/>
 </node>
 <node id="11758701598" visible="true" version="1" changeset="149097492" timestamp="2024-03-24T16:41:10Z" user="Basstoelpel" uid="72235" lat="21.0866098" lon="105.7902597">
  <tag k="design" v="six-level"/>
  <tag k="power" v="tower"/>
  <tag k="structure" v="tubular"/>
 </node>
 <node id="11758701599" visible="true" version="1" changeset="149097492" timestamp="2024-03-24T16:41:10Z" user="Basstoelpel" uid="72235" lat="21.0868000" lon="105.7881193">
  <tag k="design" v="six-level"/>
  <tag k="power" v="tower"/>
  <tag k="structure" v="tubular"/>
 </node>
 <node id="11758701600" visible="true" version="1" changeset="149097492" timestamp="2024-03-24T16:41:10Z" user="Basstoelpel" uid="72235" lat="21.0870640" lon="105.7850817">
  <tag k="design" v="six-level"/>
  <tag k="power" v="tower"/>
  <tag k="structure" v="tubular"/>
 </node>
 <node id="11758701601" visible="true" version="1" changeset="149097492" timestamp="2024-03-24T16:41:10Z" user="Basstoelpel" uid="72235" lat="21.0873080" lon="105.7823592">
  <tag k="design" v="six-level"/>
  <tag k="power" v="tower"/>
  <tag k="structure" v="tubular"/>
 </node>
 <node id="11758701602" visible="true" version="1" changeset="149097492" timestamp="2024-03-24T16:41:10Z" user="Basstoelpel" uid="72235" lat="21.0874156" lon="105.7811066">
  <tag k="design" v="six-level"/>
  <tag k="power" v="tower"/>
  <tag k="structure" v="tubular"/>
 </node>
 <node id="11758701606" visible="true" version="1" changeset="149097492" timestamp="2024-03-24T16:41:10Z" user="Basstoelpel" uid="72235" lat="21.0875983" lon="105.7790776">
  <tag k="design" v="six-level"/>
  <tag k="power" v="tower"/>
  <tag k="structure" v="tubular"/>
 </node>
 <node id="11758701607" visible="true" version="1" changeset="149097492" timestamp="2024-03-24T16:41:10Z" user="Basstoelpel" uid="72235" lat="21.0883166" lon="105.7781911">
  <tag k="design" v="six-level"/>
  <tag k="power" v="tower"/>
  <tag k="structure" v="tubular"/>
 </node>
 <node id="11758701608" visible="true" version="1" changeset="149097492" timestamp="2024-03-24T16:41:10Z" user="Basstoelpel" uid="72235" lat="21.0891624" lon="105.7771075">
  <tag k="design" v="six-level"/>
  <tag k="power" v="tower"/>
  <tag k="structure" v="tubular"/>
 </node>
 <node id="11932600498" visible="true" version="1" changeset="151800889" timestamp="2024-05-25T09:00:22Z" user="phoenixsaigon1698" uid="3323343" lat="21.0767203" lon="105.7979581"/>
 <node id="11932623619" visible="true" version="1" changeset="151801441" timestamp="2024-05-25T09:14:20Z" user="phoenixsaigon1698" uid="3323343" lat="21.0831057" lon="105.8097099"/>
 <node id="11932623620" visible="true" version="1" changeset="151801441" timestamp="2024-05-25T09:14:20Z" user="phoenixsaigon1698" uid="3323343" lat="21.0821482" lon="105.7980656"/>
 <node id="11932623621" visible="true" version="1" changeset="151801441" timestamp="2024-05-25T09:14:20Z" user="phoenixsaigon1698" uid="3323343" lat="21.0822135" lon="105.7975819"/>
 <node id="11932623622" visible="true" version="1" changeset="151801441" timestamp="2024-05-25T09:14:20Z" user="phoenixsaigon1698" uid="3323343" lat="21.0824456" lon="105.7961918"/>
 <node id="11932623623" visible="true" version="1" changeset="151801441" timestamp="2024-05-25T09:14:20Z" user="phoenixsaigon1698" uid="3323343" lat="21.0825525" lon="105.7955764"/>
 <node id="11932623624" visible="true" version="1" changeset="151801441" timestamp="2024-05-25T09:14:20Z" user="phoenixsaigon1698" uid="3323343" lat="21.0824703" lon="105.7942689"/>
 <node id="11932623625" visible="true" version="1" changeset="151801441" timestamp="2024-05-25T09:14:20Z" user="phoenixsaigon1698" uid="3323343" lat="21.0824042" lon="105.7934631"/>
 <node id="11932623626" visible="true" version="1" changeset="151801441" timestamp="2024-05-25T09:14:20Z" user="phoenixsaigon1698" uid="3323343" lat="21.0824626" lon="105.7932374"/>
 <node id="11932623627" visible="true" version="1" changeset="151801441" timestamp="2024-05-25T09:14:20Z" user="phoenixsaigon1698" uid="3323343" lat="21.0825210" lon="105.7931886"/>
 <node id="11932623629" visible="true" version="1" changeset="151801441" timestamp="2024-05-25T09:14:20Z" user="phoenixsaigon1698" uid="3323343" lat="21.0818352" lon="105.7975272"/>
 <node id="11944726211" visible="true" version="1" changeset="152028346" timestamp="2024-05-30T10:51:50Z" user="ItsLouisAnderson" uid="11691953" lat="21.0856218" lon="105.7957666"/>
 <node id="11944726212" visible="true" version="1" changeset="152028346" timestamp="2024-05-30T10:51:50Z" user="ItsLouisAnderson" uid="11691953" lat="21.0847926" lon="105.8049584"/>
 <node id="11944726213" visible="true" version="1" changeset="152028346" timestamp="2024-05-30T10:51:50Z" user="ItsLouisAnderson" uid="11691953" lat="21.0846845" lon="105.8050592"/>
 <node id="11944726214" visible="true" version="1" changeset="152028346" timestamp="2024-05-30T10:51:50Z" user="ItsLouisAnderson" uid="11691953" lat="21.0837416" lon="105.8049490"/>
 <node id="11944726215" visible="true" version="1" changeset="152028346" timestamp="2024-05-30T10:51:50Z" user="ItsLouisAnderson" uid="11691953" lat="21.0836544" lon="105.8048463"/>
 <node id="11944726216" visible="true" version="1" changeset="152028346" timestamp="2024-05-30T10:51:50Z" user="ItsLouisAnderson" uid="11691953" lat="21.0838305" lon="105.8030642"/>
 <node id="11944726217" visible="true" version="1" changeset="152028346" timestamp="2024-05-30T10:51:50Z" user="ItsLouisAnderson" uid="11691953" lat="21.0839908" lon="105.8011663"/>
 <node id="11944726218" visible="true" version="1" changeset="152028346" timestamp="2024-05-30T10:51:50Z" user="ItsLouisAnderson" uid="11691953" lat="21.0841337" lon="105.8010393"/>
 <node id="11944726219" visible="true" version="1" changeset="152028346" timestamp="2024-05-30T10:51:50Z" user="ItsLouisAnderson" uid="11691953" lat="21.0849477" lon="105.8011047"/>
 <node id="11944726220" visible="true" version="1" changeset="152028346" timestamp="2024-05-30T10:51:50Z" user="ItsLouisAnderson" uid="11691953" lat="21.0851202" lon="105.8013232"/>
 <node id="11944726221" visible="true" version="1" changeset="152028346" timestamp="2024-05-30T10:51:50Z" user="ItsLouisAnderson" uid="11691953" lat="21.0828884" lon="105.7969940"/>
 <node id="11944726222" visible="true" version="1" changeset="152028346" timestamp="2024-05-30T10:51:50Z" user="ItsLouisAnderson" uid="11691953" lat="21.0830966" lon="105.7943934"/>
 <node id="11944726223" visible="true" version="1" changeset="152028346" timestamp="2024-05-30T10:51:50Z" user="ItsLouisAnderson" uid="11691953" lat="21.0830606" lon="105.7938312"/>
 <node id="11944726224" visible="true" version="1" changeset="152028346" timestamp="2024-05-30T10:51:50Z" user="ItsLouisAnderson" uid="11691953" lat="21.0832127" lon="105.7934235"/>
 <node id="11944726225" visible="true" version="1" changeset="152028346" timestamp="2024-05-30T10:51:50Z" user="ItsLouisAnderson" uid="11691953" lat="21.0839255" lon="105.7930759"/>
 <node id="11944726226" visible="true" version="1" changeset="152028346" timestamp="2024-05-30T10:51:50Z" user="ItsLouisAnderson" uid="11691953" lat="21.0840656" lon="105.7933377"/>
 <node id="11944726227" visible="true" version="1" changeset="152028346" timestamp="2024-05-30T10:51:50Z" user="ItsLouisAnderson" uid="11691953" lat="21.0843930" lon="105.7933076"/>
 <node id="11944726228" visible="true" version="1" changeset="152028346" timestamp="2024-05-30T10:51:50Z" user="ItsLouisAnderson" uid="11691953" lat="21.0844530" lon="105.7931381"/>
 <node id="11944726229" visible="true" version="1" changeset="152028346" timestamp="2024-05-30T10:51:50Z" user="ItsLouisAnderson" uid="11691953" lat="21.0847774" lon="105.7929385"/>
 <node id="11944726230" visible="true" version="1" changeset="152028346" timestamp="2024-05-30T10:51:50Z" user="ItsLouisAnderson" uid="11691953" lat="21.0850477" lon="105.7929300"/>
 <node id="11944726231" visible="true" version="1" changeset="152028346" timestamp="2024-05-30T10:51:50Z" user="ItsLouisAnderson" uid="11691953" lat="21.0852799" lon="105.7928763"/>
 <node id="11944726232" visible="true" version="1" changeset="152028346" timestamp="2024-05-30T10:51:50Z" user="ItsLouisAnderson" uid="11691953" lat="21.0855342" lon="105.7927948"/>
 <node id="11944726233" visible="true" version="1" changeset="152028346" timestamp="2024-05-30T10:51:50Z" user="ItsLouisAnderson" uid="11691953" lat="21.0857464" lon="105.7926489"/>
 <node id="11944726234" visible="true" version="1" changeset="152028346" timestamp="2024-05-30T10:51:50Z" user="ItsLouisAnderson" uid="11691953" lat="21.0858845" lon="105.7927368"/>
 <node id="11944726235" visible="true" version="1" changeset="152028346" timestamp="2024-05-30T10:51:50Z" user="ItsLouisAnderson" uid="11691953" lat="21.0856848" lon="105.7950724"/>
 <node id="11944726236" visible="true" version="1" changeset="152028346" timestamp="2024-05-30T10:51:50Z" user="ItsLouisAnderson" uid="11691953" lat="21.0852173" lon="105.8008009"/>
 <node id="11944726237" visible="true" version="1" changeset="152028346" timestamp="2024-05-30T10:51:50Z" user="ItsLouisAnderson" uid="11691953" lat="21.0850800" lon="105.8023190"/>
 <node id="11944726238" visible="true" version="1" changeset="152028346" timestamp="2024-05-30T10:51:50Z" user="ItsLouisAnderson" uid="11691953" lat="21.0848385" lon="105.8052100"/>
 <node id="11944726240" visible="true" version="2" changeset="162765677" timestamp="2025-02-21T06:02:23Z" user="ZioDragon" uid="13799024" lat="21.0837511" lon="105.8133575"/>
 <node id="11944726241" visible="true" version="2" changeset="162765677" timestamp="2025-02-21T06:02:23Z" user="ZioDragon" uid="13799024" lat="21.0840418" lon="105.8130447"/>
 <node id="11944726242" visible="true" version="2" changeset="162765677" timestamp="2025-02-21T06:02:23Z" user="ZioDragon" uid="13799024" lat="21.0841077" lon="105.8127824"/>
 <node id="11956312104" visible="true" version="3" changeset="162765677" timestamp="2025-02-21T06:02:23Z" user="ZioDragon" uid="13799024" lat="21.0814853" lon="105.8006878"/>
 <node id="12074861414" visible="true" version="1" changeset="154430613" timestamp="2024-07-26T08:20:17Z" user="logus2" uid="21611817" lat="21.0754777" lon="105.8093971"/>
 <node id="12076668730" visible="true" version="1" changeset="154476699" timestamp="2024-07-27T10:34:08Z" user="openmap-vn" uid="21213273" lat="21.0826907" lon="105.8049528"/>
 <node id="12146358162" visible="true" version="1" changeset="155979703" timestamp="2024-08-30T15:27:07Z" user="Hung Tran 9x0" uid="20910140" lat="21.0844618" lon="105.8070961"/>
 <node id="12146358163" visible="true" version="1" changeset="155979703" timestamp="2024-08-30T15:27:07Z" user="Hung Tran 9x0" uid="20910140" lat="21.0845039" lon="105.8065573"/>
 <node id="12146358164" visible="true" version="1" changeset="155979703" timestamp="2024-08-30T15:27:07Z" user="Hung Tran 9x0" uid="20910140" lat="21.0841370" lon="105.8065243"/>
 <node id="12146358165" visible="true" version="1" changeset="155979703" timestamp="2024-08-30T15:27:07Z" user="Hung Tran 9x0" uid="20910140" lat="21.0841232" lon="105.8067002"/>
 <node id="12146358166" visible="true" version="1" changeset="155979703" timestamp="2024-08-30T15:27:07Z" user="Hung Tran 9x0" uid="20910140" lat="21.0842859" lon="105.8067175"/>
 <node id="12146358167" visible="true" version="1" changeset="155979703" timestamp="2024-08-30T15:27:07Z" user="Hung Tran 9x0" uid="20910140" lat="21.0842575" lon="105.8070777"/>
 <node id="12146358168" visible="true" version="3" changeset="173544914" timestamp="2025-10-20T16:01:35Z" user="Hung Tran 9x0" uid="20910140" lat="21.0844537" lon="105.8070652">
  <tag k="amenity" v="bank"/>
  <tag k="brand" v="MB"/>
  <tag k="brand:wikidata" v="Q10800269"/>
  <tag k="name" v="MB"/>
 </node>
 <node id="12381341006" visible="true" version="1" changeset="159684064" timestamp="2024-11-28T03:14:26Z" user="GrabVN_HHanh" uid="21825758" lat="21.0844176" lon="105.8099875"/>
 <node id="12472975011" visible="true" version="2" changeset="162765677" timestamp="2025-02-21T06:02:23Z" user="ZioDragon" uid="13799024" lat="21.0843406" lon="105.8109786"/>
 <node id="12472975012" visible="true" version="2" changeset="162765677" timestamp="2025-02-21T06:02:23Z" user="ZioDragon" uid="13799024" lat="21.0845032" lon="105.8109979"/>
 <node id="12578551154" visible="true" version="2" changeset="162765677" timestamp="2025-02-21T06:02:23Z" user="ZioDragon" uid="13799024" lat="21.0834466" lon="105.8008711"/>
 <node id="12578551156" visible="true" version="2" changeset="162765677" timestamp="2025-02-21T06:02:23Z" user="ZioDragon" uid="13799024" lat="21.0801040" lon="105.8009229"/>
 <node id="12578551157" visible="true" version="2" changeset="162765677" timestamp="2025-02-21T06:02:23Z" user="ZioDragon" uid="13799024" lat="21.0809809" lon="105.8005516"/>
 <node id="12578551158" visible="true" version="2" changeset="162765677" timestamp="2025-02-21T06:02:23Z" user="ZioDragon" uid="13799024" lat="21.0814891" lon="105.8005304"/>
 <node id="12578551159" visible="true" version="2" changeset="162765677" timestamp="2025-02-21T06:02:23Z" user="ZioDragon" uid="13799024" lat="21.0817842" lon="105.8005497"/>
 <node id="12578551160" visible="true" version="2" changeset="162765677" timestamp="2025-02-21T06:02:23Z" user="ZioDragon" uid="13799024" lat="21.0841271" lon="105.7989629"/>
 <node id="12578551161" visible="true" version="2" changeset="162765677" timestamp="2025-02-21T06:02:23Z" user="ZioDragon" uid="13799024" lat="21.0840070" lon="105.7989505"/>
 <node id="12578551162" visible="true" version="2" changeset="162765677" timestamp="2025-02-21T06:02:23Z" user="ZioDragon" uid="13799024" lat="21.0785159" lon="105.8011594"/>
 <node id="12606289992" visible="true" version="1" changeset="162765677" timestamp="2025-02-21T06:02:23Z" user="ZioDragon" uid="13799024" lat="21.0843443" lon="105.8127557"/>
 <node id="12606289993" visible="true" version="1" changeset="162765677" timestamp="2025-02-21T06:02:23Z" user="ZioDragon" uid="13799024" lat="21.0841814" lon="105.8127410"/>
 <node id="12606302793" visible="true" version="1" changeset="162765677" timestamp="2025-02-21T06:02:23Z" user="ZioDragon" uid="13799024" lat="21.0817707" lon="105.8142789"/>
 <node id="12606302794" visible="true" version="1" changeset="162765677" timestamp="2025-02-21T06:02:23Z" user="ZioDragon" uid="13799024" lat="21.0816415" lon="105.8142955"/>
 <node id="12606302795" visible="true" version="1" changeset="162765677" timestamp="2025-02-21T06:02:23Z" user="ZioDragon" uid="13799024" lat="21.0814924" lon="105.8142991"/>
 <node id="12606302810" visible="true" version="1" changeset="162765677" timestamp="2025-02-21T06:02:23Z" user="ZioDragon" uid="13799024" lat="21.0839206" lon="105.8132116"/>
 <node id="12606302811" visible="true" version="1" changeset="162765677" timestamp="2025-02-21T06:02:23Z" user="ZioDragon" uid="13799024" lat="21.0843377" lon="105.7934031"/>
 <node id="12606302812" visible="true" version="1" changeset="162765677" timestamp="2025-02-21T06:02:23Z" user="ZioDragon" uid="13799024" lat="21.0843752" lon="105.7936027"/>
 <node id="12606302813" visible="true" version="1" changeset="162765677" timestamp="2025-02-21T06:02:23Z" user="ZioDragon" uid="13799024" lat="21.0844333" lon="105.7938698"/>
 <node id="12606302814" visible="true" version="1" changeset="162765677" timestamp="2025-02-21T06:02:23Z" user="ZioDragon" uid="13799024" lat="21.0844757" lon="105.7941750"/>
 <node id="12606302815" visible="true" version="1" changeset="162765677" timestamp="2025-02-21T06:02:23Z" user="ZioDragon" uid="13799024" lat="21.0844963" lon="105.7944999"/>
 <node id="12606302816" visible="true" version="1" changeset="162765677" timestamp="2025-02-21T06:02:23Z" user="ZioDragon" uid="13799024" lat="21.0844200" lon="105.7957268"/>
 <node id="12606302817" visible="true" version="1" changeset="162765677" timestamp="2025-02-21T06:02:23Z" user="ZioDragon" uid="13799024" lat="21.0841840" lon="105.7934515"/>
 <node id="12606302818" visible="true" version="1" changeset="162765677" timestamp="2025-02-21T06:02:23Z" user="ZioDragon" uid="13799024" lat="21.0842509" lon="105.7936325"/>
 <node id="12606302819" visible="true" version="1" changeset="162765677" timestamp="2025-02-21T06:02:23Z" user="ZioDragon" uid="13799024" lat="21.0843128" lon="105.7939022"/>
 <node id="12606302820" visible="true" version="1" changeset="162765677" timestamp="2025-02-21T06:02:23Z" user="ZioDragon" uid="13799024" lat="21.0843527" lon="105.7941911"/>
 <node id="12606302821" visible="true" version="1" changeset="162765677" timestamp="2025-02-21T06:02:23Z" user="ZioDragon" uid="13799024" lat="21.0843706" lon="105.7944929"/>
 <node id="12606302822" visible="true" version="1" changeset="162765677" timestamp="2025-02-21T06:02:23Z" user="ZioDragon" uid="13799024" lat="21.0843616" lon="105.7948905"/>
 <node id="12606302823" visible="true" version="1" changeset="162765677" timestamp="2025-02-21T06:02:23Z" user="ZioDragon" uid="13799024" lat="21.0842946" lon="105.7957050"/>
 <node id="12606302824" visible="true" version="1" changeset="162765677" timestamp="2025-02-21T06:02:23Z" user="ZioDragon" uid="13799024" lat="21.0840405" lon="105.7985695"/>
 <node id="12606302825" visible="true" version="1" changeset="162765677" timestamp="2025-02-21T06:02:23Z" user="ZioDragon" uid="13799024" lat="21.0841631" lon="105.7985826"/>
 <node id="12606302826" visible="true" version="1" changeset="162765677" timestamp="2025-02-21T06:02:23Z" user="ZioDragon" uid="13799024" lat="21.0841753" lon="105.7970163"/>
 <node id="12606302827" visible="true" version="1" changeset="162765677" timestamp="2025-02-21T06:02:23Z" user="ZioDragon" uid="13799024" lat="21.0842966" lon="105.7970409"/>
 <node id="12606302828" visible="true" version="1" changeset="162765677" timestamp="2025-02-21T06:02:23Z" user="ZioDragon" uid="13799024" lat="21.0843292" lon="105.7932472"/>
 <node id="12606302829" visible="true" version="1" changeset="162765677" timestamp="2025-02-21T06:02:23Z" user="ZioDragon" uid="13799024" lat="21.0843448" lon="105.7931382"/>
 <node id="12606302830" visible="true" version="1" changeset="162765677" timestamp="2025-02-21T06:02:23Z" user="ZioDragon" uid="13799024" lat="21.0841202" lon="105.7932891"/>
 <node id="12606302831" visible="true" version="1" changeset="162765677" timestamp="2025-02-21T06:02:23Z" user="ZioDragon" uid="13799024" lat="21.0830525" lon="105.7988536"/>
 <node id="12606302832" visible="true" version="1" changeset="162765677" timestamp="2025-02-21T06:02:23Z" user="ZioDragon" uid="13799024" lat="21.0830390" lon="105.7989645"/>
 <node id="12606302833" visible="true" version="1" changeset="162765677" timestamp="2025-02-21T06:02:23Z" user="ZioDragon" uid="13799024" lat="21.0841162" lon="105.7990780"/>
 <node id="12606302834" visible="true" version="1" changeset="162765677" timestamp="2025-02-21T06:02:23Z" user="ZioDragon" uid="13799024" lat="21.0839937" lon="105.7990644"/>
 <node id="12606302835" visible="true" version="1" changeset="162765677" timestamp="2025-02-21T06:02:23Z" user="ZioDragon" uid="13799024" lat="21.0840366" lon="105.7989536"/>
 <node id="12606302836" visible="true" version="1" changeset="162765677" timestamp="2025-02-21T06:02:23Z" user="ZioDragon" uid="13799024" lat="21.0829251" lon="105.8000388"/>
 <node id="12606302837" visible="true" version="1" changeset="162765677" timestamp="2025-02-21T06:02:23Z" user="ZioDragon" uid="13799024" lat="21.0833950" lon="105.8000824"/>
 <node id="12606302838" visible="true" version="1" changeset="162765677" timestamp="2025-02-21T06:02:23Z" user="ZioDragon" uid="13799024" lat="21.0834838" lon="105.7990081"/>
 <node id="12606302839" visible="true" version="1" changeset="162765677" timestamp="2025-02-21T06:02:23Z" user="ZioDragon" uid="13799024" lat="21.0835320" lon="105.7989016"/>
 <node id="12606302840" visible="true" version="1" changeset="162765677" timestamp="2025-02-21T06:02:23Z" user="ZioDragon" uid="13799024" lat="21.0828712" lon="105.8006532"/>
 <node id="12606302841" visible="true" version="1" changeset="162765677" timestamp="2025-02-21T06:02:23Z" user="ZioDragon" uid="13799024" lat="21.0821623" lon="105.8005805"/>
 <node id="12606302842" visible="true" version="1" changeset="162765677" timestamp="2025-02-21T06:02:23Z" user="ZioDragon" uid="13799024" lat="21.0821457" lon="105.8007369"/>
 <node id="12606302843" visible="true" version="1" changeset="162765677" timestamp="2025-02-21T06:02:23Z" user="ZioDragon" uid="13799024" lat="21.0817721" lon="105.8007066"/>
 <node id="12606302844" visible="true" version="1" changeset="162765677" timestamp="2025-02-21T06:02:23Z" user="ZioDragon" uid="13799024" lat="21.0812146" lon="105.8006878"/>
 <node id="12606302845" visible="true" version="1" changeset="162765677" timestamp="2025-02-21T06:02:23Z" user="ZioDragon" uid="13799024" lat="21.0792722" lon="105.8009737"/>
 <node id="12606302846" visible="true" version="1" changeset="162765677" timestamp="2025-02-21T06:02:23Z" user="ZioDragon" uid="13799024" lat="21.0793034" lon="105.8011275"/>
 <node id="12606302847" visible="true" version="1" changeset="162765677" timestamp="2025-02-21T06:02:23Z" user="ZioDragon" uid="13799024" lat="21.0787715" lon="105.8011029"/>
 <node id="12606302848" visible="true" version="1" changeset="162765677" timestamp="2025-02-21T06:02:23Z" user="ZioDragon" uid="13799024" lat="21.0788039" lon="105.8012565"/>
 <node id="12606302849" visible="true" version="1" changeset="162765677" timestamp="2025-02-21T06:02:23Z" user="ZioDragon" uid="13799024" lat="21.0782410" lon="105.8013711"/>
 <node id="12606302850" visible="true" version="1" changeset="162765677" timestamp="2025-02-21T06:02:23Z" user="ZioDragon" uid="13799024" lat="21.0771967" lon="105.8012091"/>
 <node id="12606302851" visible="true" version="1" changeset="162765677" timestamp="2025-02-21T06:02:23Z" user="ZioDragon" uid="13799024" lat="21.0769024" lon="105.8011533"/>
 <node id="12606302852" visible="true" version="1" changeset="162765677" timestamp="2025-02-21T06:02:23Z" user="ZioDragon" uid="13799024" lat="21.0768598" lon="105.8013039"/>
 <node id="12606302853" visible="true" version="1" changeset="162765677" timestamp="2025-02-21T06:02:23Z" user="ZioDragon" uid="13799024" lat="21.0765125" lon="105.8010310"/>
 <node id="12606302854" visible="true" version="1" changeset="162765677" timestamp="2025-02-21T06:02:23Z" user="ZioDragon" uid="13799024" lat="21.0841834" lon="105.8007800"/>
 <node id="12606302855" visible="true" version="1" changeset="162765677" timestamp="2025-02-21T06:02:23Z" user="ZioDragon" uid="13799024" lat="21.0812038" lon="105.8004753"/>
 <node id="12606302856" visible="true" version="1" changeset="162765677" timestamp="2025-02-21T06:02:23Z" user="ZioDragon" uid="13799024" lat="21.0809776" lon="105.8004926"/>
 <node id="12606302857" visible="true" version="1" changeset="162765677" timestamp="2025-02-21T06:02:23Z" user="ZioDragon" uid="13799024" lat="21.0806999" lon="105.8005430"/>
 <node id="12606302858" visible="true" version="1" changeset="162765677" timestamp="2025-02-21T06:02:23Z" user="ZioDragon" uid="13799024" lat="21.0800578" lon="105.8007209"/>
 <node id="12606302859" visible="true" version="1" changeset="162765677" timestamp="2025-02-21T06:02:23Z" user="ZioDragon" uid="13799024" lat="21.0796861" lon="105.8008170"/>
 <node id="12606302860" visible="true" version="1" changeset="162765677" timestamp="2025-02-21T06:02:23Z" user="ZioDragon" uid="13799024" lat="21.0792556" lon="105.8009272"/>
 <node id="12606302861" visible="true" version="1" changeset="162765677" timestamp="2025-02-21T06:02:23Z" user="ZioDragon" uid="13799024" lat="21.0789676" lon="105.8010028"/>
 <node id="12606302862" visible="true" version="1" changeset="162765677" timestamp="2025-02-21T06:02:23Z" user="ZioDragon" uid="13799024" lat="21.0787590" lon="105.8010516"/>
 <node id="12606302863" visible="true" version="1" changeset="162765677" timestamp="2025-02-21T06:02:23Z" user="ZioDragon" uid="13799024" lat="21.0785025" lon="105.8011062"/>
 <node id="12606302864" visible="true" version="1" changeset="162765677" timestamp="2025-02-21T06:02:23Z" user="ZioDragon" uid="13799024" lat="21.0753128" lon="105.8005010"/>
 <node id="12606302865" visible="true" version="1" changeset="162765677" timestamp="2025-02-21T06:02:23Z" user="ZioDragon" uid="13799024" lat="21.0752406" lon="105.8006385"/>
 <node id="12606302866" visible="true" version="1" changeset="162765677" timestamp="2025-02-21T06:02:23Z" user="ZioDragon" uid="13799024" lat="21.0751720" lon="105.8002058"/>
 <node id="12606302867" visible="true" version="1" changeset="162765677" timestamp="2025-02-21T06:02:23Z" user="ZioDragon" uid="13799024" lat="21.0750512" lon="105.8001932"/>
 <node id="12606302872" visible="true" version="1" changeset="162765677" timestamp="2025-02-21T06:02:23Z" user="ZioDragon" uid="13799024" lat="21.0750223" lon="105.8002377"/>
 <node id="12606302873" visible="true" version="1" changeset="162765677" timestamp="2025-02-21T06:02:23Z" user="ZioDragon" uid="13799024" lat="21.0751633" lon="105.8002728"/>
 <node id="12606302874" visible="true" version="1" changeset="162765677" timestamp="2025-02-21T06:02:23Z" user="ZioDragon" uid="13799024" lat="21.0752651" lon="105.8004750"/>
 <node id="12606302875" visible="true" version="1" changeset="162765677" timestamp="2025-02-21T06:02:23Z" user="ZioDragon" uid="13799024" lat="21.0752160" lon="105.8004392"/>
 <node id="12606302882" visible="true" version="1" changeset="162765677" timestamp="2025-02-21T06:02:23Z" user="ZioDragon" uid="13799024" lat="21.0751932" lon="105.8006284"/>
 <node id="12606302883" visible="true" version="1" changeset="162765677" timestamp="2025-02-21T06:02:23Z" user="ZioDragon" uid="13799024" lat="21.0751519" lon="105.8006269"/>
 <node id="12666123365" visible="true" version="1" changeset="163635086" timestamp="2025-03-15T05:05:52Z" user="Hung Tran 9x0" uid="20910140" lat="21.0744191" lon="105.7984855"/>
 <node id="12666123368" visible="true" version="1" changeset="163635086" timestamp="2025-03-15T05:05:52Z" user="Hung Tran 9x0" uid="20910140" lat="21.0744277" lon="105.7984644"/>
 <node id="12706764410" visible="true" version="1" changeset="164197395" timestamp="2025-03-28T08:59:36Z" user="tuan_gsm" uid="22005783" lat="21.0758463" lon="105.7936436">
  <tag k="barrier" v="bollard"/>
 </node>
 <node id="12758925763" visible="true" version="1" changeset="165010562" timestamp="2025-04-16T05:11:39Z" user="GrabVN_Dang" uid="21825913" lat="21.0764053" lon="105.7935536">
  <tag k="access" v="no"/>
  <tag k="barrier" v="gate"/>
 </node>
 <node id="12942479649" visible="true" version="2" changeset="168335475" timestamp="2025-07-01T05:13:38Z" user="Hung Tran 9x0" uid="20910140" lat="21.0778145" lon="105.8121404"/>
 <node id="12942479650" visible="true" version="4" changeset="175014755" timestamp="2025-11-23T07:08:02Z" user="Hung Tran 9x0" uid="20910140" lat="21.0777649" lon="105.8122280"/>
 <node id="12942479653" visible="true" version="1" changeset="167913495" timestamp="2025-06-21T13:13:51Z" user="ZioDragon" uid="13799024" lat="21.0770871" lon="105.8116769"/>
 <node id="12942479654" visible="true" version="2" changeset="168335475" timestamp="2025-07-01T05:13:38Z" user="Hung Tran 9x0" uid="20910140" lat="21.0770471" lon="105.8117564"/>
 <node id="12942479656" visible="true" version="1" changeset="167913495" timestamp="2025-06-21T13:13:51Z" user="ZioDragon" uid="13799024" lat="21.0764266" lon="105.8112858"/>
 <node id="12942479657" visible="true" version="2" changeset="168335475" timestamp="2025-07-01T05:13:38Z" user="Hung Tran 9x0" uid="20910140" lat="21.0763811" lon="105.8113717"/>
 <node id="12942479659" visible="true" version="1" changeset="167913495" timestamp="2025-06-21T13:13:51Z" user="ZioDragon" uid="13799024" lat="21.0756972" lon="105.8109483"/>
 <node id="12942479660" visible="true" version="2" changeset="168335475" timestamp="2025-07-01T05:13:38Z" user="Hung Tran 9x0" uid="20910140" lat="21.0756548" lon="105.8110307"/>
 <node id="12953283943" visible="true" version="1" changeset="168122900" timestamp="2025-06-26T06:38:31Z" user="Hung Tran 9x0" uid="20910140" lat="21.0845070" lon="105.8109556"/>
 <node id="12953283944" visible="true" version="1" changeset="168122900" timestamp="2025-06-26T06:38:31Z" user="Hung Tran 9x0" uid="20910140" lat="21.0843440" lon="105.8109406"/>
 <node id="12965664342" visible="true" version="1" changeset="168335475" timestamp="2025-07-01T05:13:38Z" user="Hung Tran 9x0" uid="20910140" lat="21.0743940" lon="105.8105301"/>
 <node id="12965664344" visible="true" version="3" changeset="174405007" timestamp="2025-11-09T07:40:26Z" user="Hung Tran 9x0" uid="20910140" lat="21.0736747" lon="105.8102029"/>
 <node id="12965664346" visible="true" version="1" changeset="168335475" timestamp="2025-07-01T05:13:38Z" user="Hung Tran 9x0" uid="20910140" lat="21.0751986" lon="105.8108495"/>
 <node id="12987771101" visible="true" version="3" changeset="170056183" timestamp="2025-08-06T12:46:37Z" user="Tewuzij" uid="16194143" lat="21.0791385" lon="105.7879035"/>
 <node id="12987771102" visible="true" version="3" changeset="170056183" timestamp="2025-08-06T12:46:37Z" user="Tewuzij" uid="16194143" lat="21.0784108" lon="105.7884359"/>
 <node id="12987771103" visible="true" version="3" changeset="170056183" timestamp="2025-08-06T12:46:37Z" user="Tewuzij" uid="16194143" lat="21.0782626" lon="105.7887021"/>
 <node id="12987771104" visible="true" version="3" changeset="170056183" timestamp="2025-08-06T12:46:37Z" user="Tewuzij" uid="16194143" lat="21.0765196" lon="105.7930545"/>
 <node id="12987771105" visible="true" version="3" changeset="170056183" timestamp="2025-08-06T12:46:37Z" user="Tewuzij" uid="16194143" lat="21.0762015" lon="105.7938718"/>
 <node id="12987771106" visible="true" version="3" changeset="170056183" timestamp="2025-08-06T12:46:37Z" user="Tewuzij" uid="16194143" lat="21.0773519" lon="105.7943808"/>
 <node id="12987771107" visible="true" version="3" changeset="170056183" timestamp="2025-08-06T12:46:37Z" user="Tewuzij" uid="16194143" lat="21.0756525" lon="105.7988687"/>
 <node id="12987771108" visible="true" version="3" changeset="170056183" timestamp="2025-08-06T12:46:37Z" user="Tewuzij" uid="16194143" lat="21.0744933" lon="105.7983503"/>
 <node id="13246164818" visible="true" version="1" changeset="173544914" timestamp="2025-10-20T16:01:35Z" user="Hung Tran 9x0" uid="20910140" lat="21.0844580" lon="105.8070330">
  <tag k="amenity" v="atm"/>
  <tag k="brand" v="MB"/>
  <tag k="brand:wikidata" v="Q10800269"/>
  <tag k="cash_in" v="yes"/>
  <tag k="name" v="MB CRM"/>
  <tag k="operator" v="MB"/>
  <tag k="operator:wikidata" v="Q10800269"/>
 </node>
 <node id="13290231894" visible="true" version="3" changeset="175014851" timestamp="2025-11-23T07:13:28Z" user="Hung Tran 9x0" uid="20910140" lat="21.0779077" lon="105.8123230"/>
 <node id="13290246109" visible="true" version="1" changeset="174405007" timestamp="2025-11-09T07:40:26Z" user="Hung Tran 9x0" uid="20910140" lat="21.0738144" lon="105.8103030"/>
 <node id="13325621498" visible="true" version="1" changeset="175014851" timestamp="2025-11-23T07:13:28Z" user="Hung Tran 9x0" uid="20910140" lat="21.0780008" lon="105.8122954"/>
 <node id="13374988009" visible="true" version="1" changeset="175901049" timestamp="2025-12-13T22:21:36Z" user="pepsi_max2k" uid="14719801" lat="21.0800428" lon="105.8020989"/>
 <node id="13374988010" visible="true" version="1" changeset="175901049" timestamp="2025-12-13T22:21:36Z" user="pepsi_max2k" uid="14719801" lat="21.0784018" lon="105.8024902"/>
 <node id="13374988011" visible="true" version="1" changeset="175901049" timestamp="2025-12-13T22:21:36Z" user="pepsi_max2k" uid="14719801" lat="21.0788180" lon="105.8044391"/>
 <node id="13374988012" visible="true" version="1" changeset="175901049" timestamp="2025-12-13T22:21:36Z" user="pepsi_max2k" uid="14719801" lat="21.0789920" lon="105.8046219"/>
 <node id="13374988013" visible="true" version="1" changeset="175901049" timestamp="2025-12-13T22:21:36Z" user="pepsi_max2k" uid="14719801" lat="21.0792513" lon="105.8047060"/>
 <node id="13374988014" visible="true" version="1" changeset="175901049" timestamp="2025-12-13T22:21:36Z" user="pepsi_max2k" uid="14719801" lat="21.0801827" lon="105.8044793"/>
 <node id="13374988015" visible="true" version="1" changeset="175901049" timestamp="2025-12-13T22:21:36Z" user="pepsi_max2k" uid="14719801" lat="21.0803294" lon="105.8043513"/>
 <node id="13374988016" visible="true" version="1" changeset="175901049" timestamp="2025-12-13T22:21:36Z" user="pepsi_max2k" uid="14719801" lat="21.0804420" lon="105.8040954"/>
 <node id="13374988017" visible="true" version="1" changeset="175901049" timestamp="2025-12-13T22:21:36Z" user="pepsi_max2k" uid="14719801" lat="21.0804318" lon="105.8039345"/>
 <node id="13374988018" visible="true" version="1" changeset="175901049" timestamp="2025-12-13T22:21:36Z" user="pepsi_max2k" uid="14719801" lat="21.0796310" lon="105.8021971"/>
 <node id="13374988019" visible="true" version="1" changeset="175901049" timestamp="2025-12-13T22:21:36Z" user="pepsi_max2k" uid="14719801" lat="21.0800019" lon="105.8039308"/>
 <node id="13374988020" visible="true" version="1" changeset="175901049" timestamp="2025-12-13T22:21:36Z" user="pepsi_max2k" uid="14719801" lat="21.0799507" lon="105.8040698"/>
 <node id="13374988021" visible="true" version="1" changeset="175901049" timestamp="2025-12-13T22:21:36Z" user="pepsi_max2k" uid="14719801" lat="21.0793366" lon="105.8042197"/>
 <node id="13374988022" visible="true" version="1" changeset="175901049" timestamp="2025-12-13T22:21:36Z" user="pepsi_max2k" uid="14719801" lat="21.0792104" lon="105.8041721"/>
 <node id="13374988023" visible="true" version="1" changeset="175901049" timestamp="2025-12-13T22:21:36Z" user="pepsi_max2k" uid="14719801" lat="21.0788287" lon="105.8023884"/>
 <node id="13374988024" visible="true" version="1" changeset="175901049" timestamp="2025-12-13T22:21:36Z" user="pepsi_max2k" uid="14719801" lat="21.0762257" lon="105.8013026"/>
 <node id="13374988025" visible="true" version="1" changeset="175901049" timestamp="2025-12-13T22:21:36Z" user="pepsi_max2k" uid="14719801" lat="21.0761833" lon="105.8012454"/>
 <node id="13374988026" visible="true" version="1" changeset="175901049" timestamp="2025-12-13T22:21:36Z" user="pepsi_max2k" uid="14719801" lat="21.0761188" lon="105.8012750"/>
 <node id="13374988027" visible="true" version="1" changeset="175901049" timestamp="2025-12-13T22:21:36Z" user="pepsi_max2k" uid="14719801" lat="21.0756711" lon="105.8024321"/>
 <node id="13374988028" visible="true" version="1" changeset="175901049" timestamp="2025-12-13T22:21:36Z" user="pepsi_max2k" uid="14719801" lat="21.0757134" lon="105.8025388"/>
 <node id="13374988029" visible="true" version="1" changeset="175901049" timestamp="2025-12-13T22:21:36Z" user="pepsi_max2k" uid="14719801" lat="21.0756987" lon="105.8026316"/>
 <node id="13374988030" visible="true" version="1" changeset="175901049" timestamp="2025-12-13T22:21:36Z" user="pepsi_max2k" uid="14719801" lat="21.0756287" lon="105.8026928"/>
 <node id="13374988031" visible="true" version="1" changeset="175901049" timestamp="2025-12-13T22:21:36Z" user="pepsi_max2k" uid="14719801" lat="21.0755605" lon="105.8027125"/>
 <node id="13374988032" visible="true" version="1" changeset="175901049" timestamp="2025-12-13T22:21:36Z" user="pepsi_max2k" uid="14719801" lat="21.0748733" lon="105.8044877"/>
 <node id="13374988033" visible="true" version="1" changeset="175901049" timestamp="2025-12-13T22:21:36Z" user="pepsi_max2k" uid="14719801" lat="21.0764136" lon="105.8051867"/>
 <node id="13374988034" visible="true" version="1" changeset="175901049" timestamp="2025-12-13T22:21:36Z" user="pepsi_max2k" uid="14719801" lat="21.0766955" lon="105.8053743"/>
 <node id="13374988035" visible="true" version="1" changeset="175901049" timestamp="2025-12-13T22:21:36Z" user="pepsi_max2k" uid="14719801" lat="21.0769553" lon="105.8056665"/>
 <node id="13374988036" visible="true" version="1" changeset="175901049" timestamp="2025-12-13T22:21:36Z" user="pepsi_max2k" uid="14719801" lat="21.0771543" lon="105.8060832"/>
 <node id="13374988037" visible="true" version="1" changeset="175901049" timestamp="2025-12-13T22:21:36Z" user="pepsi_max2k" uid="14719801" lat="21.0772022" lon="105.8064267"/>
 <node id="13374988038" visible="true" version="1" changeset="175901049" timestamp="2025-12-13T22:21:36Z" user="pepsi_max2k" uid="14719801" lat="21.0773201" lon="105.8066064"/>
 <node id="13374988039" visible="true" version="1" changeset="175901049" timestamp="2025-12-13T22:21:36Z" user="pepsi_max2k" uid="14719801" lat="21.0773496" lon="105.8067802"/>
 <node id="13374988040" visible="true" version="1" changeset="175901049" timestamp="2025-12-13T22:21:36Z" user="pepsi_max2k" uid="14719801" lat="21.0772777" lon="105.8069559"/>
 <node id="13374988041" visible="true" version="1" changeset="175901049" timestamp="2025-12-13T22:21:36Z" user="pepsi_max2k" uid="14719801" lat="21.0771119" lon="105.8071159"/>
 <node id="13374988042" visible="true" version="1" changeset="175901049" timestamp="2025-12-13T22:21:36Z" user="pepsi_max2k" uid="14719801" lat="21.0770916" lon="105.8072482"/>
 <node id="13374988043" visible="true" version="1" changeset="175901049" timestamp="2025-12-13T22:21:36Z" user="pepsi_max2k" uid="14719801" lat="21.0771746" lon="105.8074022"/>
 <node id="13374988044" visible="true" version="1" changeset="175901049" timestamp="2025-12-13T22:21:36Z" user="pepsi_max2k" uid="14719801" lat="21.0773091" lon="105.8074535"/>
 <node id="13374988045" visible="true" version="1" changeset="175901049" timestamp="2025-12-13T22:21:36Z" user="pepsi_max2k" uid="14719801" lat="21.0774362" lon="105.8074141"/>
 <node id="13374988046" visible="true" version="1" changeset="175901049" timestamp="2025-12-13T22:21:36Z" user="pepsi_max2k" uid="14719801" lat="21.0775246" lon="105.8072798"/>
 <node id="13374988047" visible="true" version="1" changeset="175901049" timestamp="2025-12-13T22:21:36Z" user="pepsi_max2k" uid="14719801" lat="21.0775246" lon="105.8071574"/>
 <node id="13374988048" visible="true" version="1" changeset="175901049" timestamp="2025-12-13T22:21:36Z" user="pepsi_max2k" uid="14719801" lat="21.0775025" lon="105.8069283"/>
 <node id="13374988049" visible="true" version="1" changeset="175901049" timestamp="2025-12-13T22:21:36Z" user="pepsi_max2k" uid="14719801" lat="21.0775615" lon="105.8068197"/>
 <node id="13374988050" visible="true" version="1" changeset="175901049" timestamp="2025-12-13T22:21:36Z" user="pepsi_max2k" uid="14719801" lat="21.0777181" lon="105.8067427"/>
 <node id="13374988051" visible="true" version="1" changeset="175901049" timestamp="2025-12-13T22:21:36Z" user="pepsi_max2k" uid="14719801" lat="21.0777936" lon="105.8066519"/>
 <node id="13374988052" visible="true" version="1" changeset="175901049" timestamp="2025-12-13T22:21:36Z" user="pepsi_max2k" uid="14719801" lat="21.0778084" lon="105.8065847"/>
 <node id="13374988053" visible="true" version="1" changeset="175901049" timestamp="2025-12-13T22:21:36Z" user="pepsi_max2k" uid="14719801" lat="21.0777752" lon="105.8065057"/>
 <node id="13374988054" visible="true" version="1" changeset="175901049" timestamp="2025-12-13T22:21:36Z" user="pepsi_max2k" uid="14719801" lat="21.0776573" lon="105.8063596"/>
 <node id="13374988055" visible="true" version="1" changeset="175901049" timestamp="2025-12-13T22:21:36Z" user="pepsi_max2k" uid="14719801" lat="21.0776536" lon="105.8062431"/>
 <node id="13374988056" visible="true" version="1" changeset="175901049" timestamp="2025-12-13T22:21:36Z" user="pepsi_max2k" uid="14719801" lat="21.0777181" lon="105.8061760"/>
 <node id="13374988057" visible="true" version="1" changeset="175901049" timestamp="2025-12-13T22:21:36Z" user="pepsi_max2k" uid="14719801" lat="21.0778747" lon="105.8060950"/>
 <node id="13374988058" visible="true" version="1" changeset="175901049" timestamp="2025-12-13T22:21:36Z" user="pepsi_max2k" uid="14719801" lat="21.0779263" lon="105.8059983"/>
 <node id="13374988059" visible="true" version="1" changeset="175901049" timestamp="2025-12-13T22:21:36Z" user="pepsi_max2k" uid="14719801" lat="21.0779116" lon="105.8058897"/>
 <node id="13374988060" visible="true" version="1" changeset="175901049" timestamp="2025-12-13T22:21:36Z" user="pepsi_max2k" uid="14719801" lat="21.0778379" lon="105.8058324"/>
 <node id="13374988061" visible="true" version="1" changeset="175901049" timestamp="2025-12-13T22:21:36Z" user="pepsi_max2k" uid="14719801" lat="21.0777310" lon="105.8058324"/>
 <node id="13374988062" visible="true" version="1" changeset="175901049" timestamp="2025-12-13T22:21:36Z" user="pepsi_max2k" uid="14719801" lat="21.0776407" lon="105.8059015"/>
 <node id="13374988063" visible="true" version="1" changeset="175901049" timestamp="2025-12-13T22:21:36Z" user="pepsi_max2k" uid="14719801" lat="21.0775504" lon="105.8059726"/>
 <node id="13374988064" visible="true" version="1" changeset="175901049" timestamp="2025-12-13T22:21:36Z" user="pepsi_max2k" uid="14719801" lat="21.0774270" lon="105.8059864"/>
 <node id="13374988065" visible="true" version="1" changeset="175901049" timestamp="2025-12-13T22:21:36Z" user="pepsi_max2k" uid="14719801" lat="21.0772888" lon="105.8059489"/>
 <node id="13374988066" visible="true" version="1" changeset="175901049" timestamp="2025-12-13T22:21:36Z" user="pepsi_max2k" uid="14719801" lat="21.0771672" lon="105.8058482"/>
 <node id="13374988067" visible="true" version="1" changeset="175901049" timestamp="2025-12-13T22:21:36Z" user="pepsi_max2k" uid="14719801" lat="21.0770787" lon="105.8056803"/>
 <node id="13374988068" visible="true" version="1" changeset="175901049" timestamp="2025-12-13T22:21:36Z" user="pepsi_max2k" uid="14719801" lat="21.0770530" lon="105.8055698"/>
 <node id="13374988069" visible="true" version="1" changeset="175901049" timestamp="2025-12-13T22:21:36Z" user="pepsi_max2k" uid="14719801" lat="21.0770640" lon="105.8053585"/>
 <node id="13374988070" visible="true" version="1" changeset="175901049" timestamp="2025-12-13T22:21:36Z" user="pepsi_max2k" uid="14719801" lat="21.0770124" lon="105.8051452"/>
 <node id="13374988071" visible="true" version="1" changeset="175901049" timestamp="2025-12-13T22:21:36Z" user="pepsi_max2k" uid="14719801" lat="21.0769258" lon="105.8049813"/>
 <node id="13374988072" visible="true" version="1" changeset="175901049" timestamp="2025-12-13T22:21:36Z" user="pepsi_max2k" uid="14719801" lat="21.0767913" lon="105.8048846"/>
 <node id="13374988073" visible="true" version="1" changeset="175901049" timestamp="2025-12-13T22:21:36Z" user="pepsi_max2k" uid="14719801" lat="21.0766421" lon="105.8048589"/>
 <node id="13374988074" visible="true" version="1" changeset="175901049" timestamp="2025-12-13T22:21:36Z" user="pepsi_max2k" uid="14719801" lat="21.0764523" lon="105.8048767"/>
 <node id="13374988075" visible="true" version="1" changeset="175901049" timestamp="2025-12-13T22:21:36Z" user="pepsi_max2k" uid="14719801" lat="21.0763049" lon="105.8048313"/>
 <node id="13374988076" visible="true" version="1" changeset="175901049" timestamp="2025-12-13T22:21:36Z" user="pepsi_max2k" uid="14719801" lat="21.0761814" lon="105.8047088"/>
 <node id="13374988077" visible="true" version="1" changeset="175901049" timestamp="2025-12-13T22:21:36Z" user="pepsi_max2k" uid="14719801" lat="21.0761077" lon="105.8045450"/>
 <node id="13374988078" visible="true" version="1" changeset="175901049" timestamp="2025-12-13T22:21:36Z" user="pepsi_max2k" uid="14719801" lat="21.0760396" lon="105.8044798"/>
 <node id="13374988079" visible="true" version="1" changeset="175901049" timestamp="2025-12-13T22:21:36Z" user="pepsi_max2k" uid="14719801" lat="21.0759456" lon="105.8044640"/>
 <node id="13374988080" visible="true" version="1" changeset="175901049" timestamp="2025-12-13T22:21:36Z" user="pepsi_max2k" uid="14719801" lat="21.0757761" lon="105.8045213"/>
 <node id="13374988081" visible="true" version="1" changeset="175901049" timestamp="2025-12-13T22:21:36Z" user="pepsi_max2k" uid="14719801" lat="21.0756250" lon="105.8045094"/>
 <node id="13374988082" visible="true" version="1" changeset="175901049" timestamp="2025-12-13T22:21:36Z" user="pepsi_max2k" uid="14719801" lat="21.0754887" lon="105.8044502"/>
 <node id="13374988083" visible="true" version="1" changeset="175901049" timestamp="2025-12-13T22:21:36Z" user="pepsi_max2k" uid="14719801" lat="21.0753689" lon="105.8043159"/>
 <node id="13374988084" visible="true" version="1" changeset="175901049" timestamp="2025-12-13T22:21:36Z" user="pepsi_max2k" uid="14719801" lat="21.0753118" lon="105.8041658"/>
 <node id="13374988085" visible="true" version="1" changeset="175901049" timestamp="2025-12-13T22:21:36Z" user="pepsi_max2k" uid="14719801" lat="21.0753210" lon="105.8039703"/>
 <node id="13374988086" visible="true" version="1" changeset="175901049" timestamp="2025-12-13T22:21:36Z" user="pepsi_max2k" uid="14719801" lat="21.0754002" lon="105.8038222"/>
 <node id="13374988087" visible="true" version="1" changeset="175901049" timestamp="2025-12-13T22:21:36Z" user="pepsi_max2k" uid="14719801" lat="21.0754813" lon="105.8038005"/>
 <node id="13374988088" visible="true" version="1" changeset="175901049" timestamp="2025-12-13T22:21:36Z" user="pepsi_max2k" uid="14719801" lat="21.0755384" lon="105.8038222"/>
 <node id="13374988089" visible="true" version="1" changeset="175901049" timestamp="2025-12-13T22:21:36Z" user="pepsi_max2k" uid="14719801" lat="21.0756305" lon="105.8038854"/>
 <node id="13374988090" visible="true" version="1" changeset="175901049" timestamp="2025-12-13T22:21:36Z" user="pepsi_max2k" uid="14719801" lat="21.0757061" lon="105.8038854"/>
 <node id="13374988091" visible="true" version="1" changeset="175901049" timestamp="2025-12-13T22:21:36Z" user="pepsi_max2k" uid="14719801" lat="21.0757540" lon="105.8038440"/>
 <node id="13374988092" visible="true" version="1" changeset="175901049" timestamp="2025-12-13T22:21:36Z" user="pepsi_max2k" uid="14719801" lat="21.0757650" lon="105.8037610"/>
 <node id="13374988093" visible="true" version="1" changeset="175901049" timestamp="2025-12-13T22:21:36Z" user="pepsi_max2k" uid="14719801" lat="21.0757429" lon="105.8036998"/>
 <node id="13374988094" visible="true" version="1" changeset="175901049" timestamp="2025-12-13T22:21:36Z" user="pepsi_max2k" uid="14719801" lat="21.0756821" lon="105.8036169"/>
 <node id="13374988095" visible="true" version="1" changeset="175901049" timestamp="2025-12-13T22:21:36Z" user="pepsi_max2k" uid="14719801" lat="21.0756361" lon="105.8034727"/>
 <node id="13374988096" visible="true" version="1" changeset="175901049" timestamp="2025-12-13T22:21:36Z" user="pepsi_max2k" uid="14719801" lat="21.0756508" lon="105.8033325"/>
 <node id="13374988097" visible="true" version="1" changeset="175901049" timestamp="2025-12-13T22:21:36Z" user="pepsi_max2k" uid="14719801" lat="21.0757614" lon="105.8031746"/>
 <node id="13374988098" visible="true" version="1" changeset="175901049" timestamp="2025-12-13T22:21:36Z" user="pepsi_max2k" uid="14719801" lat="21.0758885" lon="105.8030995"/>
 <node id="13374988099" visible="true" version="1" changeset="175901049" timestamp="2025-12-13T22:21:36Z" user="pepsi_max2k" uid="14719801" lat="21.0759309" lon="105.8030541"/>
 <node id="13374988100" visible="true" version="1" changeset="175901049" timestamp="2025-12-13T22:21:36Z" user="pepsi_max2k" uid="14719801" lat="21.0759511" lon="105.8029593"/>
 <node id="13374993901" visible="true" version="1" changeset="175901049" timestamp="2025-12-13T22:21:36Z" user="pepsi_max2k" uid="14719801" lat="21.0759548" lon="105.8027935"/>
 <node id="13374993902" visible="true" version="1" changeset="175901049" timestamp="2025-12-13T22:21:36Z" user="pepsi_max2k" uid="14719801" lat="21.0759880" lon="105.8026849"/>
 <node id="13374993903" visible="true" version="1" changeset="175901049" timestamp="2025-12-13T22:21:36Z" user="pepsi_max2k" uid="14719801" lat="21.0761004" lon="105.8025782"/>
 <node id="13374993904" visible="true" version="1" changeset="175901049" timestamp="2025-12-13T22:21:36Z" user="pepsi_max2k" uid="14719801" lat="21.0761759" lon="105.8024854"/>
 <node id="13374993905" visible="true" version="1" changeset="175901049" timestamp="2025-12-13T22:21:36Z" user="pepsi_max2k" uid="14719801" lat="21.0761814" lon="105.8023847"/>
 <node id="13374993906" visible="true" version="1" changeset="175901049" timestamp="2025-12-13T22:21:36Z" user="pepsi_max2k" uid="14719801" lat="21.0761575" lon="105.8022603"/>
 <node id="13374993907" visible="true" version="1" changeset="175901049" timestamp="2025-12-13T22:21:36Z" user="pepsi_max2k" uid="14719801" lat="21.0761593" lon="105.8022050"/>
 <node id="13374993908" visible="true" version="1" changeset="175901049" timestamp="2025-12-13T22:21:36Z" user="pepsi_max2k" uid="14719801" lat="21.0761962" lon="105.8021300"/>
 <node id="13374993909" visible="true" version="1" changeset="175901049" timestamp="2025-12-13T22:21:36Z" user="pepsi_max2k" uid="14719801" lat="21.0762275" lon="105.8020431"/>
 <node id="13374993910" visible="true" version="1" changeset="175901049" timestamp="2025-12-13T22:21:36Z" user="pepsi_max2k" uid="14719801" lat="21.0762165" lon="105.8019740"/>
 <node id="13374993911" visible="true" version="1" changeset="175901049" timestamp="2025-12-13T22:21:36Z" user="pepsi_max2k" uid="14719801" lat="21.0761262" lon="105.8018022"/>
 <node id="13374993912" visible="true" version="1" changeset="175901049" timestamp="2025-12-13T22:21:36Z" user="pepsi_max2k" uid="14719801" lat="21.0761114" lon="105.8016028"/>
 <node id="13374993913" visible="true" version="1" changeset="175901049" timestamp="2025-12-13T22:21:36Z" user="pepsi_max2k" uid="14719801" lat="21.0761851" lon="105.8014685"/>
 <node id="13374993914" visible="true" version="1" changeset="175901049" timestamp="2025-12-13T22:21:36Z" user="pepsi_max2k" uid="14719801" lat="21.0762238" lon="105.8013678"/>
 <node id="13374993915" visible="true" version="1" changeset="175901049" timestamp="2025-12-13T22:21:36Z" user="pepsi_max2k" uid="14719801" lat="21.0772475" lon="105.8013726"/>
 <node id="13374993916" visible="true" version="1" changeset="175901049" timestamp="2025-12-13T22:21:36Z" user="pepsi_max2k" uid="14719801" lat="21.0770747" lon="105.8043483"/>
 <node id="13374993917" visible="true" version="1" changeset="175901049" timestamp="2025-12-13T22:21:36Z" user="pepsi_max2k" uid="14719801" lat="21.0767313" lon="105.8018181"/>
 <node id="13374993918" visible="true" version="1" changeset="175901049" timestamp="2025-12-13T22:21:36Z" user="pepsi_max2k" uid="14719801" lat="21.0766359" lon="105.8038082"/>
 <node id="13374993919" visible="true" version="1" changeset="175901049" timestamp="2025-12-13T22:21:36Z" user="pepsi_max2k" uid="14719801" lat="21.0779246" lon="105.8054123"/>
 <node id="13374993920" visible="true" version="1" changeset="175901049" timestamp="2025-12-13T22:21:36Z" user="pepsi_max2k" uid="14719801" lat="21.0772203" lon="105.8018418"/>
 <node id="13374993921" visible="true" version="1" changeset="175901049" timestamp="2025-12-13T22:21:36Z" user="pepsi_max2k" uid="14719801" lat="21.0765431" lon="105.8018090"/>
 <node id="13374993922" visible="true" version="1" changeset="175901049" timestamp="2025-12-13T22:21:36Z" user="pepsi_max2k" uid="14719801" lat="21.0775532" lon="105.8068349"/>
 <node id="13374993923" visible="true" version="1" changeset="175901049" timestamp="2025-12-13T22:21:36Z" user="pepsi_max2k" uid="14719801" lat="21.0777381" lon="105.8070118"/>
 <node id="13374993924" visible="true" version="1" changeset="175901049" timestamp="2025-12-13T22:21:36Z" user="pepsi_max2k" uid="14719801" lat="21.0787630" lon="105.8079012"/>
 <node id="13374993925" visible="true" version="1" changeset="175901049" timestamp="2025-12-13T22:21:36Z" user="pepsi_max2k" uid="14719801" lat="21.0788164" lon="105.8078365"/>
 <node id="13374993926" visible="true" version="1" changeset="175901049" timestamp="2025-12-13T22:21:36Z" user="pepsi_max2k" uid="14719801" lat="21.0804543" lon="105.8053404"/>
 <node id="13374993927" visible="true" version="1" changeset="175901049" timestamp="2025-12-13T22:21:36Z" user="pepsi_max2k" uid="14719801" lat="21.0803187" lon="105.8050561"/>
 <node id="13374993928" visible="true" version="1" changeset="175901049" timestamp="2025-12-13T22:21:36Z" user="pepsi_max2k" uid="14719801" lat="21.0799572" lon="105.8011806"/>
 <node id="13374993929" visible="true" version="1" changeset="175901049" timestamp="2025-12-13T22:21:36Z" user="pepsi_max2k" uid="14719801" lat="21.0789309" lon="105.8014171"/>
 <node id="13374993930" visible="true" version="1" changeset="175901049" timestamp="2025-12-13T22:21:36Z" user="pepsi_max2k" uid="14719801" lat="21.0780097" lon="105.8016403"/>
 <node id="13374993931" visible="true" version="1" changeset="175901049" timestamp="2025-12-13T22:21:36Z" user="pepsi_max2k" uid="14719801" lat="21.0779864" lon="105.8015908"/>
 <node id="13374993932" visible="true" version="1" changeset="175901049" timestamp="2025-12-13T22:21:36Z" user="pepsi_max2k" uid="14719801" lat="21.0777745" lon="105.8016185"/>
 <node id="13374993933" visible="true" version="1" changeset="175901049" timestamp="2025-12-13T22:21:36Z" user="pepsi_max2k" uid="14719801" lat="21.0777137" lon="105.8016837"/>
 <node id="13374993934" visible="true" version="1" changeset="175901049" timestamp="2025-12-13T22:21:36Z" user="pepsi_max2k" uid="14719801" lat="21.0777285" lon="105.8017982"/>
 <node id="13374993935" visible="true" version="1" changeset="175901049" timestamp="2025-12-13T22:21:36Z" user="pepsi_max2k" uid="14719801" lat="21.0777967" lon="105.8019048"/>
 <node id="13374993936" visible="true" version="1" changeset="175901049" timestamp="2025-12-13T22:21:36Z" user="pepsi_max2k" uid="14719801" lat="21.0777838" lon="105.8019976"/>
 <node id="13374993937" visible="true" version="1" changeset="175901049" timestamp="2025-12-13T22:21:36Z" user="pepsi_max2k" uid="14719801" lat="21.0777506" lon="105.8021102"/>
 <node id="13374993938" visible="true" version="1" changeset="175901049" timestamp="2025-12-13T22:21:36Z" user="pepsi_max2k" uid="14719801" lat="21.0778114" lon="105.8023807"/>
 <node id="13374993939" visible="true" version="1" changeset="175901049" timestamp="2025-12-13T22:21:36Z" user="pepsi_max2k" uid="14719801" lat="21.0777856" lon="105.8024814"/>
 <node id="13374993940" visible="true" version="1" changeset="175901049" timestamp="2025-12-13T22:21:36Z" user="pepsi_max2k" uid="14719801" lat="21.0777137" lon="105.8025939"/>
 <node id="13374993941" visible="true" version="1" changeset="175901049" timestamp="2025-12-13T22:21:36Z" user="pepsi_max2k" uid="14719801" lat="21.0776916" lon="105.8027341"/>
 <node id="13374993942" visible="true" version="1" changeset="175901049" timestamp="2025-12-13T22:21:36Z" user="pepsi_max2k" uid="14719801" lat="21.0777266" lon="105.8028585"/>
 <node id="13374993943" visible="true" version="1" changeset="175901049" timestamp="2025-12-13T22:21:36Z" user="pepsi_max2k" uid="14719801" lat="21.0778298" lon="105.8030007"/>
 <node id="13374993944" visible="true" version="1" changeset="175901049" timestamp="2025-12-13T22:21:36Z" user="pepsi_max2k" uid="14719801" lat="21.0778630" lon="105.8031034"/>
 <node id="13374993945" visible="true" version="1" changeset="175901049" timestamp="2025-12-13T22:21:36Z" user="pepsi_max2k" uid="14719801" lat="21.0778575" lon="105.8032337"/>
 <node id="13374993946" visible="true" version="1" changeset="175901049" timestamp="2025-12-13T22:21:36Z" user="pepsi_max2k" uid="14719801" lat="21.0778980" lon="105.8033601"/>
 <node id="13374993947" visible="true" version="1" changeset="175901049" timestamp="2025-12-13T22:21:36Z" user="pepsi_max2k" uid="14719801" lat="21.0779956" lon="105.8035260"/>
 <node id="13374993948" visible="true" version="1" changeset="175901049" timestamp="2025-12-13T22:21:36Z" user="pepsi_max2k" uid="14719801" lat="21.0780325" lon="105.8036918"/>
 <node id="13374993949" visible="true" version="1" changeset="175901049" timestamp="2025-12-13T22:21:36Z" user="pepsi_max2k" uid="14719801" lat="21.0780122" lon="105.8038616"/>
 <node id="13374993950" visible="true" version="1" changeset="175901049" timestamp="2025-12-13T22:21:36Z" user="pepsi_max2k" uid="14719801" lat="21.0779348" lon="105.8041085"/>
 <node id="13374993951" visible="true" version="1" changeset="175901049" timestamp="2025-12-13T22:21:36Z" user="pepsi_max2k" uid="14719801" lat="21.0779256" lon="105.8042684"/>
 <node id="13374993952" visible="true" version="1" changeset="175901049" timestamp="2025-12-13T22:21:36Z" user="pepsi_max2k" uid="14719801" lat="21.0779809" lon="105.8044442"/>
 <node id="13374993953" visible="true" version="1" changeset="175901049" timestamp="2025-12-13T22:21:36Z" user="pepsi_max2k" uid="14719801" lat="21.0780564" lon="105.8045547"/>
 <node id="13374993954" visible="true" version="1" changeset="175901049" timestamp="2025-12-13T22:21:36Z" user="pepsi_max2k" uid="14719801" lat="21.0781946" lon="105.8046140"/>
 <node id="13374993955" visible="true" version="1" changeset="175901049" timestamp="2025-12-13T22:21:36Z" user="pepsi_max2k" uid="14719801" lat="21.0783033" lon="105.8046456"/>
 <node id="13374993956" visible="true" version="1" changeset="175901049" timestamp="2025-12-13T22:21:36Z" user="pepsi_max2k" uid="14719801" lat="21.0783955" lon="105.8047324"/>
 <node id="13374993957" visible="true" version="1" changeset="175901049" timestamp="2025-12-13T22:21:36Z" user="pepsi_max2k" uid="14719801" lat="21.0784544" lon="105.8048588"/>
 <node id="13374993958" visible="true" version="1" changeset="175901049" timestamp="2025-12-13T22:21:36Z" user="pepsi_max2k" uid="14719801" lat="21.0784784" lon="105.8049990"/>
 <node id="13374993959" visible="true" version="1" changeset="175901049" timestamp="2025-12-13T22:21:36Z" user="pepsi_max2k" uid="14719801" lat="21.0785447" lon="105.8051076"/>
 <node id="13374993960" visible="true" version="1" changeset="175901049" timestamp="2025-12-13T22:21:36Z" user="pepsi_max2k" uid="14719801" lat="21.0786737" lon="105.8051886"/>
 <node id="13374993961" visible="true" version="1" changeset="175901049" timestamp="2025-12-13T22:21:36Z" user="pepsi_max2k" uid="14719801" lat="21.0788063" lon="105.8052735"/>
 <node id="13374993962" visible="true" version="1" changeset="175901049" timestamp="2025-12-13T22:21:36Z" user="pepsi_max2k" uid="14719801" lat="21.0788976" lon="105.8054095"/>
 <node id="13374993963" visible="true" version="1" changeset="175901049" timestamp="2025-12-13T22:21:36Z" user="pepsi_max2k" uid="14719801" lat="21.0789640" lon="105.8055880"/>
 <node id="13374993964" visible="true" version="1" changeset="175901049" timestamp="2025-12-13T22:21:36Z" user="pepsi_max2k" uid="14719801" lat="21.0790371" lon="105.8056489"/>
 <node id="13374993965" visible="true" version="1" changeset="175901049" timestamp="2025-12-13T22:21:36Z" user="pepsi_max2k" uid="14719801" lat="21.0791468" lon="105.8056547"/>
 <node id="13374993966" visible="true" version="1" changeset="175901049" timestamp="2025-12-13T22:21:36Z" user="pepsi_max2k" uid="14719801" lat="21.0792321" lon="105.8055822"/>
 <node id="13374993967" visible="true" version="1" changeset="175901049" timestamp="2025-12-13T22:21:36Z" user="pepsi_max2k" uid="14719801" lat="21.0793187" lon="105.8054646"/>
 <node id="13374993968" visible="true" version="1" changeset="175901049" timestamp="2025-12-13T22:21:36Z" user="pepsi_max2k" uid="14719801" lat="21.0794433" lon="105.8053500"/>
 <node id="13374993969" visible="true" version="1" changeset="175901049" timestamp="2025-12-13T22:21:36Z" user="pepsi_max2k" uid="14719801" lat="21.0795909" lon="105.8052586"/>
 <node id="13374993970" visible="true" version="1" changeset="175901049" timestamp="2025-12-13T22:21:36Z" user="pepsi_max2k" uid="14719801" lat="21.0797804" lon="105.8051918"/>
 <node id="13374993971" visible="true" version="1" changeset="175901049" timestamp="2025-12-13T22:21:36Z" user="pepsi_max2k" uid="14719801" lat="21.0801270" lon="105.8051207"/>
 <node id="13374993972" visible="true" version="1" changeset="175901049" timestamp="2025-12-13T22:21:36Z" user="pepsi_max2k" uid="14719801" lat="21.0806199" lon="105.8049089"/>
 <node id="13374993973" visible="true" version="1" changeset="175901049" timestamp="2025-12-13T22:21:36Z" user="pepsi_max2k" uid="14719801" lat="21.0807810" lon="105.8047725"/>
 <node id="13374993974" visible="true" version="1" changeset="175901049" timestamp="2025-12-13T22:21:36Z" user="pepsi_max2k" uid="14719801" lat="21.0808622" lon="105.8045882"/>
 <node id="13374993975" visible="true" version="1" changeset="175901049" timestamp="2025-12-13T22:21:36Z" user="pepsi_max2k" uid="14719801" lat="21.0808920" lon="105.8044257"/>
 <node id="13374993976" visible="true" version="1" changeset="175901049" timestamp="2025-12-13T22:21:36Z" user="pepsi_max2k" uid="14719801" lat="21.0809611" lon="105.8042980"/>
 <node id="13374993977" visible="true" version="1" changeset="175901049" timestamp="2025-12-13T22:21:36Z" user="pepsi_max2k" uid="14719801" lat="21.0810125" lon="105.8042182"/>
 <node id="13374993978" visible="true" version="1" changeset="175901049" timestamp="2025-12-13T22:21:36Z" user="pepsi_max2k" uid="14719801" lat="21.0810085" lon="105.8041282"/>
 <node id="13374993979" visible="true" version="1" changeset="175901049" timestamp="2025-12-13T22:21:36Z" user="pepsi_max2k" uid="14719801" lat="21.0809814" lon="105.8040585"/>
 <node id="13374993980" visible="true" version="1" changeset="175901049" timestamp="2025-12-13T22:21:36Z" user="pepsi_max2k" uid="14719801" lat="21.0809218" lon="105.8039860"/>
 <node id="13374993981" visible="true" version="1" changeset="175901049" timestamp="2025-12-13T22:21:36Z" user="pepsi_max2k" uid="14719801" lat="21.0809232" lon="105.8038931"/>
 <node id="13374993982" visible="true" version="1" changeset="175901049" timestamp="2025-12-13T22:21:36Z" user="pepsi_max2k" uid="14719801" lat="21.0809881" lon="105.8038409"/>
 <node id="13374993983" visible="true" version="1" changeset="175901049" timestamp="2025-12-13T22:21:36Z" user="pepsi_max2k" uid="14719801" lat="21.0810166" lon="105.8038017"/>
 <node id="13374993984" visible="true" version="1" changeset="175901049" timestamp="2025-12-13T22:21:36Z" user="pepsi_max2k" uid="14719801" lat="21.0810112" lon="105.8037262"/>
 <node id="13374993985" visible="true" version="1" changeset="175901049" timestamp="2025-12-13T22:21:36Z" user="pepsi_max2k" uid="14719801" lat="21.0809556" lon="105.8036145"/>
 <node id="13374993986" visible="true" version="1" changeset="175901049" timestamp="2025-12-13T22:21:36Z" user="pepsi_max2k" uid="14719801" lat="21.0809529" lon="105.8035289"/>
 <node id="13374993987" visible="true" version="1" changeset="175901049" timestamp="2025-12-13T22:21:36Z" user="pepsi_max2k" uid="14719801" lat="21.0810112" lon="105.8034636"/>
 <node id="13374993988" visible="true" version="1" changeset="175901049" timestamp="2025-12-13T22:21:36Z" user="pepsi_max2k" uid="14719801" lat="21.0810965" lon="105.8034621"/>
 <node id="13374993989" visible="true" version="1" changeset="175901049" timestamp="2025-12-13T22:21:36Z" user="pepsi_max2k" uid="14719801" lat="21.0811520" lon="105.8035057"/>
 <node id="13374993990" visible="true" version="1" changeset="175901049" timestamp="2025-12-13T22:21:36Z" user="pepsi_max2k" uid="14719801" lat="21.0811818" lon="105.8035391"/>
 <node id="13374993991" visible="true" version="1" changeset="175901049" timestamp="2025-12-13T22:21:36Z" user="pepsi_max2k" uid="14719801" lat="21.0812088" lon="105.8035347"/>
 <node id="13374993992" visible="true" version="1" changeset="175901049" timestamp="2025-12-13T22:21:36Z" user="pepsi_max2k" uid="14719801" lat="21.0812413" lon="105.8032633"/>
 <node id="13374993993" visible="true" version="1" changeset="175901049" timestamp="2025-12-13T22:21:36Z" user="pepsi_max2k" uid="14719801" lat="21.0812792" lon="105.8029615"/>
 <node id="13374993994" visible="true" version="1" changeset="175901049" timestamp="2025-12-13T22:21:36Z" user="pepsi_max2k" uid="14719801" lat="21.0812996" lon="105.8028556"/>
 <node id="13374993995" visible="true" version="1" changeset="175901049" timestamp="2025-12-13T22:21:36Z" user="pepsi_max2k" uid="14719801" lat="21.0813388" lon="105.8027743"/>
 <node id="13374993996" visible="true" version="1" changeset="175901049" timestamp="2025-12-13T22:21:36Z" user="pepsi_max2k" uid="14719801" lat="21.0813293" lon="105.8027090"/>
 <node id="13374993997" visible="true" version="1" changeset="175901049" timestamp="2025-12-13T22:21:36Z" user="pepsi_max2k" uid="14719801" lat="21.0812941" lon="105.8026800"/>
 <node id="13374993998" visible="true" version="1" changeset="175901049" timestamp="2025-12-13T22:21:36Z" user="pepsi_max2k" uid="14719801" lat="21.0811763" lon="105.8026191"/>
 <node id="13374993999" visible="true" version="1" changeset="175901049" timestamp="2025-12-13T22:21:36Z" user="pepsi_max2k" uid="14719801" lat="21.0811127" lon="105.8025233"/>
 <node id="13374994000" visible="true" version="1" changeset="175901049" timestamp="2025-12-13T22:21:36Z" user="pepsi_max2k" uid="14719801" lat="21.0810938" lon="105.8023811"/>
 <node id="13374994001" visible="true" version="1" changeset="175901049" timestamp="2025-12-13T22:21:36Z" user="pepsi_max2k" uid="14719801" lat="21.0811520" lon="105.8022476"/>
 <node id="13374994002" visible="true" version="1" changeset="175901049" timestamp="2025-12-13T22:21:36Z" user="pepsi_max2k" uid="14719801" lat="21.0812454" lon="105.8021663"/>
 <node id="13374994003" visible="true" version="1" changeset="175901049" timestamp="2025-12-13T22:21:36Z" user="pepsi_max2k" uid="14719801" lat="21.0813348" lon="105.8021388"/>
 <node id="13374994004" visible="true" version="1" changeset="175901049" timestamp="2025-12-13T22:21:36Z" user="pepsi_max2k" uid="14719801" lat="21.0813673" lon="105.8021025"/>
 <node id="13374994005" visible="true" version="1" changeset="175901049" timestamp="2025-12-13T22:21:36Z" user="pepsi_max2k" uid="14719801" lat="21.0813984" lon="105.8014945"/>
 <node id="13374994006" visible="true" version="1" changeset="175901049" timestamp="2025-12-13T22:21:36Z" user="pepsi_max2k" uid="14719801" lat="21.0813876" lon="105.8014466"/>
 <node id="13374994007" visible="true" version="1" changeset="175901049" timestamp="2025-12-13T22:21:36Z" user="pepsi_max2k" uid="14719801" lat="21.0812508" lon="105.8013915"/>
 <node id="13374994008" visible="true" version="1" changeset="175901049" timestamp="2025-12-13T22:21:36Z" user="pepsi_max2k" uid="14719801" lat="21.0811628" lon="105.8013987"/>
 <node id="13374994009" visible="true" version="1" changeset="175901049" timestamp="2025-12-13T22:21:36Z" user="pepsi_max2k" uid="14719801" lat="21.0810843" lon="105.8014466"/>
 <node id="13374994010" visible="true" version="1" changeset="175901049" timestamp="2025-12-13T22:21:36Z" user="pepsi_max2k" uid="14719801" lat="21.0810328" lon="105.8015105"/>
 <node id="13374994011" visible="true" version="1" changeset="175901049" timestamp="2025-12-13T22:21:36Z" user="pepsi_max2k" uid="14719801" lat="21.0809137" lon="105.8015932"/>
 <node id="13374994012" visible="true" version="1" changeset="175901049" timestamp="2025-12-13T22:21:36Z" user="pepsi_max2k" uid="14719801" lat="21.0807593" lon="105.8016265"/>
 <node id="13374994013" visible="true" version="1" changeset="175901049" timestamp="2025-12-13T22:21:36Z" user="pepsi_max2k" uid="14719801" lat="21.0806239" lon="105.8015961"/>
 <node id="13374994014" visible="true" version="1" changeset="175901049" timestamp="2025-12-13T22:21:36Z" user="pepsi_max2k" uid="14719801" lat="21.0805495" lon="105.8015380"/>
 <node id="13374994015" visible="true" version="1" changeset="175901049" timestamp="2025-12-13T22:21:36Z" user="pepsi_max2k" uid="14719801" lat="21.0805007" lon="105.8014234"/>
 <node id="13374994016" visible="true" version="1" changeset="175901049" timestamp="2025-12-13T22:21:36Z" user="pepsi_max2k" uid="14719801" lat="21.0804520" lon="105.8013842"/>
 <node id="13374994017" visible="true" version="1" changeset="175901049" timestamp="2025-12-13T22:21:36Z" user="pepsi_max2k" uid="14719801" lat="21.0803558" lon="105.8013552"/>
 <node id="13374994018" visible="true" version="1" changeset="175901049" timestamp="2025-12-13T22:21:36Z" user="pepsi_max2k" uid="14719801" lat="21.0803044" lon="105.8013117"/>
 <node id="13374994019" visible="true" version="1" changeset="175901049" timestamp="2025-12-13T22:21:36Z" user="pepsi_max2k" uid="14719801" lat="21.0802827" lon="105.8012115"/>
 <node id="13374994020" visible="true" version="1" changeset="175901049" timestamp="2025-12-13T22:21:36Z" user="pepsi_max2k" uid="14719801" lat="21.0802678" lon="105.8011985"/>
 <node id="13374994021" visible="true" version="1" changeset="175901049" timestamp="2025-12-13T22:21:36Z" user="pepsi_max2k" uid="14719801" lat="21.0802421" lon="105.8012014"/>
 <node id="13374994022" visible="true" version="1" changeset="175901049" timestamp="2025-12-13T22:21:36Z" user="pepsi_max2k" uid="14719801" lat="21.0802015" lon="105.8012188"/>
 <node id="13374994023" visible="true" version="1" changeset="175901049" timestamp="2025-12-13T22:21:36Z" user="pepsi_max2k" uid="14719801" lat="21.0801527" lon="105.8012043"/>
 <node id="13374994024" visible="true" version="1" changeset="175901049" timestamp="2025-12-13T22:21:36Z" user="pepsi_max2k" uid="14719801" lat="21.0801230" lon="105.8011622"/>
 <node id="13374994025" visible="true" version="1" changeset="175901049" timestamp="2025-12-13T22:21:36Z" user="pepsi_max2k" uid="14719801" lat="21.0801094" lon="105.8011158"/>
 <node id="13374994026" visible="true" version="1" changeset="175901049" timestamp="2025-12-13T22:21:36Z" user="pepsi_max2k" uid="14719801" lat="21.0800729" lon="105.8011100"/>
 <node id="13374994027" visible="true" version="1" changeset="175901049" timestamp="2025-12-13T22:21:36Z" user="pepsi_max2k" uid="14719801" lat="21.0799469" lon="105.8011477"/>
 <node id="13374994028" visible="true" version="1" changeset="175901049" timestamp="2025-12-13T22:21:36Z" user="pepsi_max2k" uid="14719801" lat="21.0799659" lon="105.8012028"/>
 <node id="13374994029" visible="true" version="1" changeset="175901049" timestamp="2025-12-13T22:21:36Z" user="pepsi_max2k" uid="14719801" lat="21.0800674" lon="105.8012101"/>
 <node id="13374994030" visible="true" version="1" changeset="175901049" timestamp="2025-12-13T22:21:36Z" user="pepsi_max2k" uid="14719801" lat="21.0802028" lon="105.8012710"/>
 <node id="13374994031" visible="true" version="1" changeset="175901049" timestamp="2025-12-13T22:21:36Z" user="pepsi_max2k" uid="14719801" lat="21.0803233" lon="105.8013523"/>
 <node id="13374994032" visible="true" version="1" changeset="175901049" timestamp="2025-12-13T22:21:36Z" user="pepsi_max2k" uid="14719801" lat="21.0804127" lon="105.8014495"/>
 <node id="13374994033" visible="true" version="1" changeset="175901049" timestamp="2025-12-13T22:21:36Z" user="pepsi_max2k" uid="14719801" lat="21.0804520" lon="105.8015728"/>
 <node id="13374994034" visible="true" version="1" changeset="175901049" timestamp="2025-12-13T22:21:36Z" user="pepsi_max2k" uid="14719801" lat="21.0804655" lon="105.8016976"/>
 <node id="13374994035" visible="true" version="1" changeset="175901049" timestamp="2025-12-13T22:21:36Z" user="pepsi_max2k" uid="14719801" lat="21.0805088" lon="105.8017978"/>
 <node id="13374994036" visible="true" version="1" changeset="175901049" timestamp="2025-12-13T22:21:36Z" user="pepsi_max2k" uid="14719801" lat="21.0806172" lon="105.8018384"/>
 <node id="13374994037" visible="true" version="1" changeset="175901049" timestamp="2025-12-13T22:21:36Z" user="pepsi_max2k" uid="14719801" lat="21.0807174" lon="105.8018253"/>
 <node id="13374994038" visible="true" version="1" changeset="175901049" timestamp="2025-12-13T22:21:36Z" user="pepsi_max2k" uid="14719801" lat="21.0807972" lon="105.8018094"/>
 <node id="13374994039" visible="true" version="1" changeset="175901049" timestamp="2025-12-13T22:21:36Z" user="pepsi_max2k" uid="14719801" lat="21.0808514" lon="105.8018384"/>
 <node id="13374994040" visible="true" version="1" changeset="175901049" timestamp="2025-12-13T22:21:36Z" user="pepsi_max2k" uid="14719801" lat="21.0808907" lon="105.8018993"/>
 <node id="13374994041" visible="true" version="1" changeset="175901049" timestamp="2025-12-13T22:21:36Z" user="pepsi_max2k" uid="14719801" lat="21.0809353" lon="105.8019327"/>
 <node id="13374994042" visible="true" version="1" changeset="175901049" timestamp="2025-12-13T22:21:36Z" user="pepsi_max2k" uid="14719801" lat="21.0810125" lon="105.8019806"/>
 <node id="13374994043" visible="true" version="1" changeset="175901049" timestamp="2025-12-13T22:21:36Z" user="pepsi_max2k" uid="14719801" lat="21.0810504" lon="105.8020793"/>
 <node id="13374994044" visible="true" version="1" changeset="175901049" timestamp="2025-12-13T22:21:36Z" user="pepsi_max2k" uid="14719801" lat="21.0810233" lon="105.8021765"/>
 <node id="13374994045" visible="true" version="1" changeset="175901049" timestamp="2025-12-13T22:21:36Z" user="pepsi_max2k" uid="14719801" lat="21.0809638" lon="105.8022244"/>
 <node id="13374994046" visible="true" version="1" changeset="175901049" timestamp="2025-12-13T22:21:36Z" user="pepsi_max2k" uid="14719801" lat="21.0808731" lon="105.8022389"/>
 <node id="13374994047" visible="true" version="1" changeset="175901049" timestamp="2025-12-13T22:21:36Z" user="pepsi_max2k" uid="14719801" lat="21.0808067" lon="105.8022447"/>
 <node id="13374994048" visible="true" version="1" changeset="175901049" timestamp="2025-12-13T22:21:36Z" user="pepsi_max2k" uid="14719801" lat="21.0807959" lon="105.8022795"/>
 <node id="13374994049" visible="true" version="1" changeset="175901049" timestamp="2025-12-13T22:21:36Z" user="pepsi_max2k" uid="14719801" lat="21.0808189" lon="105.8023100"/>
 <node id="13374994050" visible="true" version="1" changeset="175901049" timestamp="2025-12-13T22:21:36Z" user="pepsi_max2k" uid="14719801" lat="21.0808825" lon="105.8023550"/>
 <node id="13374994051" visible="true" version="1" changeset="175901049" timestamp="2025-12-13T22:21:36Z" user="pepsi_max2k" uid="14719801" lat="21.0809272" lon="105.8024348"/>
 <node id="13374994052" visible="true" version="1" changeset="175901049" timestamp="2025-12-13T22:21:36Z" user="pepsi_max2k" uid="14719801" lat="21.0809367" lon="105.8025349"/>
 <node id="13374994053" visible="true" version="1" changeset="175901049" timestamp="2025-12-13T22:21:36Z" user="pepsi_max2k" uid="14719801" lat="21.0809056" lon="105.8026423"/>
 <node id="13374994054" visible="true" version="1" changeset="175901049" timestamp="2025-12-13T22:21:36Z" user="pepsi_max2k" uid="14719801" lat="21.0809326" lon="105.8026829"/>
 <node id="13374994055" visible="true" version="1" changeset="175901049" timestamp="2025-12-13T22:21:36Z" user="pepsi_max2k" uid="14719801" lat="21.0809732" lon="105.8027439"/>
 <node id="13374994056" visible="true" version="1" changeset="175901049" timestamp="2025-12-13T22:21:36Z" user="pepsi_max2k" uid="14719801" lat="21.0809543" lon="105.8028280"/>
 <node id="13374994057" visible="true" version="1" changeset="175901049" timestamp="2025-12-13T22:21:36Z" user="pepsi_max2k" uid="14719801" lat="21.0809015" lon="105.8028803"/>
 <node id="13374994058" visible="true" version="1" changeset="175901049" timestamp="2025-12-13T22:21:36Z" user="pepsi_max2k" uid="14719801" lat="21.0809083" lon="105.8029514"/>
 <node id="13374994059" visible="true" version="1" changeset="175901049" timestamp="2025-12-13T22:21:36Z" user="pepsi_max2k" uid="14719801" lat="21.0808893" lon="105.8030065"/>
 <node id="13374994060" visible="true" version="1" changeset="175901049" timestamp="2025-12-13T22:21:36Z" user="pepsi_max2k" uid="14719801" lat="21.0808717" lon="105.8030312"/>
 <node id="13374994061" visible="true" version="1" changeset="175901049" timestamp="2025-12-13T22:21:36Z" user="pepsi_max2k" uid="14719801" lat="21.0808690" lon="105.8031197"/>
 <node id="13374994062" visible="true" version="1" changeset="175901049" timestamp="2025-12-13T22:21:36Z" user="pepsi_max2k" uid="14719801" lat="21.0808379" lon="105.8031937"/>
 <node id="13374994063" visible="true" version="1" changeset="175901049" timestamp="2025-12-13T22:21:36Z" user="pepsi_max2k" uid="14719801" lat="21.0807878" lon="105.8032387"/>
 <node id="13374994064" visible="true" version="1" changeset="175901049" timestamp="2025-12-13T22:21:36Z" user="pepsi_max2k" uid="14719801" lat="21.0807174" lon="105.8032445"/>
 <node id="13374994065" visible="true" version="1" changeset="175901049" timestamp="2025-12-13T22:21:36Z" user="pepsi_max2k" uid="14719801" lat="21.0806957" lon="105.8032822"/>
 <node id="13374994066" visible="true" version="1" changeset="175901049" timestamp="2025-12-13T22:21:36Z" user="pepsi_max2k" uid="14719801" lat="21.0807336" lon="105.8034476"/>
 <node id="13374994067" visible="true" version="1" changeset="175901049" timestamp="2025-12-13T22:21:36Z" user="pepsi_max2k" uid="14719801" lat="21.0808257" lon="105.8039337"/>
 <node id="13374994068" visible="true" version="1" changeset="175901049" timestamp="2025-12-13T22:21:36Z" user="pepsi_max2k" uid="14719801" lat="21.0808148" lon="105.8041616"/>
 <node id="13374994069" visible="true" version="1" changeset="175901049" timestamp="2025-12-13T22:21:36Z" user="pepsi_max2k" uid="14719801" lat="21.0807309" lon="105.8044402"/>
 <node id="13374994070" visible="true" version="1" changeset="175901049" timestamp="2025-12-13T22:21:36Z" user="pepsi_max2k" uid="14719801" lat="21.0806063" lon="105.8046404"/>
 <node id="13374994071" visible="true" version="1" changeset="175901049" timestamp="2025-12-13T22:21:36Z" user="pepsi_max2k" uid="14719801" lat="21.0804574" lon="105.8047739"/>
 <node id="13374994072" visible="true" version="1" changeset="175901049" timestamp="2025-12-13T22:21:36Z" user="pepsi_max2k" uid="14719801" lat="21.0803179" lon="105.8048639"/>
 <node id="13374994073" visible="true" version="1" changeset="175901049" timestamp="2025-12-13T22:21:36Z" user="pepsi_max2k" uid="14719801" lat="21.0801379" lon="105.8049277"/>
 <node id="13374994074" visible="true" version="1" changeset="175901049" timestamp="2025-12-13T22:21:36Z" user="pepsi_max2k" uid="14719801" lat="21.0797669" lon="105.8050119"/>
 <node id="13374994075" visible="true" version="1" changeset="175901049" timestamp="2025-12-13T22:21:36Z" user="pepsi_max2k" uid="14719801" lat="21.0793336" lon="105.8051077"/>
 <node id="13374994076" visible="true" version="1" changeset="175901049" timestamp="2025-12-13T22:21:36Z" user="pepsi_max2k" uid="14719801" lat="21.0791224" lon="105.8051004"/>
 <node id="13374994077" visible="true" version="1" changeset="175901049" timestamp="2025-12-13T22:21:36Z" user="pepsi_max2k" uid="14719801" lat="21.0789409" lon="105.8050583"/>
 <node id="13374994078" visible="true" version="1" changeset="175901049" timestamp="2025-12-13T22:21:36Z" user="pepsi_max2k" uid="14719801" lat="21.0787419" lon="105.8049393"/>
 <node id="13374994079" visible="true" version="1" changeset="175901049" timestamp="2025-12-13T22:21:36Z" user="pepsi_max2k" uid="14719801" lat="21.0785862" lon="105.8047928"/>
 <node id="13374994080" visible="true" version="1" changeset="175901049" timestamp="2025-12-13T22:21:36Z" user="pepsi_max2k" uid="14719801" lat="21.0784711" lon="105.8046085"/>
 <node id="13374994081" visible="true" version="1" changeset="175901049" timestamp="2025-12-13T22:21:36Z" user="pepsi_max2k" uid="14719801" lat="21.0783994" lon="105.8044024"/>
 <node id="13374994082" visible="true" version="1" changeset="175901049" timestamp="2025-12-13T22:21:36Z" user="pepsi_max2k" uid="14719801" lat="21.0781854" lon="105.8033693"/>
 <node id="13374994083" visible="true" version="1" changeset="175901049" timestamp="2025-12-13T22:21:36Z" user="pepsi_max2k" uid="14719801" lat="21.0779918" lon="105.8024188"/>
 <node id="13374994084" visible="true" version="1" changeset="175901049" timestamp="2025-12-13T22:21:36Z" user="pepsi_max2k" uid="14719801" lat="21.0779052" lon="105.8019777"/>
 <node id="13374994085" visible="true" version="1" changeset="175901049" timestamp="2025-12-13T22:21:36Z" user="pepsi_max2k" uid="14719801" lat="21.0779200" lon="105.8018471"/>
 <node id="13374994086" visible="true" version="1" changeset="175901049" timestamp="2025-12-13T22:21:36Z" user="pepsi_max2k" uid="14719801" lat="21.0779607" lon="105.8017339"/>
 <node id="13374994087" visible="true" version="1" changeset="175901049" timestamp="2025-12-13T22:21:36Z" user="pepsi_max2k" uid="14719801" lat="21.0813755" lon="105.8036624"/>
 <node id="13374994088" visible="true" version="1" changeset="175901049" timestamp="2025-12-13T22:21:36Z" user="pepsi_max2k" uid="14719801" lat="21.0809545" lon="105.8035791"/>
 <node id="13374994089" visible="true" version="1" changeset="175901049" timestamp="2025-12-13T22:21:36Z" user="pepsi_max2k" uid="14719801" lat="21.0815875" lon="105.8015009"/>
 <node id="13374994090" visible="true" version="1" changeset="175901049" timestamp="2025-12-13T22:21:36Z" user="pepsi_max2k" uid="14719801" lat="21.0813976" lon="105.8015108"/>
 <node id="13374994091" visible="true" version="1" changeset="175901049" timestamp="2025-12-13T22:21:36Z" user="pepsi_max2k" uid="14719801" lat="21.0815952" lon="105.8016128"/>
 <node id="13374994092" visible="true" version="1" changeset="175901049" timestamp="2025-12-13T22:21:36Z" user="pepsi_max2k" uid="14719801" lat="21.0816317" lon="105.8016331"/>
 <node id="13374994093" visible="true" version="1" changeset="175901049" timestamp="2025-12-13T22:21:36Z" user="pepsi_max2k" uid="14719801" lat="21.0817103" lon="105.8015489"/>
 <node id="13374994094" visible="true" version="1" changeset="175901049" timestamp="2025-12-13T22:21:36Z" user="pepsi_max2k" uid="14719801" lat="21.0817888" lon="105.8014561"/>
 <node id="13374994095" visible="true" version="1" changeset="175901049" timestamp="2025-12-13T22:21:36Z" user="pepsi_max2k" uid="14719801" lat="21.0818985" lon="105.8014285"/>
 <node id="13374994096" visible="true" version="1" changeset="175901049" timestamp="2025-12-13T22:21:36Z" user="pepsi_max2k" uid="14719801" lat="21.0819824" lon="105.8014851"/>
 <node id="13374994097" visible="true" version="1" changeset="175901049" timestamp="2025-12-13T22:21:36Z" user="pepsi_max2k" uid="14719801" lat="21.0820542" lon="105.8015649"/>
 <node id="13374994098" visible="true" version="1" changeset="175901049" timestamp="2025-12-13T22:21:36Z" user="pepsi_max2k" uid="14719801" lat="21.0821571" lon="105.8015591"/>
 <node id="13374994099" visible="true" version="1" changeset="175901049" timestamp="2025-12-13T22:21:36Z" user="pepsi_max2k" uid="14719801" lat="21.0822180" lon="105.8014967"/>
 <node id="13374994100" visible="true" version="1" changeset="175901049" timestamp="2025-12-13T22:21:36Z" user="pepsi_max2k" uid="14719801" lat="21.0822667" lon="105.8013269"/>
 <node id="13374994101" visible="true" version="1" changeset="175901049" timestamp="2025-12-13T22:21:36Z" user="pepsi_max2k" uid="14719801" lat="21.0823520" lon="105.8012471"/>
 <node id="13374994102" visible="true" version="1" changeset="175901049" timestamp="2025-12-13T22:21:36Z" user="pepsi_max2k" uid="14719801" lat="21.0823520" lon="105.8011354"/>
 <node id="13374994103" visible="true" version="1" changeset="175901049" timestamp="2025-12-13T22:21:36Z" user="pepsi_max2k" uid="14719801" lat="21.0823940" lon="105.8010773"/>
 <node id="13374994104" visible="true" version="1" changeset="175901049" timestamp="2025-12-13T22:21:36Z" user="pepsi_max2k" uid="14719801" lat="21.0824306" lon="105.8010411"/>
 <node id="13374994105" visible="true" version="1" changeset="175901049" timestamp="2025-12-13T22:21:36Z" user="pepsi_max2k" uid="14719801" lat="21.0824306" lon="105.8010091"/>
 <node id="13374994106" visible="true" version="1" changeset="175901049" timestamp="2025-12-13T22:21:36Z" user="pepsi_max2k" uid="14719801" lat="21.0823101" lon="105.8009859"/>
 <node id="13374994107" visible="true" version="1" changeset="175901049" timestamp="2025-12-13T22:21:36Z" user="pepsi_max2k" uid="14719801" lat="21.0822451" lon="105.8010846"/>
 <node id="13374994108" visible="true" version="1" changeset="175901049" timestamp="2025-12-13T22:21:36Z" user="pepsi_max2k" uid="14719801" lat="21.0821124" lon="105.8010744"/>
 <node id="13374994109" visible="true" version="1" changeset="175901049" timestamp="2025-12-13T22:21:36Z" user="pepsi_max2k" uid="14719801" lat="21.0820664" lon="105.8011426"/>
 <node id="13374994110" visible="true" version="1" changeset="175901049" timestamp="2025-12-13T22:21:36Z" user="pepsi_max2k" uid="14719801" lat="21.0820704" lon="105.8012442"/>
 <node id="13374994111" visible="true" version="1" changeset="175901049" timestamp="2025-12-13T22:21:36Z" user="pepsi_max2k" uid="14719801" lat="21.0820230" lon="105.8013052"/>
 <node id="13374994112" visible="true" version="1" changeset="175901049" timestamp="2025-12-13T22:21:36Z" user="pepsi_max2k" uid="14719801" lat="21.0819445" lon="105.8013211"/>
 <node id="13374994113" visible="true" version="1" changeset="175901049" timestamp="2025-12-13T22:21:36Z" user="pepsi_max2k" uid="14719801" lat="21.0818416" lon="105.8012790"/>
 <node id="13374994114" visible="true" version="1" changeset="175901049" timestamp="2025-12-13T22:21:36Z" user="pepsi_max2k" uid="14719801" lat="21.0817455" lon="105.8013081"/>
 <node id="13374994115" visible="true" version="1" changeset="175901049" timestamp="2025-12-13T22:21:36Z" user="pepsi_max2k" uid="14719801" lat="21.0816940" lon="105.8013545"/>
 <node id="13374994116" visible="true" version="1" changeset="175901049" timestamp="2025-12-13T22:21:36Z" user="pepsi_max2k" uid="14719801" lat="21.0816087" lon="105.8014140"/>
 <node id="13374994117" visible="true" version="1" changeset="175901049" timestamp="2025-12-13T22:21:36Z" user="pepsi_max2k" uid="14719801" lat="21.0815898" lon="105.8014561"/>
 <node id="13374994118" visible="true" version="1" changeset="175901049" timestamp="2025-12-13T22:21:36Z" user="pepsi_max2k" uid="14719801" lat="21.0788399" lon="105.8080031"/>
 <node id="13374994119" visible="true" version="1" changeset="175901049" timestamp="2025-12-13T22:21:36Z" user="pepsi_max2k" uid="14719801" lat="21.0783698" lon="105.8085765"/>
 <node id="13374994120" visible="true" version="1" changeset="175901049" timestamp="2025-12-13T22:21:36Z" user="pepsi_max2k" uid="14719801" lat="21.0782514" lon="105.8086387"/>
 <node id="13374994121" visible="true" version="1" changeset="175901049" timestamp="2025-12-13T22:21:36Z" user="pepsi_max2k" uid="14719801" lat="21.0781133" lon="105.8086399"/>
 <node id="13374994122" visible="true" version="1" changeset="175901049" timestamp="2025-12-13T22:21:36Z" user="pepsi_max2k" uid="14719801" lat="21.0779961" lon="105.8086511"/>
 <node id="13374994123" visible="true" version="1" changeset="175901049" timestamp="2025-12-13T22:21:36Z" user="pepsi_max2k" uid="14719801" lat="21.0779067" lon="105.8087382"/>
 <node id="13374994124" visible="true" version="1" changeset="175901049" timestamp="2025-12-13T22:21:36Z" user="pepsi_max2k" uid="14719801" lat="21.0778835" lon="105.8088278"/>
 <node id="13374994125" visible="true" version="1" changeset="175901049" timestamp="2025-12-13T22:21:36Z" user="pepsi_max2k" uid="14719801" lat="21.0779056" lon="105.8089497"/>
 <node id="13374994126" visible="true" version="1" changeset="175901049" timestamp="2025-12-13T22:21:36Z" user="pepsi_max2k" uid="14719801" lat="21.0778916" lon="105.8090392"/>
 <node id="13374994127" visible="true" version="1" changeset="175901049" timestamp="2025-12-13T22:21:36Z" user="pepsi_max2k" uid="14719801" lat="21.0778185" lon="105.8090790"/>
 <node id="13374994128" visible="true" version="1" changeset="175901049" timestamp="2025-12-13T22:21:36Z" user="pepsi_max2k" uid="14719801" lat="21.0776607" lon="105.8090641"/>
 <node id="13374994129" visible="true" version="1" changeset="175901049" timestamp="2025-12-13T22:21:36Z" user="pepsi_max2k" uid="14719801" lat="21.0775597" lon="105.8091300"/>
 <node id="13374994130" visible="true" version="1" changeset="175901049" timestamp="2025-12-13T22:21:36Z" user="pepsi_max2k" uid="14719801" lat="21.0775225" lon="105.8092432"/>
 <node id="13374994131" visible="true" version="1" changeset="175901049" timestamp="2025-12-13T22:21:36Z" user="pepsi_max2k" uid="14719801" lat="21.0775574" lon="105.8093751"/>
 <node id="13374994132" visible="true" version="1" changeset="175901049" timestamp="2025-12-13T22:21:36Z" user="pepsi_max2k" uid="14719801" lat="21.0775446" lon="105.8094410"/>
 <node id="13374994133" visible="true" version="1" changeset="175901049" timestamp="2025-12-13T22:21:36Z" user="pepsi_max2k" uid="14719801" lat="21.0774680" lon="105.8095094"/>
 <node id="13374994134" visible="true" version="1" changeset="175901049" timestamp="2025-12-13T22:21:36Z" user="pepsi_max2k" uid="14719801" lat="21.0773740" lon="105.8095007"/>
 <node id="13374994135" visible="true" version="1" changeset="175901049" timestamp="2025-12-13T22:21:36Z" user="pepsi_max2k" uid="14719801" lat="21.0773206" lon="105.8094547"/>
 <node id="13374994136" visible="true" version="1" changeset="175901049" timestamp="2025-12-13T22:21:36Z" user="pepsi_max2k" uid="14719801" lat="21.0772718" lon="105.8093353"/>
 <node id="13374994137" visible="true" version="1" changeset="175901049" timestamp="2025-12-13T22:21:36Z" user="pepsi_max2k" uid="14719801" lat="21.0772347" lon="105.8093030"/>
 <node id="13374994138" visible="true" version="1" changeset="175901049" timestamp="2025-12-13T22:21:36Z" user="pepsi_max2k" uid="14719801" lat="21.0771174" lon="105.8093054"/>
 <node id="13374994139" visible="true" version="1" changeset="175901049" timestamp="2025-12-13T22:21:36Z" user="pepsi_max2k" uid="14719801" lat="21.0770258" lon="105.8092681"/>
 <node id="13374994140" visible="true" version="1" changeset="175901049" timestamp="2025-12-13T22:21:36Z" user="pepsi_max2k" uid="14719801" lat="21.0769608" lon="105.8092059"/>
 <node id="13374994141" visible="true" version="1" changeset="175901049" timestamp="2025-12-13T22:21:36Z" user="pepsi_max2k" uid="14719801" lat="21.0769213" lon="105.8091126"/>
 <node id="13374994142" visible="true" version="1" changeset="175901049" timestamp="2025-12-13T22:21:36Z" user="pepsi_max2k" uid="14719801" lat="21.0769213" lon="105.8089795"/>
 <node id="13374994143" visible="true" version="1" changeset="175901049" timestamp="2025-12-13T22:21:36Z" user="pepsi_max2k" uid="14719801" lat="21.0769724" lon="105.8088887"/>
 <node id="13374994144" visible="true" version="1" changeset="175901049" timestamp="2025-12-13T22:21:36Z" user="pepsi_max2k" uid="14719801" lat="21.0770617" lon="105.8088216"/>
 <node id="13374994145" visible="true" version="1" changeset="175901049" timestamp="2025-12-13T22:21:36Z" user="pepsi_max2k" uid="14719801" lat="21.0771894" lon="105.8088004"/>
 <node id="13374994146" visible="true" version="1" changeset="175901049" timestamp="2025-12-13T22:21:36Z" user="pepsi_max2k" uid="14719801" lat="21.0773577" lon="105.8088352"/>
 <node id="13374994147" visible="true" version="1" changeset="175901049" timestamp="2025-12-13T22:21:36Z" user="pepsi_max2k" uid="14719801" lat="21.0774471" lon="105.8087979"/>
 <node id="13374994148" visible="true" version="1" changeset="175901049" timestamp="2025-12-13T22:21:36Z" user="pepsi_max2k" uid="14719801" lat="21.0775237" lon="105.8087034"/>
 <node id="13374994149" visible="true" version="1" changeset="175901049" timestamp="2025-12-13T22:21:36Z" user="pepsi_max2k" uid="14719801" lat="21.0775504" lon="105.8085753"/>
 <node id="13374994150" visible="true" version="1" changeset="175901049" timestamp="2025-12-13T22:21:36Z" user="pepsi_max2k" uid="14719801" lat="21.0775016" lon="105.8084310"/>
 <node id="13374994151" visible="true" version="1" changeset="175901049" timestamp="2025-12-13T22:21:36Z" user="pepsi_max2k" uid="14719801" lat="21.0773751" lon="105.8083165"/>
 <node id="13374994152" visible="true" version="1" changeset="175901049" timestamp="2025-12-13T22:21:36Z" user="pepsi_max2k" uid="14719801" lat="21.0772985" lon="105.8082543"/>
 <node id="13374994153" visible="true" version="1" changeset="175901049" timestamp="2025-12-13T22:21:36Z" user="pepsi_max2k" uid="14719801" lat="21.0772533" lon="105.8081660"/>
 <node id="13374994154" visible="true" version="1" changeset="175901049" timestamp="2025-12-13T22:21:36Z" user="pepsi_max2k" uid="14719801" lat="21.0772753" lon="105.8080404"/>
 <node id="13374994155" visible="true" version="1" changeset="175901049" timestamp="2025-12-13T22:21:36Z" user="pepsi_max2k" uid="14719801" lat="21.0773461" lon="105.8079533"/>
 <node id="13374994156" visible="true" version="1" changeset="175901049" timestamp="2025-12-13T22:21:36Z" user="pepsi_max2k" uid="14719801" lat="21.0774308" lon="105.8079521"/>
 <node id="13374994157" visible="true" version="1" changeset="175901049" timestamp="2025-12-13T22:21:36Z" user="pepsi_max2k" uid="14719801" lat="21.0775899" lon="105.8079943"/>
 <node id="13374994158" visible="true" version="1" changeset="175901049" timestamp="2025-12-13T22:21:36Z" user="pepsi_max2k" uid="14719801" lat="21.0777268" lon="105.8080230"/>
 <node id="13374994159" visible="true" version="1" changeset="175901049" timestamp="2025-12-13T22:21:36Z" user="pepsi_max2k" uid="14719801" lat="21.0778173" lon="105.8079657"/>
 <node id="13374994160" visible="true" version="1" changeset="175901049" timestamp="2025-12-13T22:21:36Z" user="pepsi_max2k" uid="14719801" lat="21.0778498" lon="105.8078550"/>
 <node id="13374994161" visible="true" version="1" changeset="175901049" timestamp="2025-12-13T22:21:36Z" user="pepsi_max2k" uid="14719801" lat="21.0778522" lon="105.8076846"/>
 <node id="13374994162" visible="true" version="1" changeset="175901049" timestamp="2025-12-13T22:21:36Z" user="pepsi_max2k" uid="14719801" lat="21.0779288" lon="105.8075602"/>
 <node id="13374994163" visible="true" version="1" changeset="175901049" timestamp="2025-12-13T22:21:36Z" user="pepsi_max2k" uid="14719801" lat="21.0780321" lon="105.8074993"/>
 <node id="13374994164" visible="true" version="1" changeset="175901049" timestamp="2025-12-13T22:21:36Z" user="pepsi_max2k" uid="14719801" lat="21.0781470" lon="105.8074955"/>
 <node id="13374994165" visible="true" version="1" changeset="175901049" timestamp="2025-12-13T22:21:36Z" user="pepsi_max2k" uid="14719801" lat="21.0782549" lon="105.8075391"/>
 <node id="13374994166" visible="true" version="1" changeset="175901049" timestamp="2025-12-13T22:21:36Z" user="pepsi_max2k" uid="14719801" lat="21.0783304" lon="105.8076274"/>
 <node id="13374994167" visible="true" version="1" changeset="175901049" timestamp="2025-12-13T22:21:36Z" user="pepsi_max2k" uid="14719801" lat="21.0783513" lon="105.8077680"/>
 <node id="13374994168" visible="true" version="1" changeset="175901049" timestamp="2025-12-13T22:21:36Z" user="pepsi_max2k" uid="14719801" lat="21.0783095" lon="105.8078973"/>
 <node id="13374994169" visible="true" version="1" changeset="175901049" timestamp="2025-12-13T22:21:36Z" user="pepsi_max2k" uid="14719801" lat="21.0782468" lon="105.8079931"/>
 <node id="13374994170" visible="true" version="1" changeset="175901049" timestamp="2025-12-13T22:21:36Z" user="pepsi_max2k" uid="14719801" lat="21.0782375" lon="105.8080889"/>
 <node id="13374994171" visible="true" version="1" changeset="175901049" timestamp="2025-12-13T22:21:36Z" user="pepsi_max2k" uid="14719801" lat="21.0782770" lon="105.8081847"/>
 <node id="13374994172" visible="true" version="1" changeset="175901049" timestamp="2025-12-13T22:21:36Z" user="pepsi_max2k" uid="14719801" lat="21.0783675" lon="105.8082294"/>
 <node id="13374994173" visible="true" version="1" changeset="175901049" timestamp="2025-12-13T22:21:36Z" user="pepsi_max2k" uid="14719801" lat="21.0784708" lon="105.8081996"/>
 <node id="13374994174" visible="true" version="1" changeset="175901049" timestamp="2025-12-13T22:21:36Z" user="pepsi_max2k" uid="14719801" lat="21.0785683" lon="105.8081125"/>
 <node id="13374994175" visible="true" version="1" changeset="175901049" timestamp="2025-12-13T22:21:36Z" user="pepsi_max2k" uid="14719801" lat="21.0786310" lon="105.8079956"/>
 <node id="13374994176" visible="true" version="1" changeset="175901049" timestamp="2025-12-13T22:21:36Z" user="pepsi_max2k" uid="14719801" lat="21.0786890" lon="105.8078799"/>
 <node id="13374994177" visible="true" version="1" changeset="175901049" timestamp="2025-12-13T22:21:36Z" user="pepsi_max2k" uid="14719801" lat="21.0787157" lon="105.8078625"/>
 <node id="13374994178" visible="true" version="1" changeset="175901049" timestamp="2025-12-13T22:21:36Z" user="pepsi_max2k" uid="14719801" lat="21.0788968" lon="105.8078861"/>
 <node id="13374994179" visible="true" version="1" changeset="175901049" timestamp="2025-12-13T22:21:36Z" user="pepsi_max2k" uid="14719801" lat="21.0789908" lon="105.8077841"/>
 <node id="13374994180" visible="true" version="1" changeset="175901049" timestamp="2025-12-13T22:21:36Z" user="pepsi_max2k" uid="14719801" lat="21.0792171" lon="105.8074097"/>
 <node id="13374994181" visible="true" version="1" changeset="175901049" timestamp="2025-12-13T22:21:36Z" user="pepsi_max2k" uid="14719801" lat="21.0796942" lon="105.8066509"/>
 <node id="13374994182" visible="true" version="1" changeset="175901049" timestamp="2025-12-13T22:21:36Z" user="pepsi_max2k" uid="14719801" lat="21.0798996" lon="105.8063511"/>
 <node id="13374994183" visible="true" version="1" changeset="175901049" timestamp="2025-12-13T22:21:36Z" user="pepsi_max2k" uid="14719801" lat="21.0800702" lon="105.8060712"/>
 <node id="13374994184" visible="true" version="1" changeset="175901049" timestamp="2025-12-13T22:21:36Z" user="pepsi_max2k" uid="14719801" lat="21.0802467" lon="105.8059008"/>
 <node id="13374994185" visible="true" version="1" changeset="175901049" timestamp="2025-12-13T22:21:36Z" user="pepsi_max2k" uid="14719801" lat="21.0804196" lon="105.8057951"/>
 <node id="13374994186" visible="true" version="1" changeset="175901049" timestamp="2025-12-13T22:21:36Z" user="pepsi_max2k" uid="14719801" lat="21.0806111" lon="105.8057528"/>
 <node id="13374994187" visible="true" version="1" changeset="175901049" timestamp="2025-12-13T22:21:36Z" user="pepsi_max2k" uid="14719801" lat="21.0807017" lon="105.8057578"/>
 <node id="13374994188" visible="true" version="1" changeset="175901049" timestamp="2025-12-13T22:21:36Z" user="pepsi_max2k" uid="14719801" lat="21.0807481" lon="105.8057217"/>
 <node id="13374994189" visible="true" version="1" changeset="175901049" timestamp="2025-12-13T22:21:36Z" user="pepsi_max2k" uid="14719801" lat="21.0808305" lon="105.8054543"/>
 <node id="13374994190" visible="true" version="1" changeset="175901049" timestamp="2025-12-13T22:21:36Z" user="pepsi_max2k" uid="14719801" lat="21.0808119" lon="105.8054219"/>
 <node id="13374994191" visible="true" version="1" changeset="175901049" timestamp="2025-12-13T22:21:36Z" user="pepsi_max2k" uid="14719801" lat="21.0807214" lon="105.8053734"/>
 <node id="13374994192" visible="true" version="1" changeset="175901049" timestamp="2025-12-13T22:21:36Z" user="pepsi_max2k" uid="14719801" lat="21.0806030" lon="105.8052988"/>
 <node id="13374994193" visible="true" version="1" changeset="175901049" timestamp="2025-12-13T22:21:36Z" user="pepsi_max2k" uid="14719801" lat="21.0805368" lon="105.8052913"/>
 <node id="13374994194" visible="true" version="1" changeset="175901049" timestamp="2025-12-13T22:21:36Z" user="pepsi_max2k" uid="14719801" lat="21.0804776" lon="105.8053224"/>
 <node id="13374994195" visible="true" version="1" changeset="175901049" timestamp="2025-12-13T22:21:36Z" user="pepsi_max2k" uid="14719801" lat="21.0804196" lon="105.8053672"/>
 <node id="13374994196" visible="true" version="1" changeset="175901049" timestamp="2025-12-13T22:21:36Z" user="pepsi_max2k" uid="14719801" lat="21.0803024" lon="105.8055650"/>
 <node id="13374994197" visible="true" version="1" changeset="175901049" timestamp="2025-12-13T22:21:36Z" user="pepsi_max2k" uid="14719801" lat="21.0801712" lon="105.8056695"/>
 <node id="13374994198" visible="true" version="1" changeset="175901049" timestamp="2025-12-13T22:21:36Z" user="pepsi_max2k" uid="14719801" lat="21.0800865" lon="105.8057055"/>
 <node id="13374994199" visible="true" version="1" changeset="175901049" timestamp="2025-12-13T22:21:36Z" user="pepsi_max2k" uid="14719801" lat="21.0799878" lon="105.8056881"/>
 <node id="13374994200" visible="true" version="1" changeset="175901049" timestamp="2025-12-13T22:21:36Z" user="pepsi_max2k" uid="14719801" lat="21.0799611" lon="105.8057093"/>
 <node id="13374994201" visible="true" version="1" changeset="175901049" timestamp="2025-12-13T22:21:36Z" user="pepsi_max2k" uid="14719801" lat="21.0799321" lon="105.8057665"/>
 <node id="13374994202" visible="true" version="1" changeset="175901049" timestamp="2025-12-13T22:21:36Z" user="pepsi_max2k" uid="14719801" lat="21.0798602" lon="105.8057926"/>
 <node id="13374994203" visible="true" version="1" changeset="175901049" timestamp="2025-12-13T22:21:36Z" user="pepsi_max2k" uid="14719801" lat="21.0797928" lon="105.8058585"/>
 <node id="13374994204" visible="true" version="1" changeset="175901049" timestamp="2025-12-13T22:21:36Z" user="pepsi_max2k" uid="14719801" lat="21.0797429" lon="105.8059842"/>
 <node id="13374994205" visible="true" version="1" changeset="175901049" timestamp="2025-12-13T22:21:36Z" user="pepsi_max2k" uid="14719801" lat="21.0797151" lon="105.8060862"/>
 <node id="13374994206" visible="true" version="1" changeset="175901049" timestamp="2025-12-13T22:21:36Z" user="pepsi_max2k" uid="14719801" lat="21.0796245" lon="105.8062578"/>
 <node id="13374994207" visible="true" version="1" changeset="175901049" timestamp="2025-12-13T22:21:36Z" user="pepsi_max2k" uid="14719801" lat="21.0794493" lon="105.8064593"/>
 <node id="13374994208" visible="true" version="1" changeset="175901049" timestamp="2025-12-13T22:21:36Z" user="pepsi_max2k" uid="14719801" lat="21.0793344" lon="105.8065601"/>
 <node id="13374994209" visible="true" version="1" changeset="175901049" timestamp="2025-12-13T22:21:36Z" user="pepsi_max2k" uid="14719801" lat="21.0791138" lon="105.8066969"/>
 <node id="13374994210" visible="true" version="1" changeset="175901049" timestamp="2025-12-13T22:21:36Z" user="pepsi_max2k" uid="14719801" lat="21.0790024" lon="105.8067716"/>
 <node id="13374994211" visible="true" version="1" changeset="175901049" timestamp="2025-12-13T22:21:36Z" user="pepsi_max2k" uid="14719801" lat="21.0789154" lon="105.8068935"/>
 <node id="13374994212" visible="true" version="1" changeset="175901049" timestamp="2025-12-13T22:21:36Z" user="pepsi_max2k" uid="14719801" lat="21.0788887" lon="105.8070353"/>
 <node id="13374994213" visible="true" version="1" changeset="175901049" timestamp="2025-12-13T22:21:36Z" user="pepsi_max2k" uid="14719801" lat="21.0788736" lon="105.8072853"/>
 <node id="13374994214" visible="true" version="1" changeset="175901049" timestamp="2025-12-13T22:21:36Z" user="pepsi_max2k" uid="14719801" lat="21.0788399" lon="105.8075217"/>
 <node id="13374994215" visible="true" version="1" changeset="175901049" timestamp="2025-12-13T22:21:36Z" user="pepsi_max2k" uid="14719801" lat="21.0787958" lon="105.8076684"/>
 <node id="13374994216" visible="true" version="1" changeset="175901049" timestamp="2025-12-13T22:21:36Z" user="pepsi_max2k" uid="14719801" lat="21.0787517" lon="105.8077779"/>
 <node id="13374994217" visible="true" version="1" changeset="175901049" timestamp="2025-12-13T22:21:36Z" user="pepsi_max2k" uid="14719801" lat="21.0814038" lon="105.8035589"/>
 <node id="13374994218" visible="true" version="1" changeset="175901049" timestamp="2025-12-13T22:21:36Z" user="pepsi_max2k" uid="14719801" lat="21.0814271" lon="105.8035539"/>
 <node id="13374994219" visible="true" version="1" changeset="175901049" timestamp="2025-12-13T22:21:36Z" user="pepsi_max2k" uid="14719801" lat="21.0815582" lon="105.8036659"/>
 <node id="13374994220" visible="true" version="1" changeset="175901049" timestamp="2025-12-13T22:21:36Z" user="pepsi_max2k" uid="14719801" lat="21.0816012" lon="105.8037617"/>
 <node id="13374994221" visible="true" version="1" changeset="175901049" timestamp="2025-12-13T22:21:36Z" user="pepsi_max2k" uid="14719801" lat="21.0815779" lon="105.8039818"/>
 <node id="13374994222" visible="true" version="1" changeset="175901049" timestamp="2025-12-13T22:21:36Z" user="pepsi_max2k" uid="14719801" lat="21.0816360" lon="105.8041324"/>
 <node id="13374994223" visible="true" version="1" changeset="175901049" timestamp="2025-12-13T22:21:36Z" user="pepsi_max2k" uid="14719801" lat="21.0817274" lon="105.8042049"/>
 <node id="13374994224" visible="true" version="1" changeset="175901049" timestamp="2025-12-13T22:21:36Z" user="pepsi_max2k" uid="14719801" lat="21.0818709" lon="105.8042818"/>
 <node id="13374994225" visible="true" version="1" changeset="175901049" timestamp="2025-12-13T22:21:36Z" user="pepsi_max2k" uid="14719801" lat="21.0819142" lon="105.8043776"/>
 <node id="13374994226" visible="true" version="1" changeset="175901049" timestamp="2025-12-13T22:21:36Z" user="pepsi_max2k" uid="14719801" lat="21.0818316" lon="105.8045706"/>
 <node id="13374994227" visible="true" version="1" changeset="175901049" timestamp="2025-12-13T22:21:36Z" user="pepsi_max2k" uid="14719801" lat="21.0818289" lon="105.8047114"/>
 <node id="13374994228" visible="true" version="1" changeset="175901049" timestamp="2025-12-13T22:21:36Z" user="pepsi_max2k" uid="14719801" lat="21.0818479" lon="105.8048318"/>
 <node id="13374994229" visible="true" version="1" changeset="175901049" timestamp="2025-12-13T22:21:36Z" user="pepsi_max2k" uid="14719801" lat="21.0818181" lon="105.8049334"/>
 <node id="13374994230" visible="true" version="1" changeset="175901049" timestamp="2025-12-13T22:21:36Z" user="pepsi_max2k" uid="14719801" lat="21.0816962" lon="105.8051481"/>
 <node id="13374994231" visible="true" version="1" changeset="175901049" timestamp="2025-12-13T22:21:36Z" user="pepsi_max2k" uid="14719801" lat="21.0817003" lon="105.8052715"/>
 <node id="13374994232" visible="true" version="1" changeset="175901049" timestamp="2025-12-13T22:21:36Z" user="pepsi_max2k" uid="14719801" lat="21.0817328" lon="105.8054398"/>
 <node id="13374994233" visible="true" version="1" changeset="175901049" timestamp="2025-12-13T22:21:36Z" user="pepsi_max2k" uid="14719801" lat="21.0816962" lon="105.8055617"/>
 <node id="13374994234" visible="true" version="1" changeset="175901049" timestamp="2025-12-13T22:21:36Z" user="pepsi_max2k" uid="14719801" lat="21.0816109" lon="105.8056197"/>
 <node id="13374994235" visible="true" version="1" changeset="175901049" timestamp="2025-12-13T22:21:36Z" user="pepsi_max2k" uid="14719801" lat="21.0814485" lon="105.8055762"/>
 <node id="13374994236" visible="true" version="1" changeset="175901049" timestamp="2025-12-13T22:21:36Z" user="pepsi_max2k" uid="14719801" lat="21.0813158" lon="105.8055617"/>
 <node id="13374994237" visible="true" version="1" changeset="175901049" timestamp="2025-12-13T22:21:36Z" user="pepsi_max2k" uid="14719801" lat="21.0811587" lon="105.8056009"/>
 <node id="13374994238" visible="true" version="1" changeset="175901049" timestamp="2025-12-13T22:21:36Z" user="pepsi_max2k" uid="14719801" lat="21.0810423" lon="105.8056415"/>
 <node id="13374994239" visible="true" version="1" changeset="175901049" timestamp="2025-12-13T22:21:36Z" user="pepsi_max2k" uid="14719801" lat="21.0810071" lon="105.8056110"/>
 <node id="13374994240" visible="true" version="1" changeset="175901049" timestamp="2025-12-13T22:21:36Z" user="pepsi_max2k" uid="14719801" lat="21.0810152" lon="105.8055182"/>
 <node id="13374994241" visible="true" version="1" changeset="175901049" timestamp="2025-12-13T22:21:36Z" user="pepsi_max2k" uid="14719801" lat="21.0810545" lon="105.8053934"/>
 <node id="13374994242" visible="true" version="1" changeset="175901049" timestamp="2025-12-13T22:21:36Z" user="pepsi_max2k" uid="14719801" lat="21.0811343" lon="105.8053092"/>
 <node id="13374994243" visible="true" version="1" changeset="175901049" timestamp="2025-12-13T22:21:36Z" user="pepsi_max2k" uid="14719801" lat="21.0812210" lon="105.8052976"/>
 <node id="13374994244" visible="true" version="1" changeset="175901049" timestamp="2025-12-13T22:21:36Z" user="pepsi_max2k" uid="14719801" lat="21.0813009" lon="105.8053455"/>
 <node id="13374994245" visible="true" version="1" changeset="175901049" timestamp="2025-12-13T22:21:36Z" user="pepsi_max2k" uid="14719801" lat="21.0813848" lon="105.8053977"/>
 <node id="13374994246" visible="true" version="1" changeset="175901049" timestamp="2025-12-13T22:21:36Z" user="pepsi_max2k" uid="14719801" lat="21.0815040" lon="105.8053919"/>
 <node id="13374994247" visible="true" version="1" changeset="175901049" timestamp="2025-12-13T22:21:36Z" user="pepsi_max2k" uid="14719801" lat="21.0815608" lon="105.8053237"/>
 <node id="13374994248" visible="true" version="1" changeset="175901049" timestamp="2025-12-13T22:21:36Z" user="pepsi_max2k" uid="14719801" lat="21.0815622" lon="105.8052323"/>
 <node id="13374994249" visible="true" version="1" changeset="175901049" timestamp="2025-12-13T22:21:36Z" user="pepsi_max2k" uid="14719801" lat="21.0815256" lon="105.8051264"/>
 <node id="13374994250" visible="true" version="1" changeset="175901049" timestamp="2025-12-13T22:21:36Z" user="pepsi_max2k" uid="14719801" lat="21.0815365" lon="105.8050669"/>
 <node id="13374994251" visible="true" version="1" changeset="175901049" timestamp="2025-12-13T22:21:36Z" user="pepsi_max2k" uid="14719801" lat="21.0815635" lon="105.8049943"/>
 <node id="13374994252" visible="true" version="1" changeset="175901049" timestamp="2025-12-13T22:21:36Z" user="pepsi_max2k" uid="14719801" lat="21.0815500" lon="105.8049247"/>
 <node id="13374994253" visible="true" version="1" changeset="175901049" timestamp="2025-12-13T22:21:36Z" user="pepsi_max2k" uid="14719801" lat="21.0814755" lon="105.8048695"/>
 <node id="13374994254" visible="true" version="1" changeset="175901049" timestamp="2025-12-13T22:21:36Z" user="pepsi_max2k" uid="14719801" lat="21.0813821" lon="105.8048579"/>
 <node id="13374994255" visible="true" version="1" changeset="175901049" timestamp="2025-12-13T22:21:36Z" user="pepsi_max2k" uid="14719801" lat="21.0813266" lon="105.8048057"/>
 <node id="13374994256" visible="true" version="1" changeset="175901049" timestamp="2025-12-13T22:21:36Z" user="pepsi_max2k" uid="14719801" lat="21.0813131" lon="105.8047288"/>
 <node id="13374994257" visible="true" version="1" changeset="175901049" timestamp="2025-12-13T22:21:36Z" user="pepsi_max2k" uid="14719801" lat="21.0813212" lon="105.8046736"/>
 <node id="13374994258" visible="true" version="1" changeset="175901049" timestamp="2025-12-13T22:21:36Z" user="pepsi_max2k" uid="14719801" lat="21.0813713" lon="105.8046127"/>
 <node id="13374994259" visible="true" version="1" changeset="175901049" timestamp="2025-12-13T22:21:36Z" user="pepsi_max2k" uid="14719801" lat="21.0814904" lon="105.8045692"/>
 <node id="13374994260" visible="true" version="1" changeset="175901049" timestamp="2025-12-13T22:21:36Z" user="pepsi_max2k" uid="14719801" lat="21.0815378" lon="105.8044966"/>
 <node id="13374994261" visible="true" version="1" changeset="175901049" timestamp="2025-12-13T22:21:36Z" user="pepsi_max2k" uid="14719801" lat="21.0815405" lon="105.8043936"/>
 <node id="13374994262" visible="true" version="1" changeset="175901049" timestamp="2025-12-13T22:21:36Z" user="pepsi_max2k" uid="14719801" lat="21.0814945" lon="105.8043268"/>
 <node id="13374994263" visible="true" version="1" changeset="175901049" timestamp="2025-12-13T22:21:36Z" user="pepsi_max2k" uid="14719801" lat="21.0814268" lon="105.8042688"/>
 <node id="13374994264" visible="true" version="1" changeset="175901049" timestamp="2025-12-13T22:21:36Z" user="pepsi_max2k" uid="14719801" lat="21.0813984" lon="105.8041875"/>
 <node id="13374994265" visible="true" version="1" changeset="175901049" timestamp="2025-12-13T22:21:36Z" user="pepsi_max2k" uid="14719801" lat="21.0814078" lon="105.8041324"/>
 <node id="13374994266" visible="true" version="1" changeset="175901049" timestamp="2025-12-13T22:21:36Z" user="pepsi_max2k" uid="14719801" lat="21.0814512" lon="105.8039960"/>
 <node id="13374994267" visible="true" version="1" changeset="175901049" timestamp="2025-12-13T22:21:36Z" user="pepsi_max2k" uid="14719801" lat="21.0814349" lon="105.8039191"/>
 <node id="13374994268" visible="true" version="1" changeset="175901049" timestamp="2025-12-13T22:21:36Z" user="pepsi_max2k" uid="14719801" lat="21.0813659" lon="105.8037798"/>
 <node id="13374994269" visible="true" version="1" changeset="175901049" timestamp="2025-12-13T22:21:36Z" user="pepsi_max2k" uid="14719801" lat="21.0807645" lon="105.8005313"/>
 <node id="13374994270" visible="true" version="1" changeset="175901049" timestamp="2025-12-13T22:21:36Z" user="pepsi_max2k" uid="14719801" lat="21.0807133" lon="105.8002359"/>
 <node id="13374994271" visible="true" version="1" changeset="175901049" timestamp="2025-12-13T22:21:36Z" user="pepsi_max2k" uid="14719801" lat="21.0807059" lon="105.7998588"/>
 <node id="13374994272" visible="true" version="1" changeset="175901049" timestamp="2025-12-13T22:21:36Z" user="pepsi_max2k" uid="14719801" lat="21.0807778" lon="105.7996258"/>
 <node id="13374994273" visible="true" version="1" changeset="175901049" timestamp="2025-12-13T22:21:36Z" user="pepsi_max2k" uid="14719801" lat="21.0807471" lon="105.7994415"/>
 <node id="13374994274" visible="true" version="1" changeset="175901049" timestamp="2025-12-13T22:21:36Z" user="pepsi_max2k" uid="14719801" lat="21.0806673" lon="105.7992940"/>
 <node id="13374994275" visible="true" version="1" changeset="175901049" timestamp="2025-12-13T22:21:36Z" user="pepsi_max2k" uid="14719801" lat="21.0806212" lon="105.7983087"/>
 <node id="13374994276" visible="true" version="1" changeset="175901049" timestamp="2025-12-13T22:21:36Z" user="pepsi_max2k" uid="14719801" lat="21.0806709" lon="105.7977499"/>
 <node id="13374994277" visible="true" version="1" changeset="175901049" timestamp="2025-12-13T22:21:36Z" user="pepsi_max2k" uid="14719801" lat="21.0809842" lon="105.7977657"/>
 <node id="13374994278" visible="true" version="1" changeset="175901049" timestamp="2025-12-13T22:21:36Z" user="pepsi_max2k" uid="14719801" lat="21.0810468" lon="105.7969897"/>
 <node id="13374994279" visible="true" version="1" changeset="175901049" timestamp="2025-12-13T22:21:36Z" user="pepsi_max2k" uid="14719801" lat="21.0803301" lon="105.7969107"/>
 <node id="13374994280" visible="true" version="1" changeset="175901049" timestamp="2025-12-13T22:21:36Z" user="pepsi_max2k" uid="14719801" lat="21.0802453" lon="105.7976985"/>
 <node id="13374994281" visible="true" version="1" changeset="175901049" timestamp="2025-12-13T22:21:36Z" user="pepsi_max2k" uid="14719801" lat="21.0806813" lon="105.7969494"/>
 <node id="13374994282" visible="true" version="1" changeset="175901049" timestamp="2025-12-13T22:21:36Z" user="pepsi_max2k" uid="14719801" lat="21.0809897" lon="105.7949025"/>
 <node id="13374994283" visible="true" version="1" changeset="175901049" timestamp="2025-12-13T22:21:36Z" user="pepsi_max2k" uid="14719801" lat="21.0811223" lon="105.7948156"/>
 <node id="13374994284" visible="true" version="1" changeset="175901049" timestamp="2025-12-13T22:21:36Z" user="pepsi_max2k" uid="14719801" lat="21.0810984" lon="105.7946399"/>
 <node id="13374994285" visible="true" version="1" changeset="175901049" timestamp="2025-12-13T22:21:36Z" user="pepsi_max2k" uid="14719801" lat="21.0810284" lon="105.7946083"/>
 <node id="13374994286" visible="true" version="1" changeset="175901049" timestamp="2025-12-13T22:21:36Z" user="pepsi_max2k" uid="14719801" lat="21.0808939" lon="105.7946675"/>
 <node id="13374994287" visible="true" version="1" changeset="175901049" timestamp="2025-12-13T22:21:36Z" user="pepsi_max2k" uid="14719801" lat="21.0808718" lon="105.7947702"/>
 <node id="13374994288" visible="true" version="1" changeset="175901049" timestamp="2025-12-13T22:21:36Z" user="pepsi_max2k" uid="14719801" lat="21.0809105" lon="105.7948512"/>
 <node id="13374994289" visible="true" version="1" changeset="175901049" timestamp="2025-12-13T22:21:36Z" user="pepsi_max2k" uid="14719801" lat="21.0810680" lon="105.7948679"/>
 <node id="13374994290" visible="true" version="1" changeset="175901049" timestamp="2025-12-13T22:21:36Z" user="pepsi_max2k" uid="14719801" lat="21.0811371" lon="105.7947199"/>
 <node id="13374994291" visible="true" version="1" changeset="175901049" timestamp="2025-12-13T22:21:36Z" user="pepsi_max2k" uid="14719801" lat="21.0809630" lon="105.7946152"/>
 <node id="13374994292" visible="true" version="1" changeset="175901049" timestamp="2025-12-13T22:21:36Z" user="pepsi_max2k" uid="14719801" lat="21.0805512" lon="105.7977354"/>
 <node id="13374994293" visible="true" version="1" changeset="175901049" timestamp="2025-12-13T22:21:36Z" user="pepsi_max2k" uid="14719801" lat="21.0805328" lon="105.7983166"/>
 <node id="13374994294" visible="true" version="1" changeset="175901049" timestamp="2025-12-13T22:21:36Z" user="pepsi_max2k" uid="14719801" lat="21.0805235" lon="105.7986404"/>
 <node id="13374994295" visible="true" version="1" changeset="175901049" timestamp="2025-12-13T22:21:36Z" user="pepsi_max2k" uid="14719801" lat="21.0805843" lon="105.7992743"/>
 <node id="13374994296" visible="true" version="1" changeset="175901049" timestamp="2025-12-13T22:21:36Z" user="pepsi_max2k" uid="14719801" lat="21.0804922" lon="105.7995270"/>
 <node id="13374994297" visible="true" version="1" changeset="175901049" timestamp="2025-12-13T22:21:36Z" user="pepsi_max2k" uid="14719801" lat="21.0805125" lon="105.7997186"/>
 <node id="13374994298" visible="true" version="1" changeset="175901049" timestamp="2025-12-13T22:21:36Z" user="pepsi_max2k" uid="14719801" lat="21.0805936" lon="105.7998963"/>
 <node id="13374994299" visible="true" version="1" changeset="175901049" timestamp="2025-12-13T22:21:36Z" user="pepsi_max2k" uid="14719801" lat="21.0806249" lon="105.8003564"/>
 <node id="13374994300" visible="true" version="1" changeset="175901049" timestamp="2025-12-13T22:21:36Z" user="pepsi_max2k" uid="14719801" lat="21.0806088" lon="105.8006249"/>
 <node id="13374994301" visible="true" version="1" changeset="175901049" timestamp="2025-12-13T22:21:36Z" user="pepsi_max2k" uid="14719801" lat="21.0807739" lon="105.8005868"/>
 <node id="13374994302" visible="true" version="1" changeset="175901049" timestamp="2025-12-13T22:21:36Z" user="pepsi_max2k" uid="14719801" lat="21.0805292" lon="105.7994243"/>
 <node id="13374994303" visible="true" version="1" changeset="175901049" timestamp="2025-12-13T22:21:36Z" user="pepsi_max2k" uid="14719801" lat="21.0807477" lon="105.7963905"/>
 <node id="13376720503" visible="true" version="1" changeset="175935819" timestamp="2025-12-14T21:31:49Z" user="pepsi_max2k" uid="14719801" lat="21.0816553" lon="105.8003801"/>
 <node id="13376720504" visible="true" version="1" changeset="175935819" timestamp="2025-12-14T21:31:49Z" user="pepsi_max2k" uid="14719801" lat="21.0814873" lon="105.8003828"/>
 <node id="13376720505" visible="true" version="1" changeset="175935819" timestamp="2025-12-14T21:31:49Z" user="pepsi_max2k" uid="14719801" lat="21.0814447" lon="105.7996385"/>
 <node id="13376720506" visible="true" version="1" changeset="175935819" timestamp="2025-12-14T21:31:49Z" user="pepsi_max2k" uid="14719801" lat="21.0814171" lon="105.7989399"/>
 <node id="13376720507" visible="true" version="1" changeset="175935819" timestamp="2025-12-14T21:31:49Z" user="pepsi_max2k" uid="14719801" lat="21.0813896" lon="105.7984347"/>
 <node id="13376720508" visible="true" version="1" changeset="175935819" timestamp="2025-12-14T21:31:49Z" user="pepsi_max2k" uid="14719801" lat="21.0813632" lon="105.7983313"/>
 <node id="13376720509" visible="true" version="1" changeset="175935819" timestamp="2025-12-14T21:31:49Z" user="pepsi_max2k" uid="14719801" lat="21.0813733" lon="105.7982950"/>
 <node id="13376720510" visible="true" version="1" changeset="175935819" timestamp="2025-12-14T21:31:49Z" user="pepsi_max2k" uid="14719801" lat="21.0814447" lon="105.7982103"/>
 <node id="13376720511" visible="true" version="1" changeset="175935819" timestamp="2025-12-14T21:31:49Z" user="pepsi_max2k" uid="14719801" lat="21.0814673" lon="105.7981163"/>
 <node id="13376720512" visible="true" version="1" changeset="175935819" timestamp="2025-12-14T21:31:49Z" user="pepsi_max2k" uid="14719801" lat="21.0815212" lon="105.7974916"/>
 <node id="13376720513" visible="true" version="1" changeset="175935819" timestamp="2025-12-14T21:31:49Z" user="pepsi_max2k" uid="14719801" lat="21.0815839" lon="105.7967298"/>
 <node id="13376720514" visible="true" version="1" changeset="175935819" timestamp="2025-12-14T21:31:49Z" user="pepsi_max2k" uid="14719801" lat="21.0815713" lon="105.7966169"/>
 <node id="13376720515" visible="true" version="1" changeset="175935819" timestamp="2025-12-14T21:31:49Z" user="pepsi_max2k" uid="14719801" lat="21.0814923" lon="105.7965175"/>
 <node id="13376720516" visible="true" version="1" changeset="175935819" timestamp="2025-12-14T21:31:49Z" user="pepsi_max2k" uid="14719801" lat="21.0813545" lon="105.7964799"/>
 <node id="13376720517" visible="true" version="1" changeset="175935819" timestamp="2025-12-14T21:31:49Z" user="pepsi_max2k" uid="14719801" lat="21.0812629" lon="105.7964638"/>
 <node id="13376720518" visible="true" version="1" changeset="175935819" timestamp="2025-12-14T21:31:49Z" user="pepsi_max2k" uid="14719801" lat="21.0812329" lon="105.7964342"/>
 <node id="13376720519" visible="true" version="1" changeset="175935819" timestamp="2025-12-14T21:31:49Z" user="pepsi_max2k" uid="14719801" lat="21.0812291" lon="105.7963845"/>
 <node id="13376720520" visible="true" version="1" changeset="175935819" timestamp="2025-12-14T21:31:49Z" user="pepsi_max2k" uid="14719801" lat="21.0813883" lon="105.7953957"/>
 <node id="13376720521" visible="true" version="1" changeset="175935819" timestamp="2025-12-14T21:31:49Z" user="pepsi_max2k" uid="14719801" lat="21.0814184" lon="105.7952533"/>
 <node id="13376720522" visible="true" version="1" changeset="175935819" timestamp="2025-12-14T21:31:49Z" user="pepsi_max2k" uid="14719801" lat="21.0814598" lon="105.7951942"/>
 <node id="13376720523" visible="true" version="1" changeset="175935819" timestamp="2025-12-14T21:31:49Z" user="pepsi_max2k" uid="14719801" lat="21.0815625" lon="105.7950410"/>
 <node id="13376720524" visible="true" version="1" changeset="175935819" timestamp="2025-12-14T21:31:49Z" user="pepsi_max2k" uid="14719801" lat="21.0816165" lon="105.7948502"/>
 <node id="13376720525" visible="true" version="1" changeset="175935819" timestamp="2025-12-14T21:31:49Z" user="pepsi_max2k" uid="14719801" lat="21.0816215" lon="105.7946903"/>
 <node id="13376720526" visible="true" version="1" changeset="175935819" timestamp="2025-12-14T21:31:49Z" user="pepsi_max2k" uid="14719801" lat="21.0815839" lon="105.7945157"/>
 <node id="13376720527" visible="true" version="1" changeset="175935819" timestamp="2025-12-14T21:31:49Z" user="pepsi_max2k" uid="14719801" lat="21.0815199" lon="105.7943881"/>
 <node id="13376720528" visible="true" version="1" changeset="175935819" timestamp="2025-12-14T21:31:49Z" user="pepsi_max2k" uid="14719801" lat="21.0814384" lon="105.7942792"/>
 <node id="13376720529" visible="true" version="1" changeset="175935819" timestamp="2025-12-14T21:31:49Z" user="pepsi_max2k" uid="14719801" lat="21.0813783" lon="105.7942241"/>
 <node id="13376720530" visible="true" version="1" changeset="175935819" timestamp="2025-12-14T21:31:49Z" user="pepsi_max2k" uid="14719801" lat="21.0812529" lon="105.7941489"/>
 <node id="13376720531" visible="true" version="1" changeset="175935819" timestamp="2025-12-14T21:31:49Z" user="pepsi_max2k" uid="14719801" lat="21.0812504" lon="105.7941046"/>
 <node id="13376720532" visible="true" version="1" changeset="175935819" timestamp="2025-12-14T21:31:49Z" user="pepsi_max2k" uid="14719801" lat="21.0813118" lon="105.7940508"/>
 <node id="13376720533" visible="true" version="1" changeset="175935819" timestamp="2025-12-14T21:31:49Z" user="pepsi_max2k" uid="14719801" lat="21.0814149" lon="105.7940424"/>
 <node id="13376720534" visible="true" version="1" changeset="175935819" timestamp="2025-12-14T21:31:49Z" user="pepsi_max2k" uid="14719801" lat="21.0815750" lon="105.7940631"/>
 <node id="13376720535" visible="true" version="1" changeset="175935819" timestamp="2025-12-14T21:31:49Z" user="pepsi_max2k" uid="14719801" lat="21.0816427" lon="105.7941011"/>
 <node id="13376720536" visible="true" version="1" changeset="175935819" timestamp="2025-12-14T21:31:49Z" user="pepsi_max2k" uid="14719801" lat="21.0816943" lon="105.7941656"/>
 <node id="13376720537" visible="true" version="1" changeset="175935819" timestamp="2025-12-14T21:31:49Z" user="pepsi_max2k" uid="14719801" lat="21.0817051" lon="105.7942716"/>
 <node id="13376720538" visible="true" version="1" changeset="175935819" timestamp="2025-12-14T21:31:49Z" user="pepsi_max2k" uid="14719801" lat="21.0817115" lon="105.7943787"/>
 <node id="13376720539" visible="true" version="1" changeset="175935819" timestamp="2025-12-14T21:31:49Z" user="pepsi_max2k" uid="14719801" lat="21.0817577" lon="105.7945319"/>
 <node id="13376720540" visible="true" version="1" changeset="175935819" timestamp="2025-12-14T21:31:49Z" user="pepsi_max2k" uid="14719801" lat="21.0817900" lon="105.7946609"/>
 <node id="13376720541" visible="true" version="1" changeset="175935819" timestamp="2025-12-14T21:31:49Z" user="pepsi_max2k" uid="14719801" lat="21.0817953" lon="105.7947956"/>
 <node id="13376720542" visible="true" version="1" changeset="175935819" timestamp="2025-12-14T21:31:49Z" user="pepsi_max2k" uid="14719801" lat="21.0817588" lon="105.7950939"/>
 <node id="13376720543" visible="true" version="1" changeset="175935819" timestamp="2025-12-14T21:31:49Z" user="pepsi_max2k" uid="14719801" lat="21.0817373" lon="105.7953519"/>
 <node id="13376720544" visible="true" version="1" changeset="175935819" timestamp="2025-12-14T21:31:49Z" user="pepsi_max2k" uid="14719801" lat="21.0817384" lon="105.7955258"/>
 <node id="13376720545" visible="true" version="1" changeset="175935819" timestamp="2025-12-14T21:31:49Z" user="pepsi_max2k" uid="14719801" lat="21.0817964" lon="105.7960648"/>
 <node id="13376720546" visible="true" version="1" changeset="175935819" timestamp="2025-12-14T21:31:49Z" user="pepsi_max2k" uid="14719801" lat="21.0818308" lon="105.7963861"/>
 <node id="13376720547" visible="true" version="1" changeset="175935819" timestamp="2025-12-14T21:31:49Z" user="pepsi_max2k" uid="14719801" lat="21.0818211" lon="105.7965117"/>
 <node id="13376720548" visible="true" version="1" changeset="175935819" timestamp="2025-12-14T21:31:49Z" user="pepsi_max2k" uid="14719801" lat="21.0818018" lon="105.7966695"/>
 <node id="13376720549" visible="true" version="1" changeset="175935819" timestamp="2025-12-14T21:31:49Z" user="pepsi_max2k" uid="14719801" lat="21.0817620" lon="105.7967685"/>
 <node id="13376720550" visible="true" version="1" changeset="175935819" timestamp="2025-12-14T21:31:49Z" user="pepsi_max2k" uid="14719801" lat="21.0816879" lon="105.7968503"/>
 <node id="13376720551" visible="true" version="1" changeset="175935819" timestamp="2025-12-14T21:31:49Z" user="pepsi_max2k" uid="14719801" lat="21.0816449" lon="105.7969482"/>
 <node id="13376720552" visible="true" version="1" changeset="175935819" timestamp="2025-12-14T21:31:49Z" user="pepsi_max2k" uid="14719801" lat="21.0816481" lon="105.7971209"/>
 <node id="13376720553" visible="true" version="1" changeset="175935819" timestamp="2025-12-14T21:31:49Z" user="pepsi_max2k" uid="14719801" lat="21.0816642" lon="105.7973812"/>
 <node id="13376720554" visible="true" version="1" changeset="175935819" timestamp="2025-12-14T21:31:49Z" user="pepsi_max2k" uid="14719801" lat="21.0816717" lon="105.7974503"/>
 <node id="13376720555" visible="true" version="1" changeset="175935819" timestamp="2025-12-14T21:31:49Z" user="pepsi_max2k" uid="14719801" lat="21.0816406" lon="105.7976853"/>
 <node id="13376720556" visible="true" version="1" changeset="175935819" timestamp="2025-12-14T21:31:49Z" user="pepsi_max2k" uid="14719801" lat="21.0816492" lon="105.7977313"/>
 <node id="13376720557" visible="true" version="1" changeset="175935819" timestamp="2025-12-14T21:31:49Z" user="pepsi_max2k" uid="14719801" lat="21.0816889" lon="105.7978626"/>
 <node id="13376720558" visible="true" version="1" changeset="175935819" timestamp="2025-12-14T21:31:49Z" user="pepsi_max2k" uid="14719801" lat="21.0816825" lon="105.7979168"/>
 <node id="13376720559" visible="true" version="1" changeset="175935819" timestamp="2025-12-14T21:31:49Z" user="pepsi_max2k" uid="14719801" lat="21.0816470" lon="105.7980688"/>
 <node id="13376720560" visible="true" version="1" changeset="175935819" timestamp="2025-12-14T21:31:49Z" user="pepsi_max2k" uid="14719801" lat="21.0816556" lon="105.7981598"/>
 <node id="13376720561" visible="true" version="1" changeset="175935819" timestamp="2025-12-14T21:31:49Z" user="pepsi_max2k" uid="14719801" lat="21.0816889" lon="105.7983210"/>
 <node id="13376720562" visible="true" version="1" changeset="175935819" timestamp="2025-12-14T21:31:49Z" user="pepsi_max2k" uid="14719801" lat="21.0816954" lon="105.7984523"/>
 <node id="13376720563" visible="true" version="1" changeset="175935819" timestamp="2025-12-14T21:31:49Z" user="pepsi_max2k" uid="14719801" lat="21.0816846" lon="105.7986043"/>
 <node id="13376720564" visible="true" version="1" changeset="175935819" timestamp="2025-12-14T21:31:49Z" user="pepsi_max2k" uid="14719801" lat="21.0816105" lon="105.7988992"/>
 <node id="13376720565" visible="true" version="1" changeset="175935819" timestamp="2025-12-14T21:31:49Z" user="pepsi_max2k" uid="14719801" lat="21.0816030" lon="105.7989982"/>
 <node id="13376720566" visible="true" version="1" changeset="175935819" timestamp="2025-12-14T21:31:49Z" user="pepsi_max2k" uid="14719801" lat="21.0816159" lon="105.7993011"/>
 <node id="13376720567" visible="true" version="1" changeset="175935819" timestamp="2025-12-14T21:31:49Z" user="pepsi_max2k" uid="14719801" lat="21.0815933" lon="105.7996409"/>
 <node id="13376720568" visible="true" version="1" changeset="175935819" timestamp="2025-12-14T21:31:49Z" user="pepsi_max2k" uid="14719801" lat="21.0815847" lon="105.8000152"/>
 <node id="13376720569" visible="true" version="1" changeset="175935819" timestamp="2025-12-14T21:31:49Z" user="pepsi_max2k" uid="14719801" lat="21.0815965" lon="105.8001131"/>
 <node id="13376720570" visible="true" version="1" changeset="175935819" timestamp="2025-12-14T21:31:49Z" user="pepsi_max2k" uid="14719801" lat="21.0816266" lon="105.8002329"/>
 <node id="13376720571" visible="true" version="1" changeset="175935819" timestamp="2025-12-14T21:31:49Z" user="pepsi_max2k" uid="14719801" lat="21.0816546" lon="105.8003020"/>
 <node id="13376720572" visible="true" version="1" changeset="175935819" timestamp="2025-12-14T21:31:49Z" user="pepsi_max2k" uid="14719801" lat="21.0806110" lon="105.7943218"/>
 <node id="13376720573" visible="true" version="1" changeset="175935819" timestamp="2025-12-14T21:31:49Z" user="pepsi_max2k" uid="14719801" lat="21.0809252" lon="105.7941792"/>
 <node id="13376720574" visible="true" version="1" changeset="175935819" timestamp="2025-12-14T21:31:49Z" user="pepsi_max2k" uid="14719801" lat="21.0813330" lon="105.7939760"/>
 <node id="13376720575" visible="true" version="1" changeset="175935819" timestamp="2025-12-14T21:31:49Z" user="pepsi_max2k" uid="14719801" lat="21.0813098" lon="105.7938217"/>
 <node id="13376720576" visible="true" version="1" changeset="175935819" timestamp="2025-12-14T21:31:49Z" user="pepsi_max2k" uid="14719801" lat="21.0813771" lon="105.7935928"/>
 <node id="13376720577" visible="true" version="1" changeset="175935819" timestamp="2025-12-14T21:31:49Z" user="pepsi_max2k" uid="14719801" lat="21.0813051" lon="105.7934361"/>
 <node id="13376720578" visible="true" version="1" changeset="175935819" timestamp="2025-12-14T21:31:49Z" user="pepsi_max2k" uid="14719801" lat="21.0813237" lon="105.7932122"/>
 <node id="13376720579" visible="true" version="1" changeset="175935819" timestamp="2025-12-14T21:31:49Z" user="pepsi_max2k" uid="14719801" lat="21.0813121" lon="105.7930331"/>
 <node id="13376720580" visible="true" version="1" changeset="175935819" timestamp="2025-12-14T21:31:49Z" user="pepsi_max2k" uid="14719801" lat="21.0813515" lon="105.7928639"/>
 <node id="13376720581" visible="true" version="1" changeset="175935819" timestamp="2025-12-14T21:31:49Z" user="pepsi_max2k" uid="14719801" lat="21.0812657" lon="105.7925728"/>
 <node id="13376720582" visible="true" version="1" changeset="175935819" timestamp="2025-12-14T21:31:49Z" user="pepsi_max2k" uid="14719801" lat="21.0813283" lon="105.7923613"/>
 <node id="13376720583" visible="true" version="1" changeset="175935819" timestamp="2025-12-14T21:31:49Z" user="pepsi_max2k" uid="14719801" lat="21.0812355" lon="105.7921374"/>
 <node id="13376720584" visible="true" version="1" changeset="175935819" timestamp="2025-12-14T21:31:49Z" user="pepsi_max2k" uid="14719801" lat="21.0809941" lon="105.7920752"/>
 <node id="13376720585" visible="true" version="1" changeset="175935819" timestamp="2025-12-14T21:31:49Z" user="pepsi_max2k" uid="14719801" lat="21.0807805" lon="105.7921150"/>
 <node id="13376720586" visible="true" version="1" changeset="175935819" timestamp="2025-12-14T21:31:49Z" user="pepsi_max2k" uid="14719801" lat="21.0806923" lon="105.7922544"/>
 <node id="13376720587" visible="true" version="1" changeset="175935819" timestamp="2025-12-14T21:31:49Z" user="pepsi_max2k" uid="14719801" lat="21.0806946" lon="105.7925079"/>
 <node id="13376720588" visible="true" version="1" changeset="175935819" timestamp="2025-12-14T21:31:49Z" user="pepsi_max2k" uid="14719801" lat="21.0806970" lon="105.7927641"/>
 <node id="13376720589" visible="true" version="1" changeset="175935819" timestamp="2025-12-14T21:31:49Z" user="pepsi_max2k" uid="14719801" lat="21.0806087" lon="105.7929881"/>
 <node id="13376720590" visible="true" version="1" changeset="175935819" timestamp="2025-12-14T21:31:49Z" user="pepsi_max2k" uid="14719801" lat="21.0806064" lon="105.7932766"/>
 <node id="13376720591" visible="true" version="1" changeset="175935819" timestamp="2025-12-14T21:31:49Z" user="pepsi_max2k" uid="14719801" lat="21.0805948" lon="105.7934209"/>
 <node id="13376720592" visible="true" version="1" changeset="175935819" timestamp="2025-12-14T21:31:49Z" user="pepsi_max2k" uid="14719801" lat="21.0806807" lon="105.7935702"/>
 <node id="13376720593" visible="true" version="1" changeset="175935819" timestamp="2025-12-14T21:31:49Z" user="pepsi_max2k" uid="14719801" lat="21.0806459" lon="105.7937319"/>
 <node id="13376720594" visible="true" version="1" changeset="175935819" timestamp="2025-12-14T21:31:49Z" user="pepsi_max2k" uid="14719801" lat="21.0806064" lon="105.7940703"/>
 <node id="13376720595" visible="true" version="1" changeset="175935819" timestamp="2025-12-14T21:31:49Z" user="pepsi_max2k" uid="14719801" lat="21.0805902" lon="105.7941424"/>
 <node id="13376720596" visible="true" version="1" changeset="175935819" timestamp="2025-12-14T21:31:49Z" user="pepsi_max2k" uid="14719801" lat="21.0806839" lon="105.7943278"/>
 <node id="13376720597" visible="true" version="1" changeset="175935819" timestamp="2025-12-14T21:31:49Z" user="pepsi_max2k" uid="14719801" lat="21.0811194" lon="105.7941761"/>
 <node id="13376720598" visible="true" version="1" changeset="175935819" timestamp="2025-12-14T21:31:49Z" user="pepsi_max2k" uid="14719801" lat="21.0811207" lon="105.7940945"/>
 <node id="13376720599" visible="true" version="1" changeset="175935819" timestamp="2025-12-14T21:31:49Z" user="pepsi_max2k" uid="14719801" lat="21.0805023" lon="105.7942943"/>
 <node id="13376720600" visible="true" version="1" changeset="175935819" timestamp="2025-12-14T21:31:49Z" user="pepsi_max2k" uid="14719801" lat="21.0805155" lon="105.7942475"/>
 <node id="13376720701" visible="true" version="1" changeset="175935819" timestamp="2025-12-14T21:31:49Z" user="pepsi_max2k" uid="14719801" lat="21.0804685" lon="105.7941938"/>
 <node id="13376720702" visible="true" version="1" changeset="175935819" timestamp="2025-12-14T21:31:49Z" user="pepsi_max2k" uid="14719801" lat="21.0804118" lon="105.7942154"/>
 <node id="13376720703" visible="true" version="1" changeset="175935819" timestamp="2025-12-14T21:31:49Z" user="pepsi_max2k" uid="14719801" lat="21.0802754" lon="105.7944751"/>
 <node id="13376720704" visible="true" version="1" changeset="175935819" timestamp="2025-12-14T21:31:49Z" user="pepsi_max2k" uid="14719801" lat="21.0801833" lon="105.7946784"/>
 <node id="13376720705" visible="true" version="1" changeset="175935819" timestamp="2025-12-14T21:31:49Z" user="pepsi_max2k" uid="14719801" lat="21.0801299" lon="105.7950467"/>
 <node id="13376720706" visible="true" version="1" changeset="175935819" timestamp="2025-12-14T21:31:49Z" user="pepsi_max2k" uid="14719801" lat="21.0800626" lon="105.7951780"/>
 <node id="13376720707" visible="true" version="1" changeset="175935819" timestamp="2025-12-14T21:31:49Z" user="pepsi_max2k" uid="14719801" lat="21.0799594" lon="105.7953311"/>
 <node id="13376720708" visible="true" version="1" changeset="175935819" timestamp="2025-12-14T21:31:49Z" user="pepsi_max2k" uid="14719801" lat="21.0799548" lon="105.7954485"/>
 <node id="13376720709" visible="true" version="1" changeset="175935819" timestamp="2025-12-14T21:31:49Z" user="pepsi_max2k" uid="14719801" lat="21.0800331" lon="105.7959244"/>
 <node id="13376720710" visible="true" version="1" changeset="175935819" timestamp="2025-12-14T21:31:49Z" user="pepsi_max2k" uid="14719801" lat="21.0801243" lon="105.7960409"/>
 <node id="13376720711" visible="true" version="1" changeset="175935819" timestamp="2025-12-14T21:31:49Z" user="pepsi_max2k" uid="14719801" lat="21.0801271" lon="105.7961436"/>
 <node id="13376720712" visible="true" version="1" changeset="175935819" timestamp="2025-12-14T21:31:49Z" user="pepsi_max2k" uid="14719801" lat="21.0800838" lon="105.7962917"/>
 <node id="13376720713" visible="true" version="1" changeset="175935819" timestamp="2025-12-14T21:31:49Z" user="pepsi_max2k" uid="14719801" lat="21.0799272" lon="105.7963065"/>
 <node id="13376720714" visible="true" version="1" changeset="175935819" timestamp="2025-12-14T21:31:49Z" user="pepsi_max2k" uid="14719801" lat="21.0798599" lon="105.7963272"/>
 <node id="13376720715" visible="true" version="1" changeset="175935819" timestamp="2025-12-14T21:31:49Z" user="pepsi_max2k" uid="14719801" lat="21.0798120" lon="105.7963924"/>
 <node id="13376720716" visible="true" version="1" changeset="175935819" timestamp="2025-12-14T21:31:49Z" user="pepsi_max2k" uid="14719801" lat="21.0797540" lon="105.7965227"/>
 <node id="13376720717" visible="true" version="1" changeset="175935819" timestamp="2025-12-14T21:31:49Z" user="pepsi_max2k" uid="14719801" lat="21.0797651" lon="105.7966728"/>
 <node id="13376720718" visible="true" version="1" changeset="175935819" timestamp="2025-12-14T21:31:49Z" user="pepsi_max2k" uid="14719801" lat="21.0797475" lon="105.7967715"/>
 <node id="13376720719" visible="true" version="1" changeset="175935819" timestamp="2025-12-14T21:31:49Z" user="pepsi_max2k" uid="14719801" lat="21.0796471" lon="105.7969009"/>
 <node id="13376720720" visible="true" version="1" changeset="175935819" timestamp="2025-12-14T21:31:49Z" user="pepsi_max2k" uid="14719801" lat="21.0796158" lon="105.7969769"/>
 <node id="13376720721" visible="true" version="1" changeset="175935819" timestamp="2025-12-14T21:31:49Z" user="pepsi_max2k" uid="14719801" lat="21.0796149" lon="105.7971052"/>
 <node id="13376720722" visible="true" version="1" changeset="175935819" timestamp="2025-12-14T21:31:49Z" user="pepsi_max2k" uid="14719801" lat="21.0795753" lon="105.7971872"/>
 <node id="13376720723" visible="true" version="1" changeset="175935819" timestamp="2025-12-14T21:31:49Z" user="pepsi_max2k" uid="14719801" lat="21.0795403" lon="105.7972188"/>
 <node id="13376720724" visible="true" version="1" changeset="175935819" timestamp="2025-12-14T21:31:49Z" user="pepsi_max2k" uid="14719801" lat="21.0795145" lon="105.7972573"/>
 <node id="13376720725" visible="true" version="1" changeset="175935819" timestamp="2025-12-14T21:31:49Z" user="pepsi_max2k" uid="14719801" lat="21.0795172" lon="105.7973590"/>
 <node id="13376720726" visible="true" version="1" changeset="175935819" timestamp="2025-12-14T21:31:49Z" user="pepsi_max2k" uid="14719801" lat="21.0795928" lon="105.7974370"/>
 <node id="13376720727" visible="true" version="1" changeset="175935819" timestamp="2025-12-14T21:31:49Z" user="pepsi_max2k" uid="14719801" lat="21.0796186" lon="105.7976255"/>
 <node id="13376720728" visible="true" version="1" changeset="175935819" timestamp="2025-12-14T21:31:49Z" user="pepsi_max2k" uid="14719801" lat="21.0796324" lon="105.7978773"/>
 <node id="13376720729" visible="true" version="1" changeset="175935819" timestamp="2025-12-14T21:31:49Z" user="pepsi_max2k" uid="14719801" lat="21.0796140" lon="105.7979741"/>
 <node id="13376720730" visible="true" version="1" changeset="175935819" timestamp="2025-12-14T21:31:49Z" user="pepsi_max2k" uid="14719801" lat="21.0796158" lon="105.7986168"/>
 <node id="13376720731" visible="true" version="1" changeset="175935819" timestamp="2025-12-14T21:31:49Z" user="pepsi_max2k" uid="14719801" lat="21.0795965" lon="105.7987521"/>
 <node id="13376720732" visible="true" version="1" changeset="175935819" timestamp="2025-12-14T21:31:49Z" user="pepsi_max2k" uid="14719801" lat="21.0796398" lon="105.7991746"/>
 <node id="13376720733" visible="true" version="1" changeset="175935819" timestamp="2025-12-14T21:31:49Z" user="pepsi_max2k" uid="14719801" lat="21.0796398" lon="105.7992437"/>
 <node id="13376720734" visible="true" version="1" changeset="175935819" timestamp="2025-12-14T21:31:49Z" user="pepsi_max2k" uid="14719801" lat="21.0796315" lon="105.7993513"/>
 <node id="13376720735" visible="true" version="1" changeset="175935819" timestamp="2025-12-14T21:31:49Z" user="pepsi_max2k" uid="14719801" lat="21.0795283" lon="105.7994975"/>
 <node id="13376720736" visible="true" version="1" changeset="175935819" timestamp="2025-12-14T21:31:49Z" user="pepsi_max2k" uid="14719801" lat="21.0794012" lon="105.7996594"/>
 <node id="13376720737" visible="true" version="1" changeset="175935819" timestamp="2025-12-14T21:31:49Z" user="pepsi_max2k" uid="14719801" lat="21.0794021" lon="105.7998489"/>
 <node id="13376720738" visible="true" version="1" changeset="175935819" timestamp="2025-12-14T21:31:49Z" user="pepsi_max2k" uid="14719801" lat="21.0796270" lon="105.8001357"/>
 <node id="13376720739" visible="true" version="1" changeset="175935819" timestamp="2025-12-14T21:31:49Z" user="pepsi_max2k" uid="14719801" lat="21.0796854" lon="105.8003316"/>
 <node id="13376720740" visible="true" version="1" changeset="175935819" timestamp="2025-12-14T21:31:49Z" user="pepsi_max2k" uid="14719801" lat="21.0796650" lon="105.8004915"/>
 <node id="13376720741" visible="true" version="1" changeset="175935819" timestamp="2025-12-14T21:31:49Z" user="pepsi_max2k" uid="14719801" lat="21.0796343" lon="105.8006811"/>
 <node id="13376720742" visible="true" version="1" changeset="175935819" timestamp="2025-12-14T21:31:49Z" user="pepsi_max2k" uid="14719801" lat="21.0796694" lon="105.8007203"/>
 <node id="13376720743" visible="true" version="1" changeset="175935819" timestamp="2025-12-14T21:31:49Z" user="pepsi_max2k" uid="14719801" lat="21.0798639" lon="105.8006607"/>
 <node id="13376720744" visible="true" version="1" changeset="175935819" timestamp="2025-12-14T21:31:49Z" user="pepsi_max2k" uid="14719801" lat="21.0798551" lon="105.8002752"/>
 <node id="13376720745" visible="true" version="1" changeset="175935819" timestamp="2025-12-14T21:31:49Z" user="pepsi_max2k" uid="14719801" lat="21.0798214" lon="105.7994680"/>
 <node id="13376720746" visible="true" version="1" changeset="175935819" timestamp="2025-12-14T21:31:49Z" user="pepsi_max2k" uid="14719801" lat="21.0798054" lon="105.7990794"/>
 <node id="13376720747" visible="true" version="1" changeset="175935819" timestamp="2025-12-14T21:31:49Z" user="pepsi_max2k" uid="14719801" lat="21.0797586" lon="105.7985810"/>
 <node id="13376720748" visible="true" version="1" changeset="175935819" timestamp="2025-12-14T21:31:49Z" user="pepsi_max2k" uid="14719801" lat="21.0797761" lon="105.7984431"/>
 <node id="13376720749" visible="true" version="1" changeset="175935819" timestamp="2025-12-14T21:31:49Z" user="pepsi_max2k" uid="14719801" lat="21.0798393" lon="105.7983873"/>
 <node id="13376720750" visible="true" version="1" changeset="175935819" timestamp="2025-12-14T21:31:49Z" user="pepsi_max2k" uid="14719801" lat="21.0799785" lon="105.7983739"/>
 <node id="13376720751" visible="true" version="1" changeset="175935819" timestamp="2025-12-14T21:31:49Z" user="pepsi_max2k" uid="14719801" lat="21.0800349" lon="105.7983564"/>
 <node id="13376720752" visible="true" version="1" changeset="175935819" timestamp="2025-12-14T21:31:49Z" user="pepsi_max2k" uid="14719801" lat="21.0800462" lon="105.7983309"/>
 <node id="13376720753" visible="true" version="1" changeset="175935819" timestamp="2025-12-14T21:31:49Z" user="pepsi_max2k" uid="14719801" lat="21.0800449" lon="105.7982704"/>
 <node id="13376720754" visible="true" version="1" changeset="175935819" timestamp="2025-12-14T21:31:49Z" user="pepsi_max2k" uid="14719801" lat="21.0800186" lon="105.7982288"/>
 <node id="13376720755" visible="true" version="1" changeset="175935819" timestamp="2025-12-14T21:31:49Z" user="pepsi_max2k" uid="14719801" lat="21.0799233" lon="105.7982113"/>
 <node id="13376720756" visible="true" version="1" changeset="175935819" timestamp="2025-12-14T21:31:49Z" user="pepsi_max2k" uid="14719801" lat="21.0798017" lon="105.7981764"/>
 <node id="13376720757" visible="true" version="1" changeset="175935819" timestamp="2025-12-14T21:31:49Z" user="pepsi_max2k" uid="14719801" lat="21.0797340" lon="105.7980796"/>
 <node id="13376720758" visible="true" version="1" changeset="175935819" timestamp="2025-12-14T21:31:49Z" user="pepsi_max2k" uid="14719801" lat="21.0797165" lon="105.7979036"/>
 <node id="13376720759" visible="true" version="1" changeset="175935819" timestamp="2025-12-14T21:31:49Z" user="pepsi_max2k" uid="14719801" lat="21.0797340" lon="105.7976927"/>
 <node id="13376720760" visible="true" version="1" changeset="175935819" timestamp="2025-12-14T21:31:49Z" user="pepsi_max2k" uid="14719801" lat="21.0798130" lon="105.7967832"/>
 <node id="13376720761" visible="true" version="1" changeset="175935819" timestamp="2025-12-14T21:31:49Z" user="pepsi_max2k" uid="14719801" lat="21.0798468" lon="105.7964889"/>
 <node id="13376720762" visible="true" version="1" changeset="175935819" timestamp="2025-12-14T21:31:49Z" user="pepsi_max2k" uid="14719801" lat="21.0799007" lon="105.7964029"/>
 <node id="13376720763" visible="true" version="1" changeset="175935819" timestamp="2025-12-14T21:31:49Z" user="pepsi_max2k" uid="14719801" lat="21.0799772" lon="105.7963626"/>
 <node id="13376720764" visible="true" version="1" changeset="175935819" timestamp="2025-12-14T21:31:49Z" user="pepsi_max2k" uid="14719801" lat="21.0800913" lon="105.7963519"/>
 <node id="13376720765" visible="true" version="1" changeset="175935819" timestamp="2025-12-14T21:31:49Z" user="pepsi_max2k" uid="14719801" lat="21.0801916" lon="105.7963573"/>
 <node id="13376720766" visible="true" version="1" changeset="175935819" timestamp="2025-12-14T21:31:49Z" user="pepsi_max2k" uid="14719801" lat="21.0803483" lon="105.7954598"/>
 <node id="13376720767" visible="true" version="1" changeset="175935819" timestamp="2025-12-14T21:31:49Z" user="pepsi_max2k" uid="14719801" lat="21.0804097" lon="105.7950756"/>
 <node id="13376720768" visible="true" version="1" changeset="175935819" timestamp="2025-12-14T21:31:49Z" user="pepsi_max2k" uid="14719801" lat="21.0803533" lon="105.7948606"/>
 <node id="13376720769" visible="true" version="1" changeset="175935819" timestamp="2025-12-14T21:31:49Z" user="pepsi_max2k" uid="14719801" lat="21.0803495" lon="105.7946550"/>
 <node id="13376720770" visible="true" version="1" changeset="175935819" timestamp="2025-12-14T21:31:49Z" user="pepsi_max2k" uid="14719801" lat="21.0803884" lon="105.7944938"/>
 <node id="13376720771" visible="true" version="1" changeset="175935819" timestamp="2025-12-14T21:31:49Z" user="pepsi_max2k" uid="14719801" lat="21.0804711" lon="105.7943366"/>
 <node id="13432891614" visible="true" version="1" changeset="176870589" timestamp="2026-01-05T16:58:48Z" user="pepsi_max2k" uid="14719801" lat="21.0856414" lon="105.8108880"/>
 <node id="13432891615" visible="true" version="1" changeset="176870589" timestamp="2026-01-05T16:58:48Z" user="pepsi_max2k" uid="14719801" lat="21.0858403" lon="105.8114677"/>
 <node id="13432891616" visible="true" version="1" changeset="176870589" timestamp="2026-01-05T16:58:48Z" user="pepsi_max2k" uid="14719801" lat="21.0855479" lon="105.8115635"/>
 <node id="13432891617" visible="true" version="1" changeset="176870589" timestamp="2026-01-05T16:58:48Z" user="pepsi_max2k" uid="14719801" lat="21.0856169" lon="105.8117884"/>
 <node id="13432891618" visible="true" version="1" changeset="176870589" timestamp="2026-01-05T16:58:48Z" user="pepsi_max2k" uid="14719801" lat="21.0855601" lon="105.8117884"/>
 <node id="13432891619" visible="true" version="1" changeset="176870589" timestamp="2026-01-05T16:58:48Z" user="pepsi_max2k" uid="14719801" lat="21.0855515" lon="105.8118557"/>
 <node id="13432891620" visible="true" version="1" changeset="176870589" timestamp="2026-01-05T16:58:48Z" user="pepsi_max2k" uid="14719801" lat="21.0850063" lon="105.8121138"/>
 <node id="13432891621" visible="true" version="1" changeset="176870589" timestamp="2026-01-05T16:58:48Z" user="pepsi_max2k" uid="14719801" lat="21.0846286" lon="105.8116926"/>
 <node id="13432891623" visible="true" version="1" changeset="176870589" timestamp="2026-01-05T16:58:48Z" user="pepsi_max2k" uid="14719801" lat="21.0843390" lon="105.8128189"/>
 <node id="13432891624" visible="true" version="1" changeset="176870589" timestamp="2026-01-05T16:58:48Z" user="pepsi_max2k" uid="14719801" lat="21.0851223" lon="105.8111544"/>
 <node id="13432891625" visible="true" version="1" changeset="176870589" timestamp="2026-01-05T16:58:48Z" user="pepsi_max2k" uid="14719801" lat="21.0852762" lon="105.8092770"/>
 <node id="13432891626" visible="true" version="1" changeset="176870589" timestamp="2026-01-05T16:58:48Z" user="pepsi_max2k" uid="14719801" lat="21.0861504" lon="105.8085886"/>
 <node id="13432891627" visible="true" version="1" changeset="176870589" timestamp="2026-01-05T16:58:48Z" user="pepsi_max2k" uid="14719801" lat="21.0857800" lon="105.8075492"/>
 <node id="13432891628" visible="true" version="1" changeset="176870589" timestamp="2026-01-05T16:58:48Z" user="pepsi_max2k" uid="14719801" lat="21.0854344" lon="105.8077130"/>
 <node id="13432891629" visible="true" version="1" changeset="176870589" timestamp="2026-01-05T16:58:48Z" user="pepsi_max2k" uid="14719801" lat="21.0854905" lon="105.8070640"/>
 <node id="13457645699" visible="true" version="1" changeset="177252300" timestamp="2026-01-15T10:13:37Z" user="GrabVN_HHanh" uid="21825758" lat="21.0841263" lon="105.8084290"/>
 <node id="13528374390" visible="true" version="1" changeset="178173283" timestamp="2026-02-06T08:02:59Z" user="GrabVN_Lien" uid="13899214" lat="21.0845533" lon="105.8065299"/>
 <node id="13528374391" visible="true" version="1" changeset="178173283" timestamp="2026-02-06T08:02:59Z" user="GrabVN_Lien" uid="13899214" lat="21.0845969" lon="105.8065812"/>
 <node id="13528374392" visible="true" version="1" changeset="178173283" timestamp="2026-02-06T08:02:59Z" user="GrabVN_Lien" uid="13899214" lat="21.0847354" lon="105.8066260"/>
 <node id="13528374393" visible="true" version="1" changeset="178173283" timestamp="2026-02-06T08:02:59Z" user="GrabVN_Lien" uid="13899214" lat="21.0845068" lon="105.8064111"/>
 <node id="13528374394" visible="true" version="1" changeset="178173283" timestamp="2026-02-06T08:02:59Z" user="GrabVN_Lien" uid="13899214" lat="21.0846613" lon="105.8066065"/>
 <node id="13617014221" visible="true" version="2" changeset="182548532" timestamp="2026-05-12T10:47:15Z" user="GrabVN_HHanh" uid="21825758" lat="21.0823906" lon="105.8112120"/>
 <node id="13648986033" visible="true" version="1" changeset="179884412" timestamp="2026-03-15T06:17:39Z" user="Hung Tran 9x0" uid="20910140" lat="21.0860621" lon="105.8061842"/>
 <node id="13648986034" visible="true" version="1" changeset="179884412" timestamp="2026-03-15T06:17:39Z" user="Hung Tran 9x0" uid="20910140" lat="21.0857658" lon="105.8061547"/>
 <node id="13648986035" visible="true" version="1" changeset="179884412" timestamp="2026-03-15T06:17:39Z" user="Hung Tran 9x0" uid="20910140" lat="21.0852015" lon="105.8061009"/>
 <node id="13648986036" visible="true" version="1" changeset="179884412" timestamp="2026-03-15T06:17:39Z" user="Hung Tran 9x0" uid="20910140" lat="21.0849480" lon="105.8060780"/>
 <node id="13710060976" visible="true" version="1" changeset="180921675" timestamp="2026-04-06T02:43:30Z" user="inserteunnombreaqui" uid="22579655" lat="21.0841737" lon="105.8023529">
  <tag k="name" v="Phú Thượng"/>
  <tag k="place" v="suburb"/>
 </node>
 <node id="13820901423" visible="true" version="1" changeset="182548532" timestamp="2026-05-12T10:47:15Z" user="GrabVN_HHanh" uid="21825758" lat="21.0791070" lon="105.8094459"/>
 <node id="13820901424" visible="true" version="1" changeset="182548532" timestamp="2026-05-12T10:47:15Z" user="GrabVN_HHanh" uid="21825758" lat="21.0798372" lon="105.8095169"/>
 <node id="13820901425" visible="true" version="1" changeset="182548532" timestamp="2026-05-12T10:47:15Z" user="GrabVN_HHanh" uid="21825758" lat="21.0800460" lon="105.8096724"/>
 <node id="13820901426" visible="true" version="1" changeset="182548532" timestamp="2026-05-12T10:47:15Z" user="GrabVN_HHanh" uid="21825758" lat="21.0825189" lon="105.8099275"/>
 <node id="13820901427" visible="true" version="1" changeset="182548532" timestamp="2026-05-12T10:47:15Z" user="GrabVN_HHanh" uid="21825758" lat="21.0805360" lon="105.8100525"/>
 <node id="13820901428" visible="true" version="1" changeset="182548532" timestamp="2026-05-12T10:47:15Z" user="GrabVN_HHanh" uid="21825758" lat="21.0792924" lon="105.8099229"/>
 <node id="13820901429" visible="true" version="1" changeset="182548532" timestamp="2026-05-12T10:47:15Z" user="GrabVN_HHanh" uid="21825758" lat="21.0802245" lon="105.8100223"/>
 <node id="13820901430" visible="true" version="1" changeset="182548532" timestamp="2026-05-12T10:47:15Z" user="GrabVN_HHanh" uid="21825758" lat="21.0800874" lon="105.8115746"/>
 <node id="13820901431" visible="true" version="1" changeset="182548532" timestamp="2026-05-12T10:47:15Z" user="GrabVN_HHanh" uid="21825758" lat="21.0800311" lon="105.8116450"/>
 <node id="13820901432" visible="true" version="1" changeset="182548532" timestamp="2026-05-12T10:47:15Z" user="GrabVN_HHanh" uid="21825758" lat="21.0799591" lon="105.8116752"/>
 <node id="13820901433" visible="true" version="1" changeset="182548532" timestamp="2026-05-12T10:47:15Z" user="GrabVN_HHanh" uid="21825758" lat="21.0798653" lon="105.8116651"/>
 <node id="13820901434" visible="true" version="1" changeset="182548532" timestamp="2026-05-12T10:47:15Z" user="GrabVN_HHanh" uid="21825758" lat="21.0788067" lon="105.8112004"/>
 <node id="13820901435" visible="true" version="1" changeset="182548532" timestamp="2026-05-12T10:47:15Z" user="GrabVN_HHanh" uid="21825758" lat="21.0793553" lon="105.8097574"/>
 <node id="13820901436" visible="true" version="1" changeset="182548532" timestamp="2026-05-12T10:47:15Z" user="GrabVN_HHanh" uid="21825758" lat="21.0787422" lon="105.8113701"/>
 <node id="13820901437" visible="true" version="1" changeset="182548532" timestamp="2026-05-12T10:47:15Z" user="GrabVN_HHanh" uid="21825758" lat="21.0793663" lon="105.8099308"/>
 <node id="13820901438" visible="true" version="1" changeset="182548532" timestamp="2026-05-12T10:47:15Z" user="GrabVN_HHanh" uid="21825758" lat="21.0788706" lon="105.8112284"/>
 <node id="13820901439" visible="true" version="1" changeset="182548532" timestamp="2026-05-12T10:47:15Z" user="GrabVN_HHanh" uid="21825758" lat="21.0791268" lon="105.8105577"/>
 <node id="13820901440" visible="true" version="1" changeset="182548532" timestamp="2026-05-12T10:47:15Z" user="GrabVN_HHanh" uid="21825758" lat="21.0790622" lon="105.8105284"/>
 <node id="13820901441" visible="true" version="1" changeset="182548532" timestamp="2026-05-12T10:47:15Z" user="GrabVN_HHanh" uid="21825758" lat="21.0810772" lon="105.8097751"/>
 <node id="13820901442" visible="true" version="1" changeset="182548532" timestamp="2026-05-12T10:47:15Z" user="GrabVN_HHanh" uid="21825758" lat="21.0810348" lon="105.8103616"/>
 <node id="13820901443" visible="true" version="1" changeset="182548532" timestamp="2026-05-12T10:47:15Z" user="GrabVN_HHanh" uid="21825758" lat="21.0807639" lon="105.8104152"/>
 <node id="13820901444" visible="true" version="1" changeset="182548532" timestamp="2026-05-12T10:47:15Z" user="GrabVN_HHanh" uid="21825758" lat="21.0804431" lon="105.8110270"/>
 <node id="13820901445" visible="true" version="1" changeset="182548532" timestamp="2026-05-12T10:47:15Z" user="GrabVN_HHanh" uid="21825758" lat="21.0816208" lon="105.8111193"/>
 <node id="13820901446" visible="true" version="1" changeset="182548532" timestamp="2026-05-12T10:47:15Z" user="GrabVN_HHanh" uid="21825758" lat="21.0813940" lon="105.8109400"/>
 <node id="13820901447" visible="true" version="1" changeset="182548532" timestamp="2026-05-12T10:47:15Z" user="GrabVN_HHanh" uid="21825758" lat="21.0813689" lon="105.8108930"/>
 <node id="13820901448" visible="true" version="1" changeset="182548532" timestamp="2026-05-12T10:47:15Z" user="GrabVN_HHanh" uid="21825758" lat="21.0813674" lon="105.8108394"/>
 <node id="13820901449" visible="true" version="1" changeset="182548532" timestamp="2026-05-12T10:47:15Z" user="GrabVN_HHanh" uid="21825758" lat="21.0814362" lon="105.8106131"/>
 <node id="13820901450" visible="true" version="1" changeset="182548532" timestamp="2026-05-12T10:47:15Z" user="GrabVN_HHanh" uid="21825758" lat="21.0821579" lon="105.8111840">
  <tag k="barrier" v="yes"/>
 </node>
 <node id="13820901451" visible="true" version="1" changeset="182548532" timestamp="2026-05-12T10:47:15Z" user="GrabVN_HHanh" uid="21825758" lat="21.0810897" lon="105.8103960">
  <tag k="barrier" v="yes"/>
 </node>
 <node id="13820901452" visible="true" version="1" changeset="182548532" timestamp="2026-05-12T10:47:15Z" user="GrabVN_HHanh" uid="21825758" lat="21.0811608" lon="105.8097840">
  <tag k="barrier" v="yes"/>
 </node>
 <node id="13820901453" visible="true" version="1" changeset="182548532" timestamp="2026-05-12T10:47:15Z" user="GrabVN_HHanh" uid="21825758" lat="21.0814008" lon="105.8120404"/>
 <node id="13820901454" visible="true" version="1" changeset="182548532" timestamp="2026-05-12T10:47:15Z" user="GrabVN_HHanh" uid="21825758" lat="21.0804222" lon="105.8112648"/>
 <way id="73754577" visible="true" version="24" changeset="163077382" timestamp="2025-03-01T07:59:35Z" user="Tewuzij" uid="16194143">
  <nd ref="1494240713"/>
  <nd ref="6603145880"/>
  <nd ref="1494241209"/>
  <nd ref="1494242595"/>
  <tag k="highway" v="tertiary"/>
  <tag k="lit" v="yes"/>
  <tag k="maxspeed" v="35"/>
  <tag k="name" v="Main Street"/>
  <tag k="oneway" v="yes"/>
  <tag k="surface" v="asphalt"/>
 </way>
 <way id="73814334" visible="true" version="21" changeset="162765677" timestamp="2025-02-21T06:02:23Z" user="ZioDragon" uid="13799024">
  <nd ref="1399816835"/>
  <nd ref="6597531059"/>
  <nd ref="1494903703"/>
  <nd ref="8831123250"/>
  <nd ref="6591771842"/>
  <nd ref="5686565537"/>
  <nd ref="5686565533"/>
  <nd ref="11250453945"/>
  <nd ref="11031486479"/>
  <nd ref="9875165601"/>
  <nd ref="11250395831"/>
  <nd ref="11140750402"/>
  <nd ref="873571789"/>
  <tag k="highway" v="tertiary"/>
  <tag k="lit" v="yes"/>
  <tag k="name" v="Promenade Road"/>
  <tag k="oneway" v="yes"/>
  <tag k="surface" v="asphalt"/>
 </way>
 <way id="116786031" visible="true" version="82" changeset="183734940" timestamp="2026-06-06T12:23:53Z" user="vietnam321" uid="11196308">
  <nd ref="7904325975"/>
  <nd ref="5686444962"/>
  <nd ref="1315816515"/>
  <nd ref="1315816505"/>
  <nd ref="6603247220"/>
  <nd ref="1494903910"/>
  <nd ref="5529509714"/>
  <nd ref="6413743525"/>
  <nd ref="6413743514"/>
  <nd ref="6413743519"/>
  <nd ref="6413743524"/>
  <nd ref="6413743513"/>
  <nd ref="6413743518"/>
  <nd ref="8332866552"/>
  <nd ref="6413743523"/>
  <nd ref="6413743512"/>
  <nd ref="6413747374"/>
  <nd ref="6413747376"/>
  <nd ref="8332872810"/>
  <nd ref="6413747372"/>
  <nd ref="6597586072"/>
  <nd ref="1315816507"/>
  <nd ref="6413764003"/>
  <nd ref="8784681228"/>
  <nd ref="6413764004"/>
  <nd ref="6413763991"/>
  <nd ref="1315816509"/>
  <nd ref="1315816514"/>
  <nd ref="1315816522"/>
  <nd ref="6597077261"/>
  <nd ref="12666123368"/>
  <nd ref="12666123365"/>
  <nd ref="6597077254"/>
  <nd ref="11729829552"/>
  <nd ref="1494237930"/>
  <tag k="highway" v="secondary"/>
  <tag k="lanes" v="2"/>
  <tag k="lit" v="yes"/>
  <tag k="name" v="Đường Nguyễn Hoàng Tôn"/>
  <tag k="name:en" v="Nguyen Hoang Ton Road"/>
  <tag k="name:etymology:wikidata" v="Q10799103"/>
  <tag k="surface" v="asphalt"/>
 </way>
 <way id="116822472" visible="true" version="14" changeset="181565192" timestamp="2026-04-20T06:02:53Z" user="GrabVN_HHanh" uid="21825758">
  <nd ref="1315816507"/>
  <nd ref="12706764410"/>
  <nd ref="8292737819"/>
  <nd ref="6616673348"/>
  <nd ref="8333068215"/>
  <nd ref="1316132634"/>
  <nd ref="1316132631"/>
  <nd ref="8831977106"/>
  <nd ref="5686775404"/>
  <nd ref="8333053394"/>
  <nd ref="5686775401"/>
  <nd ref="1316132615"/>
  <nd ref="1315816867"/>
  <tag k="highway" v="residential"/>
  <tag k="name" v="Ngõ 408 Đường Xuân Đỉnh"/>
  <tag k="surface" v="asphalt"/>
 </way>
 <way id="136184154" visible="true" version="9" changeset="151800889" timestamp="2024-05-25T09:00:22Z" user="phoenixsaigon1698" uid="3323343">
  <nd ref="1494243463"/>
  <nd ref="1494243160"/>
  <nd ref="1494242640"/>
  <nd ref="1494242598"/>
  <nd ref="1494242581"/>
  <nd ref="1494241225"/>
  <nd ref="1494240940"/>
  <nd ref="1494241221"/>
  <tag k="highway" v="residential"/>
 </way>
 <way id="136184167" visible="true" version="8" changeset="151800889" timestamp="2024-05-25T09:00:22Z" user="phoenixsaigon1698" uid="3323343">
  <nd ref="1494242598"/>
  <nd ref="6603163390"/>
  <nd ref="9014423074"/>
  <nd ref="1494241209"/>
  <tag k="highway" v="residential"/>
  <tag k="surface" v="asphalt"/>
 </way>
 <way id="136184170" visible="true" version="5" changeset="151800889" timestamp="2024-05-25T09:00:22Z" user="phoenixsaigon1698" uid="3323343">
  <nd ref="1494242938"/>
  <nd ref="11932600498"/>
  <nd ref="1494242581"/>
  <tag k="highway" v="residential"/>
 </way>
 <way id="136184171" visible="true" version="5" changeset="151800889" timestamp="2024-05-25T09:00:22Z" user="phoenixsaigon1698" uid="3323343">
  <nd ref="1494243074"/>
  <nd ref="1494242640"/>
  <tag k="highway" v="residential"/>
 </way>
 <way id="136184174" visible="true" version="10" changeset="163077382" timestamp="2025-03-01T07:59:49Z" user="Tewuzij" uid="16194143">
  <nd ref="9005146800"/>
  <nd ref="6603163391"/>
  <nd ref="1494243160"/>
  <nd ref="1494243465"/>
  <tag k="highway" v="residential"/>
  <tag k="lit" v="yes"/>
  <tag k="name" v="Pineapple Lane"/>
  <tag k="surface" v="asphalt"/>
 </way>
 <way id="136184184" visible="true" version="6" changeset="151800889" timestamp="2024-05-25T09:00:22Z" user="phoenixsaigon1698" uid="3323343">
  <nd ref="1494243493"/>
  <nd ref="1494243463"/>
  <tag k="highway" v="residential"/>
 </way>
 <way id="136184218" visible="true" version="13" changeset="163077382" timestamp="2025-03-01T07:59:41Z" user="Tewuzij" uid="16194143">
  <nd ref="9005146728"/>
  <nd ref="6603163389"/>
  <nd ref="1494241225"/>
  <nd ref="1494242457"/>
  <tag k="highway" v="residential"/>
  <tag k="lit" v="yes"/>
  <tag k="name" v="Pomelo Line"/>
  <tag k="source" v="grab_hanoi_2018_t5"/>
  <tag k="surface" v="asphalt"/>
 </way>
 <way id="136184222" visible="true" version="17" changeset="163077382" timestamp="2025-03-01T08:00:04Z" user="Tewuzij" uid="16194143">
  <nd ref="319522440"/>
  <nd ref="3222781915"/>
  <nd ref="9377492261"/>
  <nd ref="9377492264"/>
  <nd ref="9260497985"/>
  <nd ref="3222781914"/>
  <nd ref="319522402"/>
  <tag k="highway" v="residential"/>
  <tag k="lit" v="yes"/>
  <tag k="name" v="Singapore Road"/>
  <tag k="oneway" v="yes"/>
  <tag k="surface" v="asphalt"/>
 </way>
 <way id="136184257" visible="true" version="3" changeset="165176642" timestamp="2025-04-20T03:46:38Z" user="vietnam321" uid="11196308">
  <nd ref="1494243056"/>
  <nd ref="1494242789"/>
  <nd ref="1494242650"/>
  <nd ref="1494242672"/>
  <nd ref="1494243056"/>
  <tag k="building" v="yes"/>
 </way>
 <way id="136184283" visible="true" version="3" changeset="110868313" timestamp="2021-09-07T16:04:06Z" user="Robert Knobloch" uid="11928550">
  <nd ref="1494241433"/>
  <nd ref="1494241385"/>
  <nd ref="1494241198"/>
  <nd ref="1494241254"/>
  <nd ref="1494241433"/>
  <tag k="building" v="yes"/>
 </way>
 <way id="136184287" visible="true" version="3" changeset="165176642" timestamp="2025-04-20T03:46:38Z" user="vietnam321" uid="11196308">
  <nd ref="1494243041"/>
  <nd ref="1494242756"/>
  <nd ref="1494242661"/>
  <nd ref="1494242676"/>
  <nd ref="1494243041"/>
  <tag k="building" v="yes"/>
 </way>
 <way id="136184330" visible="true" version="1" changeset="9765574" timestamp="2011-11-07T15:27:07Z" user="ninomax" uid="47976">
  <nd ref="1494242559"/>
  <nd ref="1494242267"/>
  <nd ref="1494241915"/>
  <nd ref="1494242048"/>
  <nd ref="1494242559"/>
  <tag k="building" v="yes"/>
 </way>
 <way id="136184335" visible="true" version="1" changeset="9765574" timestamp="2011-11-07T15:27:09Z" user="ninomax" uid="47976">
  <nd ref="1494241430"/>
  <nd ref="1494241329"/>
  <nd ref="1494241180"/>
  <nd ref="1494241203"/>
  <nd ref="1494241430"/>
  <tag k="building" v="yes"/>
 </way>
 <way id="136184343" visible="true" version="3" changeset="165176642" timestamp="2025-04-20T03:46:38Z" user="vietnam321" uid="11196308">
  <nd ref="1494242882"/>
  <nd ref="1494242702"/>
  <nd ref="1494242648"/>
  <nd ref="1494242664"/>
  <nd ref="1494242882"/>
  <tag k="building" v="yes"/>
 </way>
 <way id="136184345" visible="true" version="3" changeset="165176642" timestamp="2025-04-20T03:46:38Z" user="vietnam321" uid="11196308">
  <nd ref="1494243472"/>
  <nd ref="1494243487"/>
  <nd ref="1494243475"/>
  <nd ref="1494243464"/>
  <nd ref="1494243472"/>
  <tag k="building" v="yes"/>
 </way>
 <way id="136184348" visible="true" version="3" changeset="165176642" timestamp="2025-04-20T03:46:38Z" user="vietnam321" uid="11196308">
  <nd ref="1494242633"/>
  <nd ref="1494242596"/>
  <nd ref="1494242233"/>
  <nd ref="1494242527"/>
  <nd ref="1494242633"/>
  <tag k="building" v="yes"/>
 </way>
 <way id="136184353" visible="true" version="1" changeset="9765574" timestamp="2011-11-07T15:27:23Z" user="ninomax" uid="47976">
  <nd ref="1494241102"/>
  <nd ref="1494241015"/>
  <nd ref="1494240914"/>
  <nd ref="1494240954"/>
  <nd ref="1494241102"/>
  <tag k="building" v="yes"/>
 </way>
 <way id="136184355" visible="true" version="1" changeset="9765574" timestamp="2011-11-07T15:27:25Z" user="ninomax" uid="47976">
  <nd ref="1494240920"/>
  <nd ref="1494240883"/>
  <nd ref="1494240646"/>
  <nd ref="1494240783"/>
  <nd ref="1494240920"/>
  <tag k="building" v="yes"/>
 </way>
 <way id="136184356" visible="true" version="1" changeset="9765574" timestamp="2011-11-07T15:27:26Z" user="ninomax" uid="47976">
  <nd ref="1494240962"/>
  <nd ref="1494240915"/>
  <nd ref="1494240715"/>
  <nd ref="1494240830"/>
  <nd ref="1494240962"/>
  <tag k="building" v="yes"/>
 </way>
 <way id="136184364" visible="true" version="3" changeset="165176642" timestamp="2025-04-20T03:46:38Z" user="vietnam321" uid="11196308">
  <nd ref="1494243164"/>
  <nd ref="1494243144"/>
  <nd ref="1494243000"/>
  <nd ref="1494243063"/>
  <nd ref="1494243164"/>
  <tag k="building" v="yes"/>
 </way>
 <way id="136184365" visible="true" version="3" changeset="165176642" timestamp="2025-04-20T03:46:38Z" user="vietnam321" uid="11196308">
  <nd ref="1494242649"/>
  <nd ref="1494242644"/>
  <nd ref="1494242580"/>
  <nd ref="1494242594"/>
  <nd ref="1494242649"/>
  <tag k="building" v="yes"/>
 </way>
 <way id="136184372" visible="true" version="1" changeset="9765574" timestamp="2011-11-07T15:27:31Z" user="ninomax" uid="47976">
  <nd ref="1494242593"/>
  <nd ref="1494242579"/>
  <nd ref="1494242045"/>
  <nd ref="1494242210"/>
  <nd ref="1494242593"/>
  <tag k="building" v="yes"/>
 </way>
 <way id="136184373" visible="true" version="3" changeset="165176642" timestamp="2025-04-20T03:46:38Z" user="vietnam321" uid="11196308">
  <nd ref="1494242468"/>
  <nd ref="1494242047"/>
  <nd ref="1494241475"/>
  <nd ref="1494241856"/>
  <nd ref="1494242468"/>
  <tag k="building" v="yes"/>
 </way>
 <way id="136184375" visible="true" version="3" changeset="165176642" timestamp="2025-04-20T03:46:38Z" user="vietnam321" uid="11196308">
  <nd ref="1494243025"/>
  <nd ref="1494242837"/>
  <nd ref="1494242670"/>
  <nd ref="1494242725"/>
  <nd ref="1494243025"/>
  <tag k="building" v="yes"/>
 </way>
 <way id="136184381" visible="true" version="1" changeset="9765574" timestamp="2011-11-07T15:27:40Z" user="ninomax" uid="47976">
  <nd ref="1494242621"/>
  <nd ref="1494242588"/>
  <nd ref="1494242500"/>
  <nd ref="1494242582"/>
  <nd ref="1494242621"/>
  <tag k="building" v="yes"/>
 </way>
 <way id="136184383" visible="true" version="3" changeset="165176642" timestamp="2025-04-20T03:46:38Z" user="vietnam321" uid="11196308">
  <nd ref="1494242596"/>
  <nd ref="1494242583"/>
  <nd ref="1494242046"/>
  <nd ref="1494242233"/>
  <nd ref="1494242596"/>
  <tag k="building" v="yes"/>
 </way>
 <way id="136184385" visible="true" version="3" changeset="165176642" timestamp="2025-04-20T03:46:38Z" user="vietnam321" uid="11196308">
  <nd ref="1494243076"/>
  <nd ref="1494243056"/>
  <nd ref="1494242672"/>
  <nd ref="1494242727"/>
  <nd ref="1494243076"/>
  <tag k="building" v="yes"/>
 </way>
 <way id="136184387" visible="true" version="1" changeset="9765574" timestamp="2011-11-07T15:27:51Z" user="ninomax" uid="47976">
  <nd ref="1494241105"/>
  <nd ref="1494241012"/>
  <nd ref="1494240904"/>
  <nd ref="1494240953"/>
  <nd ref="1494241105"/>
  <tag k="building" v="yes"/>
 </way>
 <way id="136184388" visible="true" version="1" changeset="9765574" timestamp="2011-11-07T15:27:52Z" user="ninomax" uid="47976">
  <nd ref="1494240584"/>
  <nd ref="1494240880"/>
  <nd ref="1494240826"/>
  <nd ref="1494240573"/>
  <nd ref="1494240584"/>
  <tag k="building" v="yes"/>
 </way>
 <way id="136184389" visible="true" version="4" changeset="165176642" timestamp="2025-04-20T03:46:38Z" user="vietnam321" uid="11196308">
  <nd ref="1494242677"/>
  <nd ref="1494242667"/>
  <nd ref="1494242612"/>
  <nd ref="3221325475"/>
  <nd ref="1494242645"/>
  <nd ref="1494242677"/>
  <tag k="building" v="yes"/>
 </way>
 <way id="136184390" visible="true" version="1" changeset="9765574" timestamp="2011-11-07T15:27:55Z" user="ninomax" uid="47976">
  <nd ref="1494242646"/>
  <nd ref="1494242613"/>
  <nd ref="1494242542"/>
  <nd ref="1494242585"/>
  <nd ref="1494242646"/>
  <tag k="building" v="yes"/>
 </way>
 <way id="136184391" visible="true" version="3" changeset="165176642" timestamp="2025-04-20T03:46:38Z" user="vietnam321" uid="11196308">
  <nd ref="1494243069"/>
  <nd ref="1494243041"/>
  <nd ref="1494242676"/>
  <nd ref="1494242735"/>
  <nd ref="1494243069"/>
  <tag k="building" v="yes"/>
 </way>
 <way id="136184396" visible="true" version="1" changeset="9765574" timestamp="2011-11-07T15:28:01Z" user="ninomax" uid="47976">
  <nd ref="1494241432"/>
  <nd ref="1494241402"/>
  <nd ref="1494241173"/>
  <nd ref="1494241199"/>
  <nd ref="1494241432"/>
  <tag k="building" v="yes"/>
 </way>
 <way id="136184397" visible="true" version="3" changeset="165176642" timestamp="2025-04-20T03:46:38Z" user="vietnam321" uid="11196308">
  <nd ref="1494242837"/>
  <nd ref="1494242679"/>
  <nd ref="1494242665"/>
  <nd ref="1494242670"/>
  <nd ref="1494242837"/>
  <tag k="building" v="yes"/>
 </way>
 <way id="136184412" visible="true" version="1" changeset="9765574" timestamp="2011-11-07T15:28:16Z" user="ninomax" uid="47976">
  <nd ref="1494242588"/>
  <nd ref="1494242559"/>
  <nd ref="1494242048"/>
  <nd ref="1494242500"/>
  <nd ref="1494242588"/>
  <tag k="building" v="yes"/>
 </way>
 <way id="136184415" visible="true" version="3" changeset="165176642" timestamp="2025-04-20T03:46:38Z" user="vietnam321" uid="11196308">
  <nd ref="1494243026"/>
  <nd ref="1494242882"/>
  <nd ref="1494242664"/>
  <nd ref="1494242669"/>
  <nd ref="1494243026"/>
  <tag k="building" v="yes"/>
 </way>
 <way id="136184416" visible="true" version="3" changeset="165176642" timestamp="2025-04-20T03:46:38Z" user="vietnam321" uid="11196308">
  <nd ref="1494243473"/>
  <nd ref="1494243471"/>
  <nd ref="1494243348"/>
  <nd ref="1494243399"/>
  <nd ref="1494243473"/>
  <tag k="building" v="yes"/>
 </way>
 <way id="136184417" visible="true" version="3" changeset="165176642" timestamp="2025-04-20T03:46:38Z" user="vietnam321" uid="11196308">
  <nd ref="1494243351"/>
  <nd ref="1494243472"/>
  <nd ref="1494243464"/>
  <nd ref="1494243345"/>
  <nd ref="1494243351"/>
  <tag k="building" v="yes"/>
 </way>
 <way id="136184419" visible="true" version="3" changeset="165176642" timestamp="2025-04-20T03:46:38Z" user="vietnam321" uid="11196308">
  <nd ref="1494242647"/>
  <nd ref="1494242633"/>
  <nd ref="1494242527"/>
  <nd ref="1494242584"/>
  <nd ref="1494242647"/>
  <tag k="building" v="yes"/>
 </way>
 <way id="136184430" visible="true" version="1" changeset="9765574" timestamp="2011-11-07T15:28:27Z" user="ninomax" uid="47976">
  <nd ref="1494241132"/>
  <nd ref="1494241102"/>
  <nd ref="1494240954"/>
  <nd ref="1494240995"/>
  <nd ref="1494241132"/>
  <tag k="building" v="yes"/>
 </way>
 <way id="136184447" visible="true" version="1" changeset="9765574" timestamp="2011-11-07T15:28:29Z" user="ninomax" uid="47976">
  <nd ref="1494240956"/>
  <nd ref="1494240920"/>
  <nd ref="1494240783"/>
  <nd ref="1494240828"/>
  <nd ref="1494240956"/>
  <tag k="building" v="yes"/>
 </way>
 <way id="136184453" visible="true" version="1" changeset="9765574" timestamp="2011-11-07T15:28:31Z" user="ninomax" uid="47976">
  <nd ref="1494241012"/>
  <nd ref="1494240962"/>
  <nd ref="1494240830"/>
  <nd ref="1494240904"/>
  <nd ref="1494241012"/>
  <tag k="building" v="yes"/>
 </way>
 <way id="136184455" visible="true" version="3" changeset="165176642" timestamp="2025-04-20T03:46:38Z" user="vietnam321" uid="11196308">
  <nd ref="1494243172"/>
  <nd ref="1494243164"/>
  <nd ref="1494243063"/>
  <nd ref="1494243078"/>
  <nd ref="1494243172"/>
  <tag k="building" v="yes"/>
 </way>
 <way id="136184459" visible="true" version="3" changeset="165176642" timestamp="2025-04-20T03:46:38Z" user="vietnam321" uid="11196308">
  <nd ref="1494242667"/>
  <nd ref="1494242649"/>
  <nd ref="1494242594"/>
  <nd ref="1494242612"/>
  <nd ref="1494242667"/>
  <tag k="building" v="yes"/>
 </way>
 <way id="136184467" visible="true" version="1" changeset="9765574" timestamp="2011-11-07T15:28:37Z" user="ninomax" uid="47976">
  <nd ref="1494242613"/>
  <nd ref="1494242593"/>
  <nd ref="1494242210"/>
  <nd ref="1494242542"/>
  <nd ref="1494242613"/>
  <tag k="building" v="yes"/>
 </way>
 <way id="136184468" visible="true" version="3" changeset="165176642" timestamp="2025-04-20T03:46:38Z" user="vietnam321" uid="11196308">
  <nd ref="1494242577"/>
  <nd ref="1494242468"/>
  <nd ref="1494241856"/>
  <nd ref="1494242039"/>
  <nd ref="1494242577"/>
  <tag k="building" v="yes"/>
 </way>
 <way id="136184470" visible="true" version="3" changeset="165176642" timestamp="2025-04-20T03:46:38Z" user="vietnam321" uid="11196308">
  <nd ref="1494243064"/>
  <nd ref="1494243025"/>
  <nd ref="1494242725"/>
  <nd ref="1494242920"/>
  <nd ref="1494243064"/>
  <tag k="building" v="yes"/>
 </way>
 <way id="136184483" visible="true" version="1" changeset="9765574" timestamp="2011-11-07T15:28:44Z" user="ninomax" uid="47976">
  <nd ref="1494240794"/>
  <nd ref="1494240614"/>
  <nd ref="1494240533"/>
  <nd ref="1494240572"/>
  <nd ref="1494240794"/>
  <tag k="building" v="yes"/>
 </way>
 <way id="136184536" visible="true" version="3" changeset="165176642" timestamp="2025-04-20T03:46:38Z" user="vietnam321" uid="11196308">
  <nd ref="1494243161"/>
  <nd ref="1494243076"/>
  <nd ref="1494242727"/>
  <nd ref="1494243055"/>
  <nd ref="1494243161"/>
  <tag k="building" v="yes"/>
 </way>
 <way id="136184552" visible="true" version="1" changeset="9765574" timestamp="2011-11-07T15:28:52Z" user="ninomax" uid="47976">
  <nd ref="1494241966"/>
  <nd ref="1494241719"/>
  <nd ref="1494241367"/>
  <nd ref="1494241439"/>
  <nd ref="1494241966"/>
  <tag k="building" v="yes"/>
 </way>
 <way id="136184586" visible="true" version="1" changeset="9765574" timestamp="2011-11-07T15:28:57Z" user="ninomax" uid="47976">
  <nd ref="1494241171"/>
  <nd ref="1494241105"/>
  <nd ref="1494240953"/>
  <nd ref="1494241001"/>
  <nd ref="1494241171"/>
  <tag k="building" v="yes"/>
 </way>
 <way id="136184597" visible="true" version="1" changeset="9765574" timestamp="2011-11-07T15:28:59Z" user="ninomax" uid="47976">
  <nd ref="1494242662"/>
  <nd ref="1494242646"/>
  <nd ref="1494242585"/>
  <nd ref="1494242610"/>
  <nd ref="1494242662"/>
  <tag k="building" v="yes"/>
 </way>
 <way id="136184602" visible="true" version="3" changeset="165176642" timestamp="2025-04-20T03:46:38Z" user="vietnam321" uid="11196308">
  <nd ref="1494243146"/>
  <nd ref="1494243069"/>
  <nd ref="1494242735"/>
  <nd ref="1494243028"/>
  <nd ref="1494243146"/>
  <tag k="building" v="yes"/>
 </way>
 <way id="136184605" visible="true" version="1" changeset="9765574" timestamp="2011-11-07T15:29:01Z" user="ninomax" uid="47976">
  <nd ref="1494241469"/>
  <nd ref="1494241432"/>
  <nd ref="1494241199"/>
  <nd ref="1494241292"/>
  <nd ref="1494241469"/>
  <tag k="building" v="yes"/>
 </way>
 <way id="136184625" visible="true" version="3" changeset="165176642" timestamp="2025-04-20T03:46:38Z" user="vietnam321" uid="11196308">
  <nd ref="1494243496"/>
  <nd ref="1494243492"/>
  <nd ref="1494243488"/>
  <nd ref="1494243490"/>
  <nd ref="1494243496"/>
  <tag k="building" v="yes"/>
 </way>
 <way id="136184636" visible="true" version="1" changeset="9765574" timestamp="2011-11-07T15:29:10Z" user="ninomax" uid="47976">
  <nd ref="1494241754"/>
  <nd ref="1494241472"/>
  <nd ref="1494241422"/>
  <nd ref="1494241445"/>
  <nd ref="1494241754"/>
  <tag k="building" v="yes"/>
 </way>
 <way id="136184653" visible="true" version="3" changeset="165176642" timestamp="2025-04-20T03:46:38Z" user="vietnam321" uid="11196308">
  <nd ref="1494243066"/>
  <nd ref="1494243026"/>
  <nd ref="1494242669"/>
  <nd ref="1494242724"/>
  <nd ref="1494243066"/>
  <tag k="building" v="yes"/>
 </way>
 <way id="136184655" visible="true" version="4" changeset="165176642" timestamp="2025-04-20T03:46:38Z" user="vietnam321" uid="11196308">
  <nd ref="1494243486"/>
  <nd ref="1494243473"/>
  <nd ref="1494243399"/>
  <nd ref="11123474328"/>
  <nd ref="1494243486"/>
  <tag k="building" v="yes"/>
 </way>
 <way id="136184665" visible="true" version="3" changeset="165176642" timestamp="2025-04-20T03:46:38Z" user="vietnam321" uid="11196308">
  <nd ref="1494242663"/>
  <nd ref="1494242647"/>
  <nd ref="1494242584"/>
  <nd ref="1494242597"/>
  <nd ref="1494242663"/>
  <tag k="building" v="yes"/>
 </way>
 <way id="136184669" visible="true" version="3" changeset="165176642" timestamp="2025-04-20T03:46:38Z" user="vietnam321" uid="11196308">
  <nd ref="1494243331"/>
  <nd ref="1494243174"/>
  <nd ref="1494243075"/>
  <nd ref="1494243155"/>
  <nd ref="1494243331"/>
  <tag k="building" v="yes"/>
 </way>
 <way id="136184673" visible="true" version="1" changeset="9765574" timestamp="2011-11-07T15:29:24Z" user="ninomax" uid="47976">
  <nd ref="1494241719"/>
  <nd ref="1494241444"/>
  <nd ref="1494241200"/>
  <nd ref="1494241367"/>
  <nd ref="1494241719"/>
  <tag k="building" v="yes"/>
 </way>
 <way id="136184676" visible="true" version="1" changeset="9765574" timestamp="2011-11-07T15:29:25Z" user="ninomax" uid="47976">
  <nd ref="1494241193"/>
  <nd ref="1494241132"/>
  <nd ref="1494240995"/>
  <nd ref="1494241078"/>
  <nd ref="1494241193"/>
  <tag k="building" v="yes"/>
 </way>
 <way id="136184681" visible="true" version="3" changeset="165176642" timestamp="2025-04-20T03:46:38Z" user="vietnam321" uid="11196308">
  <nd ref="1494243328"/>
  <nd ref="1494243172"/>
  <nd ref="1494243078"/>
  <nd ref="1494243148"/>
  <nd ref="1494243328"/>
  <tag k="building" v="yes"/>
 </way>
 <way id="136184684" visible="true" version="3" changeset="165176642" timestamp="2025-04-20T03:46:38Z" user="vietnam321" uid="11196308">
  <nd ref="1494243138"/>
  <nd ref="1494243065"/>
  <nd ref="1494242726"/>
  <nd ref="1494242960"/>
  <nd ref="1494243138"/>
  <tag k="building" v="yes"/>
 </way>
 <way id="136184689" visible="true" version="1" changeset="9765574" timestamp="2011-11-07T15:29:32Z" user="ninomax" uid="47976">
  <nd ref="1494240809"/>
  <nd ref="1494240625"/>
  <nd ref="1494240524"/>
  <nd ref="1494240536"/>
  <nd ref="1494240809"/>
  <tag k="building" v="yes"/>
 </way>
 <way id="136184694" visible="true" version="3" changeset="165176642" timestamp="2025-04-20T03:46:38Z" user="vietnam321" uid="11196308">
  <nd ref="1494242586"/>
  <nd ref="1494242577"/>
  <nd ref="1494242039"/>
  <nd ref="1494242167"/>
  <nd ref="1494242586"/>
  <tag k="building" v="yes"/>
 </way>
 <way id="136184698" visible="true" version="3" changeset="165176642" timestamp="2025-04-20T03:46:38Z" user="vietnam321" uid="11196308">
  <nd ref="1494243251"/>
  <nd ref="1494243168"/>
  <nd ref="1494243068"/>
  <nd ref="1494243145"/>
  <nd ref="1494243251"/>
  <tag k="building" v="yes"/>
 </way>
 <way id="136184704" visible="true" version="3" changeset="165176642" timestamp="2025-04-20T03:46:38Z" user="vietnam321" uid="11196308">
  <nd ref="1494243114"/>
  <nd ref="1494243064"/>
  <nd ref="1494242920"/>
  <nd ref="1494243042"/>
  <nd ref="1494243114"/>
  <tag k="building" v="yes"/>
 </way>
 <way id="136184722" visible="true" version="1" changeset="9765574" timestamp="2011-11-07T15:29:40Z" user="ninomax" uid="47976">
  <nd ref="1494240862"/>
  <nd ref="1494240794"/>
  <nd ref="1494240572"/>
  <nd ref="1494240704"/>
  <nd ref="1494240862"/>
  <tag k="building" v="yes"/>
 </way>
 <way id="136184725" visible="true" version="1" changeset="9765574" timestamp="2011-11-07T15:29:41Z" user="ninomax" uid="47976">
  <nd ref="1494241454"/>
  <nd ref="1494241430"/>
  <nd ref="1494241203"/>
  <nd ref="1494241311"/>
  <nd ref="1494241454"/>
  <tag k="building" v="yes"/>
 </way>
 <way id="136184741" visible="true" version="3" changeset="165176642" timestamp="2025-04-20T03:46:38Z" user="vietnam321" uid="11196308">
  <nd ref="1494243174"/>
  <nd ref="1494243161"/>
  <nd ref="1494243055"/>
  <nd ref="1494243075"/>
  <nd ref="1494243174"/>
  <tag k="building" v="yes"/>
 </way>
 <way id="136184780" visible="true" version="4" changeset="165176642" timestamp="2025-04-20T03:46:38Z" user="vietnam321" uid="11196308">
  <nd ref="1494242673"/>
  <nd ref="1494242652"/>
  <nd ref="11123474329"/>
  <nd ref="1494242639"/>
  <nd ref="1494242673"/>
  <tag k="building" v="yes"/>
 </way>
 <way id="136184784" visible="true" version="1" changeset="9765574" timestamp="2011-11-07T15:29:49Z" user="ninomax" uid="47976">
  <nd ref="1494242296"/>
  <nd ref="1494241966"/>
  <nd ref="1494241439"/>
  <nd ref="1494241585"/>
  <nd ref="1494242296"/>
  <tag k="building" v="yes"/>
 </way>
 <way id="136184787" visible="true" version="1" changeset="9765574" timestamp="2011-11-07T15:29:50Z" user="ninomax" uid="47976">
  <nd ref="1494241411"/>
  <nd ref="1494241273"/>
  <nd ref="1494241113"/>
  <nd ref="1494241181"/>
  <nd ref="1494241411"/>
  <tag k="building" v="yes"/>
 </way>
 <way id="136184791" visible="true" version="1" changeset="9765574" timestamp="2011-11-07T15:29:51Z" user="ninomax" uid="47976">
  <nd ref="1494241110"/>
  <nd ref="1494241021"/>
  <nd ref="1494240958"/>
  <nd ref="1494240996"/>
  <nd ref="1494241110"/>
  <tag k="building" v="yes"/>
 </way>
 <way id="136184794" visible="true" version="3" changeset="165176642" timestamp="2025-04-20T03:46:38Z" user="vietnam321" uid="11196308">
  <nd ref="1494243170"/>
  <nd ref="1494243163"/>
  <nd ref="1494243062"/>
  <nd ref="1494243098"/>
  <nd ref="1494243170"/>
  <tag k="building" v="yes"/>
 </way>
 <way id="136184796" visible="true" version="3" changeset="165176642" timestamp="2025-04-20T03:46:38Z" user="vietnam321" uid="11196308">
  <nd ref="1494242671"/>
  <nd ref="1494242662"/>
  <nd ref="1494242610"/>
  <nd ref="1494242641"/>
  <nd ref="1494242671"/>
  <tag k="building" v="yes"/>
 </way>
 <way id="136184799" visible="true" version="3" changeset="165176642" timestamp="2025-04-20T03:46:38Z" user="vietnam321" uid="11196308">
  <nd ref="1494243168"/>
  <nd ref="1494243146"/>
  <nd ref="1494243028"/>
  <nd ref="1494243068"/>
  <nd ref="1494243168"/>
  <tag k="building" v="yes"/>
 </way>
 <way id="136184801" visible="true" version="1" changeset="9765574" timestamp="2011-11-07T15:29:54Z" user="ninomax" uid="47976">
  <nd ref="1494241501"/>
  <nd ref="1494241469"/>
  <nd ref="1494241292"/>
  <nd ref="1494241407"/>
  <nd ref="1494241501"/>
  <tag k="building" v="yes"/>
 </way>
 <way id="136184804" visible="true" version="3" changeset="165176642" timestamp="2025-04-20T03:46:38Z" user="vietnam321" uid="11196308">
  <nd ref="1494243520"/>
  <nd ref="1494243496"/>
  <nd ref="1494243490"/>
  <nd ref="1494243494"/>
  <nd ref="1494243520"/>
  <tag k="building" v="yes"/>
 </way>
 <way id="136184822" visible="true" version="3" changeset="165176642" timestamp="2025-04-20T03:46:38Z" user="vietnam321" uid="11196308">
  <nd ref="1494242668"/>
  <nd ref="1494242663"/>
  <nd ref="1494242597"/>
  <nd ref="1494242634"/>
  <nd ref="1494242668"/>
  <tag k="building" v="yes"/>
 </way>
 <way id="136184827" visible="true" version="3" changeset="165176642" timestamp="2025-04-20T03:46:38Z" user="vietnam321" uid="11196308">
  <nd ref="1494243350"/>
  <nd ref="1494243331"/>
  <nd ref="1494243155"/>
  <nd ref="1494243173"/>
  <nd ref="1494243350"/>
  <tag k="building" v="yes"/>
 </way>
 <way id="136184832" visible="true" version="1" changeset="9765574" timestamp="2011-11-07T15:30:05Z" user="ninomax" uid="47976">
  <nd ref="1494241273"/>
  <nd ref="1494241193"/>
  <nd ref="1494241078"/>
  <nd ref="1494241113"/>
  <nd ref="1494241273"/>
  <tag k="building" v="yes"/>
 </way>
 <way id="136184853" visible="true" version="3" changeset="165176642" timestamp="2025-04-20T03:46:38Z" user="vietnam321" uid="11196308">
  <nd ref="1494243346"/>
  <nd ref="1494243328"/>
  <nd ref="1494243148"/>
  <nd ref="1494243166"/>
  <nd ref="1494243346"/>
  <tag k="building" v="yes"/>
 </way>
 <way id="136184855" visible="true" version="3" changeset="165176642" timestamp="2025-04-20T03:46:38Z" user="vietnam321" uid="11196308">
  <nd ref="1494243163"/>
  <nd ref="1494243138"/>
  <nd ref="1494242960"/>
  <nd ref="1494243062"/>
  <nd ref="1494243163"/>
  <tag k="building" v="yes"/>
 </way>
 <way id="136184857" visible="true" version="3" changeset="165176642" timestamp="2025-04-20T03:46:38Z" user="vietnam321" uid="11196308">
  <nd ref="1494243342"/>
  <nd ref="1494243251"/>
  <nd ref="1494243145"/>
  <nd ref="1494243167"/>
  <nd ref="1494243342"/>
  <tag k="building" v="yes"/>
 </way>
 <way id="136184862" visible="true" version="1" changeset="9765574" timestamp="2011-11-07T15:30:15Z" user="ninomax" uid="47976">
  <nd ref="1494242038"/>
  <nd ref="1494241843"/>
  <nd ref="1494241434"/>
  <nd ref="1494241471"/>
  <nd ref="1494242038"/>
  <tag k="building" v="yes"/>
 </way>
 <way id="136184863" visible="true" version="3" changeset="165176642" timestamp="2025-04-20T03:46:38Z" user="vietnam321" uid="11196308">
  <nd ref="1494243147"/>
  <nd ref="1494243114"/>
  <nd ref="1494243042"/>
  <nd ref="1494243067"/>
  <nd ref="1494243147"/>
  <tag k="building" v="yes"/>
 </way>
 <way id="136184865" visible="true" version="1" changeset="9765574" timestamp="2011-11-07T15:30:18Z" user="ninomax" uid="47976">
  <nd ref="1494240905"/>
  <nd ref="1494240862"/>
  <nd ref="1494240704"/>
  <nd ref="1494240825"/>
  <nd ref="1494240905"/>
  <tag k="building" v="yes"/>
 </way>
 <way id="136184869" visible="true" version="1" changeset="9765574" timestamp="2011-11-07T15:30:19Z" user="ninomax" uid="47976">
  <nd ref="1494241571"/>
  <nd ref="1494241454"/>
  <nd ref="1494241311"/>
  <nd ref="1494241419"/>
  <nd ref="1494241571"/>
  <tag k="building" v="yes"/>
 </way>
 <way id="136184874" visible="true" version="3" changeset="165176642" timestamp="2025-04-20T03:46:38Z" user="vietnam321" uid="11196308">
  <nd ref="1494243492"/>
  <nd ref="1494243489"/>
  <nd ref="1494243474"/>
  <nd ref="1494243488"/>
  <nd ref="1494243492"/>
  <tag k="building" v="yes"/>
 </way>
 <way id="136184886" visible="true" version="3" changeset="165176642" timestamp="2025-04-20T03:46:38Z" user="vietnam321" uid="11196308">
  <nd ref="1494242789"/>
  <nd ref="1494242673"/>
  <nd ref="1494242639"/>
  <nd ref="1494242650"/>
  <nd ref="1494242789"/>
  <tag k="building" v="yes"/>
 </way>
 <way id="136184887" visible="true" version="1" changeset="9765574" timestamp="2011-11-07T15:30:22Z" user="ninomax" uid="47976">
  <nd ref="1494240983"/>
  <nd ref="1494240956"/>
  <nd ref="1494240828"/>
  <nd ref="1494240884"/>
  <nd ref="1494240983"/>
  <tag k="building" v="yes"/>
 </way>
 <way id="136184888" visible="true" version="1" changeset="9765574" timestamp="2011-11-07T15:30:23Z" user="ninomax" uid="47976">
  <nd ref="1494242578"/>
  <nd ref="1494242296"/>
  <nd ref="1494241585"/>
  <nd ref="1494241932"/>
  <nd ref="1494242578"/>
  <tag k="building" v="yes"/>
 </way>
 <way id="136184894" visible="true" version="1" changeset="9765574" timestamp="2011-11-07T15:30:24Z" user="ninomax" uid="47976">
  <nd ref="1494241443"/>
  <nd ref="1494241411"/>
  <nd ref="1494241181"/>
  <nd ref="1494241219"/>
  <nd ref="1494241443"/>
  <tag k="building" v="yes"/>
 </way>
 <way id="136184897" visible="true" version="1" changeset="9765574" timestamp="2011-11-07T15:30:24Z" user="ninomax" uid="47976">
  <nd ref="1494241164"/>
  <nd ref="1494241110"/>
  <nd ref="1494240996"/>
  <nd ref="1494241077"/>
  <nd ref="1494241164"/>
  <tag k="building" v="yes"/>
 </way>
 <way id="136184898" visible="true" version="3" changeset="165176642" timestamp="2025-04-20T03:46:38Z" user="vietnam321" uid="11196308">
  <nd ref="1494243329"/>
  <nd ref="1494243170"/>
  <nd ref="1494243098"/>
  <nd ref="1494243149"/>
  <nd ref="1494243329"/>
  <tag k="building" v="yes"/>
 </way>
 <way id="136184899" visible="true" version="1" changeset="9765574" timestamp="2011-11-07T15:30:27Z" user="ninomax" uid="47976">
  <nd ref="1494241843"/>
  <nd ref="1494241501"/>
  <nd ref="1494241407"/>
  <nd ref="1494241434"/>
  <nd ref="1494241843"/>
  <tag k="building" v="yes"/>
 </way>
 <way id="136184900" visible="true" version="1" changeset="9765574" timestamp="2011-11-07T15:30:28Z" user="ninomax" uid="47976">
  <nd ref="1494241236"/>
  <nd ref="1494241197"/>
  <nd ref="1494241098"/>
  <nd ref="1494241114"/>
  <nd ref="1494241236"/>
  <tag k="building" v="yes"/>
 </way>
 <way id="136184901" visible="true" version="3" changeset="165176642" timestamp="2025-04-20T03:46:38Z" user="vietnam321" uid="11196308">
  <nd ref="1494243526"/>
  <nd ref="1494243520"/>
  <nd ref="1494243494"/>
  <nd ref="1494243518"/>
  <nd ref="1494243526"/>
  <tag k="building" v="yes"/>
 </way>
 <way id="136184904" visible="true" version="3" changeset="165176642" timestamp="2025-04-20T03:46:38Z" user="vietnam321" uid="11196308">
  <nd ref="1494243433"/>
  <nd ref="1494243350"/>
  <nd ref="1494243173"/>
  <nd ref="1494243330"/>
  <nd ref="1494243433"/>
  <tag k="building" v="yes"/>
 </way>
 <way id="136184908" visible="true" version="1" changeset="9765574" timestamp="2011-11-07T15:30:40Z" user="ninomax" uid="47976">
  <nd ref="1494241222"/>
  <nd ref="1494241188"/>
  <nd ref="1494241111"/>
  <nd ref="1494241172"/>
  <nd ref="1494241222"/>
  <tag k="building" v="yes"/>
 </way>
 <way id="136184911" visible="true" version="1" changeset="9765574" timestamp="2011-11-07T15:30:41Z" user="ninomax" uid="47976">
  <nd ref="1494242050"/>
  <nd ref="1494242038"/>
  <nd ref="1494241471"/>
  <nd ref="1494241602"/>
  <nd ref="1494242050"/>
  <tag k="building" v="yes"/>
 </way>
 <way id="136184914" visible="true" version="1" changeset="9765574" timestamp="2011-11-07T15:30:46Z" user="ninomax" uid="47976">
  <nd ref="1494240955"/>
  <nd ref="1494240905"/>
  <nd ref="1494240825"/>
  <nd ref="1494240877"/>
  <nd ref="1494240955"/>
  <tag k="building" v="yes"/>
 </way>
 <way id="136184915" visible="true" version="3" changeset="165176642" timestamp="2025-04-20T03:46:38Z" user="vietnam321" uid="11196308">
  <nd ref="1494243165"/>
  <nd ref="1494243147"/>
  <nd ref="1494243067"/>
  <nd ref="1494243143"/>
  <nd ref="1494243165"/>
  <tag k="building" v="yes"/>
 </way>
 <way id="136184916" visible="true" version="1" changeset="9765574" timestamp="2011-11-07T15:30:48Z" user="ninomax" uid="47976">
  <nd ref="1494241879"/>
  <nd ref="1494241571"/>
  <nd ref="1494241419"/>
  <nd ref="1494241441"/>
  <nd ref="1494241879"/>
  <tag k="building" v="yes"/>
 </way>
 <way id="136184917" visible="true" version="1" changeset="9765574" timestamp="2011-11-07T15:30:49Z" user="ninomax" uid="47976">
  <nd ref="1494242040"/>
  <nd ref="1494241754"/>
  <nd ref="1494241445"/>
  <nd ref="1494241618"/>
  <nd ref="1494242040"/>
  <tag k="building" v="yes"/>
 </way>
 <way id="136184919" visible="true" version="1" changeset="9765574" timestamp="2011-11-07T15:30:51Z" user="ninomax" uid="47976">
  <nd ref="1494241220"/>
  <nd ref="1494241184"/>
  <nd ref="1494241097"/>
  <nd ref="1494241117"/>
  <nd ref="1494241220"/>
  <tag k="building" v="yes"/>
 </way>
 <way id="136184923" visible="true" version="1" changeset="9765574" timestamp="2011-11-07T15:30:54Z" user="ninomax" uid="47976">
  <nd ref="1494241022"/>
  <nd ref="1494240983"/>
  <nd ref="1494240884"/>
  <nd ref="1494240939"/>
  <nd ref="1494241022"/>
  <tag k="building" v="yes"/>
 </way>
 <way id="136184925" visible="true" version="2" changeset="140025183" timestamp="2023-08-17T17:53:34Z" user="VLD302" uid="16226557">
  <nd ref="1494242608"/>
  <nd ref="1494242578"/>
  <nd ref="1494241932"/>
  <nd ref="11123474332"/>
  <nd ref="1494242608"/>
  <tag k="building" v="yes"/>
 </way>
 <way id="136184926" visible="true" version="1" changeset="9765574" timestamp="2011-11-07T15:30:56Z" user="ninomax" uid="47976">
  <nd ref="1494241473"/>
  <nd ref="1494241443"/>
  <nd ref="1494241219"/>
  <nd ref="1494241348"/>
  <nd ref="1494241473"/>
  <tag k="building" v="yes"/>
 </way>
 <way id="136184928" visible="true" version="1" changeset="9765574" timestamp="2011-11-07T15:31:00Z" user="ninomax" uid="47976">
  <nd ref="1494240827"/>
  <nd ref="1494240707"/>
  <nd ref="1494240535"/>
  <nd ref="1494240581"/>
  <nd ref="1494240827"/>
  <tag k="building" v="yes"/>
 </way>
 <way id="136184929" visible="true" version="1" changeset="9765574" timestamp="2011-11-07T15:31:00Z" user="ninomax" uid="47976">
  <nd ref="1494240873"/>
  <nd ref="1494240809"/>
  <nd ref="1494240536"/>
  <nd ref="1494240583"/>
  <nd ref="1494240873"/>
  <tag k="building" v="yes"/>
 </way>
 <way id="136184930" visible="true" version="1" changeset="9765574" timestamp="2011-11-07T15:31:01Z" user="ninomax" uid="47976">
  <nd ref="1494241188"/>
  <nd ref="1494241164"/>
  <nd ref="1494241077"/>
  <nd ref="1494241111"/>
  <nd ref="1494241188"/>
  <tag k="building" v="yes"/>
 </way>
 <way id="136184931" visible="true" version="3" changeset="165176642" timestamp="2025-04-20T03:46:38Z" user="vietnam321" uid="11196308">
  <nd ref="1494242611"/>
  <nd ref="1494242586"/>
  <nd ref="1494242167"/>
  <nd ref="1494242514"/>
  <nd ref="1494242611"/>
  <tag k="building" v="yes"/>
 </way>
 <way id="136184932" visible="true" version="3" changeset="165176642" timestamp="2025-04-20T03:46:38Z" user="vietnam321" uid="11196308">
  <nd ref="1494243347"/>
  <nd ref="1494243329"/>
  <nd ref="1494243149"/>
  <nd ref="1494243169"/>
  <nd ref="1494243347"/>
  <tag k="building" v="yes"/>
 </way>
 <way id="136184933" visible="true" version="1" changeset="9765574" timestamp="2011-11-07T15:31:04Z" user="ninomax" uid="47976">
  <nd ref="1494242484"/>
  <nd ref="1494242049"/>
  <nd ref="1494241535"/>
  <nd ref="1494241895"/>
  <nd ref="1494242484"/>
  <tag k="building" v="yes"/>
 </way>
 <way id="136184934" visible="true" version="1" changeset="9765574" timestamp="2011-11-07T15:31:05Z" user="ninomax" uid="47976">
  <nd ref="1494241402"/>
  <nd ref="1494241236"/>
  <nd ref="1494241114"/>
  <nd ref="1494241173"/>
  <nd ref="1494241402"/>
  <tag k="building" v="yes"/>
 </way>
 <way id="136184939" visible="true" version="4" changeset="165176642" timestamp="2025-04-20T03:46:38Z" user="vietnam321" uid="11196308">
  <nd ref="1494243527"/>
  <nd ref="1494243526"/>
  <nd ref="1494243518"/>
  <nd ref="11123474330"/>
  <nd ref="1494243527"/>
  <tag k="building" v="yes"/>
 </way>
 <way id="136184953" visible="true" version="3" changeset="165176642" timestamp="2025-04-20T03:46:38Z" user="vietnam321" uid="11196308">
  <nd ref="1494243471"/>
  <nd ref="1494243433"/>
  <nd ref="1494243330"/>
  <nd ref="1494243348"/>
  <nd ref="1494243471"/>
  <tag k="building" v="yes"/>
 </way>
 <way id="136184956" visible="true" version="1" changeset="9765574" timestamp="2011-11-07T15:31:11Z" user="ninomax" uid="47976">
  <nd ref="1494241385"/>
  <nd ref="1494241222"/>
  <nd ref="1494241172"/>
  <nd ref="1494241198"/>
  <nd ref="1494241385"/>
  <tag k="building" v="yes"/>
 </way>
 <way id="136184958" visible="true" version="1" changeset="9765574" timestamp="2011-11-07T15:31:12Z" user="ninomax" uid="47976">
  <nd ref="1494240593"/>
  <nd ref="1494240909"/>
  <nd ref="1494240882"/>
  <nd ref="1494240578"/>
  <nd ref="1494240593"/>
  <tag k="building" v="yes"/>
 </way>
 <way id="136184969" visible="true" version="4" changeset="165176642" timestamp="2025-04-20T03:46:38Z" user="vietnam321" uid="11196308">
  <nd ref="1494243203"/>
  <nd ref="1494243165"/>
  <nd ref="1494243143"/>
  <nd ref="3221325472"/>
  <nd ref="1494243153"/>
  <nd ref="1494243203"/>
  <tag k="building" v="yes"/>
 </way>
 <way id="136184979" visible="true" version="1" changeset="9765574" timestamp="2011-11-07T15:31:20Z" user="ninomax" uid="47976">
  <nd ref="1494242267"/>
  <nd ref="1494242040"/>
  <nd ref="1494241618"/>
  <nd ref="1494241915"/>
  <nd ref="1494242267"/>
  <tag k="building" v="yes"/>
 </way>
 <way id="136184981" visible="true" version="1" changeset="9765574" timestamp="2011-11-07T15:31:22Z" user="ninomax" uid="47976">
  <nd ref="1494241329"/>
  <nd ref="1494241220"/>
  <nd ref="1494241117"/>
  <nd ref="1494241180"/>
  <nd ref="1494241329"/>
  <tag k="building" v="yes"/>
 </way>
 <way id="136184982" visible="true" version="3" changeset="165176642" timestamp="2025-04-20T03:46:38Z" user="vietnam321" uid="11196308">
  <nd ref="1494242702"/>
  <nd ref="1494242668"/>
  <nd ref="1494242634"/>
  <nd ref="1494242648"/>
  <nd ref="1494242702"/>
  <tag k="building" v="yes"/>
 </way>
 <way id="136184983" visible="true" version="3" changeset="165176642" timestamp="2025-04-20T03:46:38Z" user="vietnam321" uid="11196308">
  <nd ref="1494243487"/>
  <nd ref="1494243495"/>
  <nd ref="1494243491"/>
  <nd ref="1494243475"/>
  <nd ref="1494243487"/>
  <tag k="building" v="yes"/>
 </way>
 <way id="136185012" visible="true" version="1" changeset="9765574" timestamp="2011-11-07T15:31:32Z" user="ninomax" uid="47976">
  <nd ref="1494241112"/>
  <nd ref="1494241022"/>
  <nd ref="1494240939"/>
  <nd ref="1494240965"/>
  <nd ref="1494241112"/>
  <tag k="building" v="yes"/>
 </way>
 <way id="136185016" visible="true" version="3" changeset="165176642" timestamp="2025-04-20T03:46:38Z" user="vietnam321" uid="11196308">
  <nd ref="1494243358"/>
  <nd ref="1494243346"/>
  <nd ref="1494243166"/>
  <nd ref="1494243234"/>
  <nd ref="1494243358"/>
  <tag k="building" v="yes"/>
 </way>
 <way id="136185022" visible="true" version="1" changeset="9765574" timestamp="2011-11-07T15:31:36Z" user="ninomax" uid="47976">
  <nd ref="1494240883"/>
  <nd ref="1494240827"/>
  <nd ref="1494240581"/>
  <nd ref="1494240646"/>
  <nd ref="1494240883"/>
  <tag k="building" v="yes"/>
 </way>
 <way id="136185031" visible="true" version="1" changeset="9765574" timestamp="2011-11-07T15:31:37Z" user="ninomax" uid="47976">
  <nd ref="1494240915"/>
  <nd ref="1494240873"/>
  <nd ref="1494240583"/>
  <nd ref="1494240715"/>
  <nd ref="1494240915"/>
  <tag k="building" v="yes"/>
 </way>
 <way id="136185035" visible="true" version="3" changeset="165176642" timestamp="2025-04-20T03:46:38Z" user="vietnam321" uid="11196308">
  <nd ref="1494242644"/>
  <nd ref="1494242611"/>
  <nd ref="1494242514"/>
  <nd ref="1494242580"/>
  <nd ref="1494242644"/>
  <tag k="building" v="yes"/>
 </way>
 <way id="136185036" visible="true" version="3" changeset="165176642" timestamp="2025-04-20T03:46:38Z" user="vietnam321" uid="11196308">
  <nd ref="1494243363"/>
  <nd ref="1494243347"/>
  <nd ref="1494243169"/>
  <nd ref="1494243267"/>
  <nd ref="1494243363"/>
  <tag k="building" v="yes"/>
 </way>
 <way id="136185039" visible="true" version="1" changeset="9765574" timestamp="2011-11-07T15:31:45Z" user="ninomax" uid="47976">
  <nd ref="1494242579"/>
  <nd ref="1494242484"/>
  <nd ref="1494241895"/>
  <nd ref="1494242045"/>
  <nd ref="1494242579"/>
  <tag k="building" v="yes"/>
 </way>
 <way id="136185040" visible="true" version="3" changeset="165176642" timestamp="2025-04-20T03:46:38Z" user="vietnam321" uid="11196308">
  <nd ref="1494242047"/>
  <nd ref="1494241948"/>
  <nd ref="1494241446"/>
  <nd ref="1494241475"/>
  <nd ref="1494242047"/>
  <tag k="building" v="yes"/>
 </way>
 <way id="136246179" visible="true" version="9" changeset="172484735" timestamp="2025-09-26T12:59:31Z" user="Tewuzij" uid="16194143">
  <nd ref="1494903491"/>
  <nd ref="1494903489"/>
  <nd ref="1494903490"/>
  <nd ref="1494903492"/>
  <nd ref="1494903493"/>
  <nd ref="1494903499"/>
  <nd ref="1494903500"/>
  <nd ref="1494903501"/>
  <nd ref="12074861414"/>
  <nd ref="1494903503"/>
  <nd ref="1494903504"/>
  <nd ref="1494903505"/>
  <nd ref="1494903508"/>
  <nd ref="1494903510"/>
  <nd ref="1494903511"/>
  <nd ref="1494903515"/>
  <nd ref="1494903516"/>
  <nd ref="1494903518"/>
  <nd ref="1494903521"/>
  <nd ref="1494903523"/>
  <nd ref="1494903522"/>
  <nd ref="1494903520"/>
  <nd ref="1494903519"/>
  <nd ref="1494903517"/>
  <nd ref="1494903512"/>
  <nd ref="1494903509"/>
  <nd ref="1494903502"/>
  <nd ref="1494903498"/>
  <nd ref="1494903497"/>
  <nd ref="1494903496"/>
  <nd ref="1494903491"/>
  <tag k="addr:city" v="Hanoi"/>
  <tag k="addr:country" v="VN"/>
  <tag k="addr:housenumber" v="G9"/>
  <tag k="addr:street" v="UNIS Road"/>
  <tag k="addr:subdistrict" v="Ciputra"/>
  <tag k="amenity" v="school"/>
  <tag k="education" v="school"/>
  <tag k="name" v="Trường Quốc tế Liên hiệp quốc Hà Nội"/>
  <tag k="name:en" v="United Nations International School Hanoi"/>
  <tag k="wikidata" v="Q7888445"/>
  <tag k="wikipedia" v="en:United Nations International School of Hanoi"/>
 </way>
 <way id="148202864" visible="true" version="11" changeset="163077382" timestamp="2025-03-01T08:01:27Z" user="Tewuzij" uid="16194143">
  <nd ref="311720265"/>
  <nd ref="1613088778"/>
  <nd ref="1613088786"/>
  <nd ref="1613088796"/>
  <nd ref="1613088806"/>
  <nd ref="1613088811"/>
  <nd ref="1613088816"/>
  <nd ref="1613088814"/>
  <nd ref="1613088808"/>
  <nd ref="1613088803"/>
  <nd ref="1613088801"/>
  <nd ref="1613088788"/>
  <nd ref="1613088783"/>
  <nd ref="1613088780"/>
  <nd ref="8824476573"/>
  <nd ref="5701100489"/>
  <nd ref="6600851127"/>
  <nd ref="311720219"/>
  <tag k="highway" v="residential"/>
  <tag k="lit" v="yes"/>
  <tag k="name" v="UNIS Road"/>
  <tag k="surface" v="asphalt"/>
 </way>
 <way id="148202873" visible="true" version="4" changeset="162765677" timestamp="2025-02-21T06:02:23Z" user="ZioDragon" uid="13799024">
  <nd ref="319522402"/>
  <nd ref="1613088772"/>
  <tag k="highway" v="residential"/>
  <tag k="name" v="Singapore Line"/>
  <tag k="oneway" v="yes"/>
  <tag k="surface" v="asphalt"/>
 </way>
 <way id="220688896" visible="true" version="2" changeset="106262515" timestamp="2021-06-12T18:34:33Z" user="Robert Knobloch" uid="11928550">
  <nd ref="2297811615"/>
  <nd ref="2297811565"/>
  <nd ref="2297811618"/>
  <nd ref="2297811580"/>
  <nd ref="2297811588"/>
  <nd ref="2297811616"/>
  <nd ref="2297811617"/>
  <nd ref="2297811605"/>
  <nd ref="2297811608"/>
  <nd ref="2297811609"/>
  <nd ref="2297811572"/>
  <nd ref="2297811583"/>
  <nd ref="2297811577"/>
  <nd ref="2297811591"/>
  <nd ref="2297811579"/>
  <nd ref="2297811581"/>
  <nd ref="2297811567"/>
  <nd ref="2297811587"/>
  <nd ref="2297811615"/>
  <tag k="intermittent" v="no"/>
  <tag k="natural" v="water"/>
  <tag k="salt" v="no"/>
  <tag k="tidal" v="no"/>
  <tag k="water" v="lake"/>
 </way>
 <way id="220688898" visible="true" version="1" changeset="16058260" timestamp="2013-05-10T04:21:17Z" user="QuangDBui@TMA" uid="1276367">
  <nd ref="2297811612"/>
  <nd ref="2297811600"/>
  <nd ref="2297811599"/>
  <nd ref="2297811601"/>
  <nd ref="2297811606"/>
  <nd ref="2297811607"/>
  <nd ref="2297811568"/>
  <nd ref="2297811563"/>
  <nd ref="2297811592"/>
  <nd ref="2297811589"/>
  <nd ref="2297811561"/>
  <nd ref="2297811558"/>
  <nd ref="2297811562"/>
  <nd ref="2297811559"/>
  <nd ref="2297811611"/>
  <nd ref="2297811604"/>
  <nd ref="2297811584"/>
  <nd ref="2297811570"/>
  <nd ref="2297811573"/>
  <nd ref="2297811590"/>
  <nd ref="2297811586"/>
  <nd ref="2297811585"/>
  <nd ref="2297811576"/>
  <nd ref="2297811614"/>
  <nd ref="2297811560"/>
  <nd ref="2297811602"/>
  <nd ref="2297811595"/>
  <nd ref="2297811596"/>
  <nd ref="2297811582"/>
  <nd ref="2297811612"/>
  <tag k="natural" v="water"/>
 </way>
 <way id="316013408" visible="true" version="2" changeset="27304519" timestamp="2014-12-07T04:17:01Z" user="fayr" uid="2506902">
  <nd ref="3221325319"/>
  <nd ref="1494240706"/>
  <nd ref="3221325320"/>
  <nd ref="3221325321"/>
  <nd ref="1494239917"/>
  <nd ref="3221325323"/>
  <nd ref="3221325319"/>
  <tag k="landuse" v="residential"/>
  <tag k="name" v="C3"/>
 </way>
 <way id="316013409" visible="true" version="1" changeset="27284855" timestamp="2014-12-06T08:21:43Z" user="cshclm" uid="1930512">
  <nd ref="3221325324"/>
  <nd ref="3221325325"/>
  <nd ref="3221325326"/>
  <nd ref="3221325327"/>
  <nd ref="3221325328"/>
  <nd ref="3221325329"/>
  <nd ref="3221325330"/>
  <nd ref="3221325331"/>
  <nd ref="3221325332"/>
  <nd ref="3221325324"/>
  <tag k="landuse" v="residential"/>
  <tag k="name" v="C2"/>
 </way>
 <way id="316013410" visible="true" version="4" changeset="110868313" timestamp="2021-09-07T16:04:06Z" user="Robert Knobloch" uid="11928550">
  <nd ref="3221325333"/>
  <nd ref="9005146737"/>
  <nd ref="9005146736"/>
  <nd ref="3221325334"/>
  <nd ref="3221325335"/>
  <nd ref="3221325336"/>
  <nd ref="3221325337"/>
  <nd ref="6603704561"/>
  <nd ref="3221325338"/>
  <nd ref="3221325339"/>
  <nd ref="3221325340"/>
  <nd ref="3221325341"/>
  <nd ref="9005146739"/>
  <nd ref="3221325333"/>
  <tag k="landuse" v="residential"/>
  <tag k="name" v="T1"/>
  <tag k="residential" v="block"/>
 </way>
 <way id="316013411" visible="true" version="3" changeset="110868313" timestamp="2021-09-07T16:04:06Z" user="Robert Knobloch" uid="11928550">
  <nd ref="3221325342"/>
  <nd ref="1494241879"/>
  <nd ref="1494241254"/>
  <nd ref="3221325344"/>
  <nd ref="3221325345"/>
  <nd ref="6603784877"/>
  <nd ref="3221325346"/>
  <nd ref="3221325347"/>
  <nd ref="3221325342"/>
  <tag k="landuse" v="residential"/>
  <tag k="name" v="T2"/>
  <tag k="residential" v="block"/>
 </way>
 <way id="316013412" visible="true" version="2" changeset="95028274" timestamp="2020-11-30T08:32:07Z" user="Veslava" uid="10610947">
  <nd ref="3221325348"/>
  <nd ref="3221325349"/>
  <nd ref="8178818148"/>
  <nd ref="3221325350"/>
  <nd ref="3221325348"/>
  <tag k="leisure" v="park"/>
  <tag k="name" v="Pomelo Park"/>
 </way>
 <way id="316013413" visible="true" version="3" changeset="110868313" timestamp="2021-09-07T16:04:06Z" user="Robert Knobloch" uid="11928550">
  <nd ref="3221325351"/>
  <nd ref="3221325352"/>
  <nd ref="1494242582"/>
  <nd ref="3221325353"/>
  <nd ref="3221325354"/>
  <nd ref="5485722527"/>
  <nd ref="3221325356"/>
  <nd ref="3221325351"/>
  <tag k="landuse" v="residential"/>
  <tag k="name" v="T4"/>
  <tag k="residential" v="block"/>
 </way>
 <way id="316013414" visible="true" version="4" changeset="110868313" timestamp="2021-09-07T16:04:06Z" user="Robert Knobloch" uid="11928550">
  <nd ref="3221325357"/>
  <nd ref="3221325358"/>
  <nd ref="3221325359"/>
  <nd ref="6603704556"/>
  <nd ref="9014423072"/>
  <nd ref="3221325360"/>
  <nd ref="3221325461"/>
  <nd ref="3221325462"/>
  <nd ref="3221325463"/>
  <nd ref="3221325464"/>
  <nd ref="3221325357"/>
  <tag k="landuse" v="residential"/>
  <tag k="name" v="T5"/>
  <tag k="residential" v="block"/>
 </way>
 <way id="316013415" visible="true" version="3" changeset="110868313" timestamp="2021-09-07T16:04:06Z" user="Robert Knobloch" uid="11928550">
  <nd ref="3221325465"/>
  <nd ref="3221325466"/>
  <nd ref="3221325467"/>
  <nd ref="3221325468"/>
  <nd ref="3221325469"/>
  <nd ref="3221325470"/>
  <nd ref="3221325471"/>
  <nd ref="6603704560"/>
  <nd ref="3221325472"/>
  <nd ref="3221325465"/>
  <tag k="landuse" v="residential"/>
  <tag k="name" v="T7"/>
  <tag k="residential" v="block"/>
 </way>
 <way id="316013416" visible="true" version="4" changeset="110868313" timestamp="2021-09-07T16:04:06Z" user="Robert Knobloch" uid="11928550">
  <nd ref="3221325473"/>
  <nd ref="3221325474"/>
  <nd ref="6603704558"/>
  <nd ref="6603704559"/>
  <nd ref="6603704557"/>
  <nd ref="3221325475"/>
  <nd ref="3221325476"/>
  <nd ref="3221325477"/>
  <nd ref="3221325480"/>
  <nd ref="3221325473"/>
  <tag k="landuse" v="residential"/>
  <tag k="name" v="T6"/>
  <tag k="residential" v="block"/>
 </way>
 <way id="316013417" visible="true" version="3" changeset="110868313" timestamp="2021-09-07T16:04:06Z" user="Robert Knobloch" uid="11928550">
  <nd ref="3221325481"/>
  <nd ref="9005148745"/>
  <nd ref="9005148744"/>
  <nd ref="3221325482"/>
  <nd ref="3221325483"/>
  <nd ref="3221325484"/>
  <nd ref="3221325485"/>
  <nd ref="9005148765"/>
  <nd ref="9005148764"/>
  <nd ref="3221325481"/>
  <tag k="landuse" v="residential"/>
  <tag k="name" v="T8"/>
  <tag k="residential" v="block"/>
 </way>
 <way id="316013418" visible="true" version="3" changeset="133183775" timestamp="2023-03-01T18:44:41Z" user="Robert Knobloch" uid="11928550">
  <nd ref="3221325486"/>
  <nd ref="3221325487"/>
  <nd ref="3221325488"/>
  <nd ref="3221325489"/>
  <nd ref="3221325490"/>
  <nd ref="3221325491"/>
  <nd ref="3221325492"/>
  <nd ref="3221325493"/>
  <nd ref="10702589305"/>
  <nd ref="10702508704"/>
  <nd ref="3221325486"/>
  <tag k="landuse" v="residential"/>
  <tag k="name" v="T9"/>
  <tag k="residential" v="block"/>
 </way>
 <way id="316013419" visible="true" version="5" changeset="106313178" timestamp="2021-06-14T06:42:10Z" user="ItsLouisAnderson" uid="11691953">
  <nd ref="8831123219"/>
  <nd ref="8831123220"/>
  <nd ref="8831123221"/>
  <nd ref="8831123222"/>
  <nd ref="8831123223"/>
  <nd ref="3221325500"/>
  <nd ref="3221325501"/>
  <nd ref="3221325502"/>
  <nd ref="3221325503"/>
  <nd ref="8831099113"/>
  <nd ref="8831099114"/>
  <nd ref="8831099115"/>
  <nd ref="8831099116"/>
  <nd ref="8831123217"/>
  <nd ref="8831123218"/>
  <nd ref="3221325504"/>
  <nd ref="3221325505"/>
  <nd ref="3221325506"/>
  <nd ref="3221325507"/>
  <nd ref="8831123219"/>
  <tag k="highway" v="residential"/>
  <tag k="junction" v="roundabout"/>
 </way>
 <way id="316013420" visible="true" version="8" changeset="151800889" timestamp="2024-05-25T09:00:22Z" user="phoenixsaigon1698" uid="3323343">
  <nd ref="1494241221"/>
  <nd ref="1494242457"/>
  <nd ref="1494242938"/>
  <nd ref="9005146786"/>
  <nd ref="1494243074"/>
  <nd ref="1494243465"/>
  <nd ref="1494243493"/>
  <nd ref="1494243519"/>
  <tag k="highway" v="residential"/>
 </way>
 <way id="316013421" visible="true" version="21" changeset="142333621" timestamp="2023-10-09T06:33:52Z" user="ItsLouisAnderson" uid="11691953">
  <nd ref="3221325510"/>
  <nd ref="10975912419"/>
  <nd ref="873183442"/>
  <nd ref="6603250075"/>
  <nd ref="6603163393"/>
  <nd ref="6603250074"/>
  <nd ref="6603163394"/>
  <nd ref="6603250073"/>
  <nd ref="6603163392"/>
  <nd ref="6603250072"/>
  <nd ref="873183445"/>
  <nd ref="873183449"/>
  <nd ref="873183451"/>
  <nd ref="6603250071"/>
  <nd ref="6603163395"/>
  <nd ref="6603250070"/>
  <nd ref="873183454"/>
  <nd ref="873183458"/>
  <nd ref="8831123238"/>
  <nd ref="8332896161"/>
  <nd ref="10958808425"/>
  <tag k="access" v="no"/>
  <tag k="bicycle" v="no"/>
  <tag k="destination:street" v="Dương An Dương Vương"/>
  <tag k="foot" v="yes"/>
  <tag k="highway" v="pedestrian"/>
  <tag k="horse" v="no"/>
  <tag k="maxspeed" v="25"/>
  <tag k="motor_vehicle" v="no"/>
  <tag k="name" v="Lake Road"/>
  <tag k="oneway" v="no"/>
  <tag k="surface" v="paving_stones"/>
 </way>
 <way id="316013428" visible="true" version="1" changeset="27284855" timestamp="2014-12-06T08:21:45Z" user="cshclm" uid="1930512">
  <nd ref="3221325552"/>
  <nd ref="3221325553"/>
  <nd ref="3221325554"/>
  <nd ref="3221325555"/>
  <nd ref="3221325552"/>
  <tag k="leisure" v="park"/>
  <tag k="name" v="Pineapple Park"/>
 </way>
 <way id="316013429" visible="true" version="21" changeset="163077382" timestamp="2025-03-01T07:59:25Z" user="Tewuzij" uid="16194143">
  <nd ref="3221325562"/>
  <nd ref="11675492524"/>
  <nd ref="6603145879"/>
  <nd ref="4088954110"/>
  <nd ref="11675492523"/>
  <nd ref="6591777358"/>
  <nd ref="12606302867"/>
  <nd ref="12606302872"/>
  <nd ref="2297811780"/>
  <tag k="highway" v="tertiary"/>
  <tag k="lit" v="yes"/>
  <tag k="maxspeed" v="35"/>
  <tag k="name" v="Main Street"/>
  <tag k="oneway" v="yes"/>
  <tag k="surface" v="asphalt"/>
 </way>
 <way id="316013430" visible="true" version="16" changeset="162765677" timestamp="2025-02-21T06:02:23Z" user="ZioDragon" uid="13799024">
  <nd ref="873571792"/>
  <nd ref="6597531053"/>
  <nd ref="11250453946"/>
  <nd ref="5686565555"/>
  <nd ref="1494903701"/>
  <nd ref="6597531052"/>
  <nd ref="5686565538"/>
  <nd ref="873183467"/>
  <tag k="highway" v="tertiary"/>
  <tag k="lit" v="yes"/>
  <tag k="name" v="Promenade Road"/>
  <tag k="oneway" v="yes"/>
  <tag k="surface" v="asphalt"/>
 </way>
 <way id="336713595" visible="true" version="14" changeset="178296444" timestamp="2026-02-09T06:59:12Z" user="GrabVN_HHanh" uid="21825758">
  <nd ref="3437771955"/>
  <nd ref="6591854799"/>
  <nd ref="6597406006"/>
  <nd ref="6597406019"/>
  <nd ref="3437771956"/>
  <nd ref="6597406009"/>
  <nd ref="6597406020"/>
  <nd ref="5481720907"/>
  <nd ref="6597406023"/>
  <nd ref="6597406013"/>
  <nd ref="6597406024"/>
  <nd ref="6597406016"/>
  <nd ref="6597406018"/>
  <nd ref="3437771957"/>
  <nd ref="4929699097"/>
  <tag k="highway" v="residential"/>
  <tag k="name" v="Phố Phú Gia"/>
  <tag k="surface" v="asphalt"/>
 </way>
 <way id="339282232" visible="true" version="11" changeset="148157902" timestamp="2024-03-03T09:21:59Z" user="phoenixsaigon1698" uid="3323343">
  <nd ref="3464707937"/>
  <nd ref="6597586072"/>
  <nd ref="1315816507"/>
  <nd ref="6413763991"/>
  <nd ref="1315816509"/>
  <nd ref="1315816514"/>
  <nd ref="1315816522"/>
  <nd ref="3464707940"/>
  <nd ref="3464707937"/>
  <tag k="landuse" v="cemetery"/>
  <tag k="religion" v="buddhist"/>
 </way>
 <way id="339331805" visible="true" version="31" changeset="167618172" timestamp="2025-06-14T15:39:41Z" user="Hung Tran 9x0" uid="20910140">
  <nd ref="11944726237"/>
  <nd ref="11944726238"/>
  <nd ref="8022389056"/>
  <nd ref="8018685701"/>
  <nd ref="11410009348"/>
  <nd ref="8018685707"/>
  <nd ref="11944726242"/>
  <nd ref="11944726241"/>
  <nd ref="12606302810"/>
  <nd ref="11944726240"/>
  <nd ref="5525727610"/>
  <nd ref="5525727609"/>
  <nd ref="3465169513"/>
  <nd ref="12606302793"/>
  <nd ref="12606302794"/>
  <nd ref="12606302795"/>
  <nd ref="5525727607"/>
  <nd ref="3465169514"/>
  <nd ref="11075321704"/>
  <nd ref="3465169515"/>
  <nd ref="4162342890"/>
  <nd ref="3465169517"/>
  <nd ref="4936598703"/>
  <nd ref="4936598704"/>
  <nd ref="4936598705"/>
  <nd ref="9377492373"/>
  <nd ref="4936598706"/>
  <nd ref="4936598707"/>
  <nd ref="4936598708"/>
  <nd ref="9377492374"/>
  <nd ref="4936598709"/>
  <nd ref="9377492375"/>
  <nd ref="4936598710"/>
  <nd ref="4936598711"/>
  <nd ref="4936598712"/>
  <nd ref="9377492376"/>
  <nd ref="1494903484"/>
  <nd ref="2297811765"/>
 </way>
 <way id="415174944" visible="true" version="30" changeset="178173283" timestamp="2026-02-06T08:02:59Z" user="GrabVN_Lien" uid="13899214">
  <nd ref="4929698899"/>
  <nd ref="8336557488"/>
  <nd ref="4447084116"/>
  <nd ref="4162342930"/>
  <nd ref="6597309216"/>
  <nd ref="6597309213"/>
  <nd ref="6597239949"/>
  <nd ref="6597239948"/>
  <nd ref="6597239945"/>
  <nd ref="6597239943"/>
  <nd ref="4929698900"/>
  <nd ref="13528374392"/>
  <nd ref="6597309208"/>
  <nd ref="4929699056"/>
  <nd ref="6597280278"/>
  <nd ref="4162342929"/>
  <nd ref="6597280275"/>
  <nd ref="5504800150"/>
  <nd ref="12381341006"/>
  <nd ref="5504800149"/>
  <nd ref="8324679731"/>
  <nd ref="12953283944"/>
  <nd ref="12472975011"/>
  <nd ref="8018685735"/>
  <nd ref="4162342928"/>
  <nd ref="12606289993"/>
  <nd ref="6592106990"/>
  <nd ref="6592106989"/>
  <nd ref="4164215440"/>
  <tag k="highway" v="tertiary"/>
  <tag k="lanes" v="2"/>
  <tag k="lit" v="yes"/>
  <tag k="name" v="Đường 40M Nam Thăng Long"/>
  <tag k="oneway" v="yes"/>
  <tag k="surface" v="asphalt"/>
 </way>
 <way id="415174947" visible="true" version="2" changeset="47993437" timestamp="2017-04-21T07:20:02Z" user="hieuvan" uid="2678766">
  <nd ref="4162342945"/>
  <nd ref="4162342946"/>
  <nd ref="4162342947"/>
  <nd ref="4162342948"/>
  <nd ref="4162342945"/>
  <tag k="landuse" v="cemetery"/>
  <tag k="name" v="Nghĩa trang Thượng Thuỵ"/>
 </way>
 <way id="415679575" visible="true" version="26" changeset="179884412" timestamp="2026-03-15T06:17:39Z" user="Hung Tran 9x0" uid="20910140">
  <nd ref="4162342918"/>
  <nd ref="4162342925"/>
  <nd ref="13432891623"/>
  <nd ref="12606289992"/>
  <nd ref="5481720914"/>
  <nd ref="5504800127"/>
  <nd ref="12472975012"/>
  <nd ref="12953283943"/>
  <nd ref="4929699097"/>
  <nd ref="6597280272"/>
  <nd ref="5504800151"/>
  <nd ref="4162342926"/>
  <nd ref="5481720900"/>
  <nd ref="4929699084"/>
  <nd ref="13648986036"/>
  <nd ref="5504800162"/>
  <nd ref="5485722541"/>
  <nd ref="4162342927"/>
  <nd ref="4929699083"/>
  <tag k="highway" v="tertiary"/>
  <tag k="lanes" v="3"/>
  <tag k="lit" v="yes"/>
  <tag k="name" v="Đường 40M Nam Thăng Long"/>
  <tag k="oneway" v="yes"/>
  <tag k="surface" v="asphalt"/>
 </way>
 <way id="502510832" visible="true" version="4" changeset="134756183" timestamp="2023-04-11T04:35:25Z" user="GrabVN_Ngaan" uid="14519322">
  <nd ref="3221325499"/>
  <nd ref="4929699021"/>
  <nd ref="4929698920"/>
  <nd ref="4929698919"/>
  <nd ref="4929698918"/>
  <tag k="highway" v="residential"/>
  <tag k="maxspeed" v="25"/>
  <tag k="name" v="Central Park"/>
  <tag k="oneway" v="yes"/>
 </way>
 <way id="502510835" visible="true" version="4" changeset="115539705" timestamp="2021-12-29T22:09:42Z" user="Robert Knobloch" uid="11928550">
  <nd ref="4929699027"/>
  <nd ref="9377492248"/>
  <nd ref="9377492249"/>
  <nd ref="9377492246"/>
  <nd ref="4929699026"/>
  <nd ref="9377492243"/>
  <nd ref="9377492240"/>
  <nd ref="8824472446"/>
  <nd ref="4929699024"/>
  <nd ref="4929699023"/>
  <tag k="highway" v="footway"/>
 </way>
 <way id="502510836" visible="true" version="3" changeset="115539705" timestamp="2021-12-29T22:09:42Z" user="Robert Knobloch" uid="11928550">
  <nd ref="4929699037"/>
  <nd ref="8831929408"/>
  <nd ref="9377492252"/>
  <nd ref="4929699028"/>
  <tag k="highway" v="footway"/>
 </way>
 <way id="502510837" visible="true" version="3" changeset="115539705" timestamp="2021-12-29T22:09:42Z" user="Robert Knobloch" uid="11928550">
  <nd ref="4929699039"/>
  <nd ref="4929699038"/>
  <nd ref="4929699037"/>
  <nd ref="4929699036"/>
  <nd ref="4929699035"/>
  <nd ref="4929699034"/>
  <nd ref="4929699040"/>
  <nd ref="4929699033"/>
  <nd ref="4929699027"/>
  <nd ref="4929699032"/>
  <nd ref="9014423075"/>
  <nd ref="4929699031"/>
  <nd ref="4929699030"/>
  <nd ref="4929699029"/>
  <nd ref="4929699039"/>
  <tag k="highway" v="footway"/>
 </way>
 <way id="502510838" visible="true" version="5" changeset="115539705" timestamp="2021-12-29T22:09:42Z" user="Robert Knobloch" uid="11928550">
  <nd ref="1315816509"/>
  <nd ref="6596999557"/>
  <nd ref="8831929402"/>
  <nd ref="4929699040"/>
  <tag k="highway" v="footway"/>
  <tag k="surface" v="asphalt"/>
 </way>
 <way id="502510840" visible="true" version="7" changeset="162765677" timestamp="2025-02-21T06:02:23Z" user="ZioDragon" uid="13799024">
  <nd ref="4929699049"/>
  <nd ref="10886080014"/>
  <nd ref="6416926577"/>
  <nd ref="4929699048"/>
  <nd ref="8298863956"/>
  <nd ref="4929699047"/>
  <nd ref="8298863961"/>
  <nd ref="10886080013"/>
  <nd ref="4929699046"/>
  <tag k="highway" v="residential"/>
  <tag k="name" v="K6 Ciputra"/>
 </way>
 <way id="502510842" visible="true" version="2" changeset="75968561" timestamp="2019-10-21T01:37:53Z" user="Bành Long" uid="10245831">
  <nd ref="4929699058"/>
  <nd ref="4929699057"/>
  <tag k="highway" v="service"/>
 </way>
 <way id="502510843" visible="true" version="2" changeset="75968561" timestamp="2019-10-21T01:37:53Z" user="Bành Long" uid="10245831">
  <nd ref="4929699060"/>
  <nd ref="4929699059"/>
  <tag k="highway" v="service"/>
 </way>
 <way id="502510844" visible="true" version="7" changeset="145007080" timestamp="2023-12-11T16:49:56Z" user="ItsLouisAnderson" uid="11691953">
  <nd ref="6901365359"/>
  <nd ref="4929699060"/>
  <nd ref="4929699058"/>
  <nd ref="4929699065"/>
  <nd ref="6901365354"/>
  <nd ref="6901365356"/>
  <nd ref="4929699064"/>
  <nd ref="4929699057"/>
  <nd ref="4929699059"/>
  <nd ref="11346083704"/>
  <nd ref="4929699063"/>
  <tag k="highway" v="service"/>
 </way>
 <way id="502510846" visible="true" version="11" changeset="152028346" timestamp="2024-05-30T10:51:50Z" user="ItsLouisAnderson" uid="11691953">
  <nd ref="4929698902"/>
  <nd ref="10886080007"/>
  <nd ref="8298863963"/>
  <nd ref="4929699077"/>
  <nd ref="8298863947"/>
  <nd ref="6416926574"/>
  <tag k="highway" v="tertiary"/>
  <tag k="oneway" v="yes"/>
 </way>
 <way id="502510847" visible="true" version="9" changeset="151801441" timestamp="2024-05-25T09:14:20Z" user="phoenixsaigon1698" uid="3323343">
  <nd ref="4447084118"/>
  <nd ref="8298863951"/>
  <nd ref="8298863948"/>
  <nd ref="4929699078"/>
  <nd ref="8298863962"/>
  <nd ref="10886080008"/>
  <nd ref="4929698901"/>
  <tag k="highway" v="tertiary"/>
  <tag k="oneway" v="yes"/>
 </way>
 <way id="502510848" visible="true" version="11" changeset="163077382" timestamp="2025-03-01T08:00:20Z" user="Tewuzij" uid="16194143">
  <nd ref="4929699081"/>
  <nd ref="4929699049"/>
  <nd ref="12578551154"/>
  <nd ref="4929698903"/>
  <tag k="highway" v="tertiary"/>
  <tag k="lit" v="yes"/>
  <tag k="name" v="Park Street"/>
  <tag k="oneway" v="yes"/>
  <tag k="surface" v="asphalt"/>
 </way>
 <way id="502510849" visible="true" version="13" changeset="163077382" timestamp="2025-03-01T08:00:22Z" user="Tewuzij" uid="16194143">
  <nd ref="4929698899"/>
  <nd ref="6597239937"/>
  <nd ref="12606302854"/>
  <nd ref="4929699076"/>
  <nd ref="4929699079"/>
  <nd ref="6901365376"/>
  <nd ref="12606302840"/>
  <nd ref="4929699082"/>
  <tag k="highway" v="tertiary"/>
  <tag k="lit" v="yes"/>
  <tag k="name" v="Park Street"/>
  <tag k="oneway" v="yes"/>
  <tag k="surface" v="asphalt"/>
 </way>
 <way id="502510850" visible="true" version="8" changeset="182548532" timestamp="2026-05-12T10:47:15Z" user="GrabVN_HHanh" uid="21825758">
  <nd ref="6666351432"/>
  <nd ref="13820901423"/>
  <nd ref="4929699094"/>
  <nd ref="4929699093"/>
  <nd ref="4929699092"/>
  <nd ref="4929699091"/>
  <nd ref="4929699061"/>
  <nd ref="4929699090"/>
  <nd ref="4929699089"/>
  <nd ref="4929699088"/>
  <nd ref="11410009358"/>
  <nd ref="4929699087"/>
  <nd ref="4929699086"/>
  <nd ref="6901365355"/>
  <nd ref="4929699046"/>
  <nd ref="6901365353"/>
  <nd ref="4929699085"/>
  <nd ref="4929698901"/>
  <nd ref="4929698902"/>
  <nd ref="13528374393"/>
  <nd ref="4929698900"/>
  <tag k="highway" v="residential"/>
  <tag k="surface" v="asphalt"/>
 </way>
 <way id="570127231" visible="true" version="7" changeset="176870589" timestamp="2026-01-05T16:58:48Z" user="pepsi_max2k" uid="14719801">
  <nd ref="5481720900"/>
  <nd ref="13432891629"/>
  <nd ref="5481720898"/>
  <nd ref="5485722113"/>
  <nd ref="8298864067"/>
  <nd ref="5481720897"/>
  <nd ref="5820054211"/>
  <nd ref="5481720896"/>
  <nd ref="5481720895"/>
  <tag k="highway" v="residential"/>
  <tag k="source" v="grab_hanoi_2018_t5"/>
  <tag k="surface" v="asphalt"/>
 </way>
 <way id="570127234" visible="true" version="4" changeset="176870589" timestamp="2026-01-05T16:58:48Z" user="pepsi_max2k" uid="14719801">
  <nd ref="5481720905"/>
  <nd ref="5504800132"/>
  <nd ref="13432891614"/>
  <nd ref="5504800131"/>
  <nd ref="13432891624"/>
  <nd ref="5504800130"/>
  <nd ref="5504800129"/>
  <nd ref="5504800128"/>
  <nd ref="5504800127"/>
  <tag k="highway" v="track"/>
  <tag k="surface" v="asphalt"/>
 </way>
 <way id="570127240" visible="true" version="11" changeset="176870589" timestamp="2026-01-05T16:58:48Z" user="pepsi_max2k" uid="14719801">
  <nd ref="5481721442"/>
  <nd ref="13432891626"/>
  <nd ref="5481721441"/>
  <nd ref="13432891625"/>
  <nd ref="5481721439"/>
  <nd ref="5481721438"/>
  <nd ref="5481721442"/>
  <tag k="addr:housenumber" v="41"/>
  <tag k="addr:street" v="Phố Phú Thượng"/>
  <tag k="amenity" v="school"/>
  <tag k="education" v="school"/>
  <tag k="grades" v="10-12"/>
  <tag k="name" v="Trường Trung học phổ thông Tây Hồ"/>
  <tag k="website" v="http://thpt-tayho-hanoi.edu.vn"/>
 </way>
 <way id="570582383" visible="true" version="3" changeset="105885772" timestamp="2021-06-05T14:58:15Z" user="ItsLouisAnderson" uid="11691953">
  <nd ref="5485722077"/>
  <nd ref="5485722076"/>
  <nd ref="5485722075"/>
  <nd ref="5485722074"/>
  <nd ref="5485722078"/>
  <nd ref="5485722073"/>
  <nd ref="5485722072"/>
  <tag k="waterway" v="drain"/>
 </way>
 <way id="570582391" visible="true" version="15" changeset="163077382" timestamp="2025-03-01T07:59:58Z" user="Tewuzij" uid="16194143">
  <nd ref="4447084107"/>
  <nd ref="8824140581"/>
  <nd ref="4447084106"/>
  <nd ref="3221325494"/>
  <nd ref="12606302850"/>
  <nd ref="3222781911"/>
  <nd ref="12606302851"/>
  <nd ref="12606302853"/>
  <nd ref="3221325567"/>
  <tag k="highway" v="tertiary"/>
  <tag k="lit" v="yes"/>
  <tag k="maxspeed" v="50"/>
  <tag k="name" v="Park Street"/>
  <tag k="oneway" v="yes"/>
  <tag k="surface" v="asphalt"/>
 </way>
 <way id="573038806" visible="true" version="1" changeset="57526205" timestamp="2018-03-26T08:15:21Z" user="hieuvan" uid="2678766">
  <nd ref="5504800136"/>
  <nd ref="5504800135"/>
  <nd ref="5504800134"/>
  <nd ref="5504800133"/>
  <nd ref="5504800136"/>
  <tag k="amenity" v="marketplace"/>
  <tag k="name" v="Chợ Phú Gia"/>
 </way>
 <way id="573038809" visible="true" version="7" changeset="159684064" timestamp="2024-11-28T03:14:26Z" user="GrabVN_HHanh" uid="21825758">
  <nd ref="5504800149"/>
  <nd ref="8324679736"/>
  <nd ref="11114292229"/>
  <nd ref="8018685734"/>
  <nd ref="5504800148"/>
  <tag k="highway" v="residential"/>
  <tag k="surface" v="asphalt"/>
 </way>
 <way id="573038813" visible="true" version="4" changeset="146694833" timestamp="2024-01-26T02:56:16Z" user="phoenixsaigon1698" uid="3323343">
  <nd ref="4162342950"/>
  <nd ref="5504800162"/>
  <tag k="highway" v="service"/>
  <tag k="surface" v="asphalt"/>
 </way>
 <way id="576506895" visible="true" version="3" changeset="134756183" timestamp="2023-04-11T04:35:25Z" user="GrabVN_Ngaan" uid="14519322">
  <nd ref="4929698918"/>
  <nd ref="3221325497"/>
  <nd ref="3221325498"/>
  <nd ref="4929699022"/>
  <nd ref="3221325499"/>
  <tag k="highway" v="residential"/>
  <tag k="maxspeed" v="25"/>
  <tag k="name" v="Central Park"/>
  <tag k="oneway" v="yes"/>
 </way>
 <way id="576506896" visible="true" version="4" changeset="134756183" timestamp="2023-04-11T04:35:25Z" user="GrabVN_Ngaan" uid="14519322">
  <nd ref="3221325500"/>
  <nd ref="3221325499"/>
  <tag k="highway" v="residential"/>
  <tag k="maxspeed" v="25"/>
  <tag k="name" v="Central Park"/>
  <tag k="oneway" v="no"/>
 </way>
 <way id="597141212" visible="true" version="1" changeset="59796320" timestamp="2018-06-13T04:21:45Z" user="lakkarssu" uid="8196672">
  <nd ref="5686598635"/>
  <nd ref="5686598634"/>
  <tag k="highway" v="residential"/>
 </way>
 <way id="597141213" visible="true" version="2" changeset="72071634" timestamp="2019-07-09T21:54:52Z" user="Kaarti_B" uid="9029309">
  <nd ref="5686598631"/>
  <nd ref="5686598632"/>
  <nd ref="6601220623"/>
  <nd ref="5686598633"/>
  <nd ref="5686598638"/>
  <nd ref="5686598635"/>
  <nd ref="5686598637"/>
  <nd ref="5686598636"/>
  <tag k="highway" v="residential"/>
 </way>
 <way id="597141214" visible="true" version="3" changeset="72281928" timestamp="2019-07-15T21:23:24Z" user="MTBdude" uid="9564561">
  <nd ref="5686598640"/>
  <nd ref="6601220622"/>
  <nd ref="6601220621"/>
  <nd ref="5686598638"/>
  <nd ref="5686598639"/>
  <tag k="highway" v="residential"/>
  <tag k="surface" v="asphalt"/>
 </way>
 <way id="597159110" visible="true" version="1" changeset="59797569" timestamp="2018-06-13T05:41:48Z" user="lakkarssu" uid="8196672">
  <nd ref="5686742698"/>
  <nd ref="5686742697"/>
  <tag k="highway" v="residential"/>
 </way>
 <way id="597690126" visible="true" version="3" changeset="151800889" timestamp="2024-05-25T09:00:22Z" user="phoenixsaigon1698" uid="3323343">
  <nd ref="1494240940"/>
  <nd ref="5690069994"/>
  <tag k="highway" v="residential"/>
 </way>
 <way id="599126941" visible="true" version="3" changeset="105885772" timestamp="2021-06-05T14:58:15Z" user="ItsLouisAnderson" uid="11691953">
  <nd ref="5701100473"/>
  <nd ref="5701100472"/>
  <nd ref="5701100471"/>
  <nd ref="5701100476"/>
  <tag k="highway" v="service"/>
 </way>
 <way id="684547609" visible="true" version="6" changeset="183542194" timestamp="2026-06-02T11:30:42Z" user="Duy Hung Vu" uid="24026663">
  <nd ref="6413747372"/>
  <nd ref="6413747375"/>
  <tag k="highway" v="residential"/>
  <tag k="moped" v="yes"/>
  <tag k="motorcycle" v="yes"/>
  <tag k="motor_vehicle" v="no"/>
  <tag k="name" v="Ngõ 587 Đường Nguyễn Hoàng Tôn"/>
  <tag k="surface" v="asphalt"/>
 </way>
 <way id="684547610" visible="true" version="6" changeset="183542194" timestamp="2026-06-02T11:30:42Z" user="Duy Hung Vu" uid="24026663">
  <nd ref="6413747376"/>
  <nd ref="6413747373"/>
  <tag k="highway" v="residential"/>
  <tag k="moped" v="yes"/>
  <tag k="motorcycle" v="yes"/>
  <tag k="motor_vehicle" v="no"/>
  <tag k="name" v="Ngõ 589 Đường Nguyễn Hoàng Tôn"/>
  <tag k="surface" v="asphalt"/>
 </way>
 <way id="684547611" visible="true" version="6" changeset="183542194" timestamp="2026-06-02T11:30:42Z" user="Duy Hung Vu" uid="24026663">
  <nd ref="6413747374"/>
  <nd ref="6413747371"/>
  <tag k="highway" v="residential"/>
  <tag k="moped" v="yes"/>
  <tag k="motorcycle" v="yes"/>
  <tag k="motor_vehicle" v="no"/>
  <tag k="name" v="Ngõ 597 Đường Nguyễn Hoàng Tôn"/>
  <tag k="surface" v="asphalt"/>
 </way>
 <way id="684549242" visible="true" version="5" changeset="183542194" timestamp="2026-06-02T11:30:42Z" user="Duy Hung Vu" uid="24026663">
  <nd ref="6413764003"/>
  <nd ref="6413763996"/>
  <tag k="highway" v="residential"/>
  <tag k="moped" v="yes"/>
  <tag k="motorcycle" v="yes"/>
  <tag k="motor_vehicle" v="no"/>
  <tag k="name" v="Ngõ 569 Đường Nguyễn Hoàng Tôn"/>
  <tag k="surface" v="asphalt"/>
 </way>
 <way id="684549243" visible="true" version="5" changeset="183542194" timestamp="2026-06-02T11:30:42Z" user="Duy Hung Vu" uid="24026663">
  <nd ref="6413763991"/>
  <nd ref="6413763998"/>
  <tag k="highway" v="residential"/>
  <tag k="moped" v="yes"/>
  <tag k="motorcycle" v="yes"/>
  <tag k="motor_vehicle" v="no"/>
  <tag k="name" v="Ngõ 527 Đường Nguyễn Hoàng Tôn"/>
  <tag k="surface" v="asphalt"/>
 </way>
 <way id="684549246" visible="true" version="5" changeset="183542194" timestamp="2026-06-02T11:30:42Z" user="Duy Hung Vu" uid="24026663">
  <nd ref="6413764004"/>
  <nd ref="6413763997"/>
  <tag k="highway" v="residential"/>
  <tag k="moped" v="yes"/>
  <tag k="motorcycle" v="yes"/>
  <tag k="motor_vehicle" v="no"/>
  <tag k="name" v="Ngõ 555 Đường Nguyễn Hoàng Tôn"/>
  <tag k="surface" v="asphalt"/>
 </way>
 <way id="701934113" visible="true" version="8" changeset="163077382" timestamp="2025-03-01T07:59:32Z" user="Tewuzij" uid="16194143">
  <nd ref="1494239717"/>
  <nd ref="12606302883"/>
  <nd ref="12606302882"/>
  <nd ref="12606302865"/>
  <nd ref="6591831974"/>
  <nd ref="6603250076"/>
  <nd ref="1494241004"/>
  <tag k="highway" v="tertiary"/>
  <tag k="lit" v="yes"/>
  <tag k="name" v="Park Street"/>
  <tag k="oneway" v="yes"/>
  <tag k="surface" v="asphalt"/>
 </way>
 <way id="701934114" visible="true" version="8" changeset="163077382" timestamp="2025-03-01T07:59:31Z" user="Tewuzij" uid="16194143">
  <nd ref="3221325567"/>
  <nd ref="6603250077"/>
  <nd ref="6591831973"/>
  <nd ref="12606302864"/>
  <nd ref="12606302874"/>
  <nd ref="12606302875"/>
  <nd ref="2297811772"/>
  <tag k="highway" v="tertiary"/>
  <tag k="lit" v="yes"/>
  <tag k="maxspeed" v="50"/>
  <tag k="name" v="Park Street"/>
  <tag k="oneway" v="yes"/>
  <tag k="surface" v="asphalt"/>
 </way>
 <way id="702515435" visible="true" version="6" changeset="163077382" timestamp="2025-03-01T08:00:35Z" user="Tewuzij" uid="16194143">
  <nd ref="4166712798"/>
  <nd ref="6416967674"/>
  <nd ref="6597233108"/>
  <nd ref="4929698899"/>
  <tag k="highway" v="tertiary"/>
  <tag k="lit" v="yes"/>
  <tag k="name" v="Đường 40M Nam Thăng Long"/>
  <tag k="oneway" v="yes"/>
  <tag k="surface" v="asphalt"/>
 </way>
 <way id="702522534" visible="true" version="1" changeset="72026180" timestamp="2019-07-08T18:31:33Z" user="user_8759590" uid="8759590">
  <nd ref="6597239943"/>
  <nd ref="6597239941"/>
  <nd ref="6597239942"/>
  <tag k="highway" v="service"/>
  <tag k="surface" v="unpaved"/>
 </way>
 <way id="702522535" visible="true" version="5" changeset="154476699" timestamp="2024-07-27T10:34:08Z" user="openmap-vn" uid="21213273">
  <nd ref="6597239945"/>
  <nd ref="6597239944"/>
  <nd ref="10886080009"/>
  <nd ref="8298863963"/>
  <nd ref="8298863962"/>
  <nd ref="8298863959"/>
  <nd ref="12076668730"/>
  <nd ref="8298863961"/>
  <tag k="highway" v="residential"/>
  <tag k="surface" v="asphalt"/>
 </way>
 <way id="702522536" visible="true" version="1" changeset="72026180" timestamp="2019-07-08T18:31:33Z" user="user_8759590" uid="8759590">
  <nd ref="6597239948"/>
  <nd ref="6597239946"/>
  <nd ref="6597239947"/>
  <tag k="highway" v="service"/>
  <tag k="surface" v="concrete"/>
 </way>
 <way id="702523330" visible="true" version="1" changeset="72026337" timestamp="2019-07-08T18:37:20Z" user="user_8759590" uid="8759590">
  <nd ref="6597309208"/>
  <nd ref="6597309206"/>
  <nd ref="6597309207"/>
  <tag k="highway" v="service"/>
  <tag k="surface" v="asphalt"/>
 </way>
 <way id="702523331" visible="true" version="1" changeset="72026337" timestamp="2019-07-08T18:37:20Z" user="user_8759590" uid="8759590">
  <nd ref="6597309213"/>
  <nd ref="6597309212"/>
  <nd ref="6597309211"/>
  <tag k="highway" v="service"/>
  <tag k="surface" v="concrete"/>
 </way>
 <way id="702523332" visible="true" version="1" changeset="72026337" timestamp="2019-07-08T18:37:20Z" user="user_8759590" uid="8759590">
  <nd ref="6597309216"/>
  <nd ref="6597309215"/>
  <nd ref="6597309214"/>
  <tag k="highway" v="service"/>
  <tag k="surface" v="concrete"/>
 </way>
 <way id="702523333" visible="true" version="1" changeset="72026337" timestamp="2019-07-08T18:37:20Z" user="user_8759590" uid="8759590">
  <nd ref="4447084116"/>
  <nd ref="6597309217"/>
  <nd ref="4447084117"/>
  <tag k="highway" v="service"/>
  <tag k="surface" v="concrete"/>
 </way>
 <way id="702524173" visible="true" version="1" changeset="72026497" timestamp="2019-07-08T18:43:36Z" user="user_8759590" uid="8759590">
  <nd ref="6597280275"/>
  <nd ref="6597280274"/>
  <nd ref="6597280273"/>
  <tag k="highway" v="service"/>
  <tag k="surface" v="asphalt"/>
 </way>
 <way id="702535552" visible="true" version="1" changeset="72027916" timestamp="2019-07-08T19:37:14Z" user="user_8759590" uid="8759590">
  <nd ref="6597406018"/>
  <nd ref="6597406017"/>
  <tag k="highway" v="service"/>
  <tag k="surface" v="asphalt"/>
 </way>
 <way id="702556944" visible="true" version="3" changeset="183542194" timestamp="2026-06-02T11:30:42Z" user="Duy Hung Vu" uid="24026663">
  <nd ref="6597586072"/>
  <nd ref="6597586071"/>
  <tag k="highway" v="residential"/>
  <tag k="name" v="Ngõ 585 Đường Nguyễn Hoàng Tôn"/>
  <tag k="surface" v="asphalt"/>
 </way>
 <way id="703131982" visible="true" version="1" changeset="72100244" timestamp="2019-07-10T15:20:18Z" user="_Poliwrath_" uid="8759140">
  <nd ref="6603145876"/>
  <nd ref="6603145875"/>
  <tag k="highway" v="footway"/>
  <tag k="surface" v="asphalt"/>
 </way>
 <way id="703131983" visible="true" version="1" changeset="72100244" timestamp="2019-07-10T15:20:18Z" user="_Poliwrath_" uid="8759140">
  <nd ref="6603145880"/>
  <nd ref="6603145879"/>
  <tag k="highway" v="footway"/>
  <tag k="surface" v="asphalt"/>
 </way>
 <way id="703131984" visible="true" version="1" changeset="72100244" timestamp="2019-07-10T15:20:18Z" user="_Poliwrath_" uid="8759140">
  <nd ref="6603145882"/>
  <nd ref="6603145881"/>
  <tag k="highway" v="footway"/>
  <tag k="surface" v="asphalt"/>
 </way>
 <way id="703133024" visible="true" version="2" changeset="102970228" timestamp="2021-04-15T06:42:29Z" user="ItsLouisAnderson" uid="11691953">
  <nd ref="6603190386"/>
  <nd ref="6603159177"/>
  <nd ref="6603159178"/>
  <nd ref="6603190385"/>
  <nd ref="6603159179"/>
  <nd ref="6603159184"/>
  <nd ref="6603159180"/>
  <nd ref="6603159182"/>
  <nd ref="6603159181"/>
  <nd ref="6603159183"/>
  <nd ref="6603159176"/>
  <nd ref="6603159175"/>
  <nd ref="6603190386"/>
  <tag k="building" v="apartments"/>
  <tag k="building:levels" v="20"/>
  <tag k="name" v="P1 Ciputra"/>
 </way>
 <way id="704675412" visible="true" version="16" changeset="183734940" timestamp="2026-06-06T12:23:03Z" user="vietnam321" uid="11196308">
  <nd ref="12942479649"/>
  <nd ref="5686598640"/>
  <nd ref="12942479653"/>
  <nd ref="6617737144"/>
  <nd ref="6617737142"/>
  <nd ref="12942479656"/>
  <nd ref="5686742698"/>
  <nd ref="12942479659"/>
  <nd ref="6617634310"/>
  <tag k="foot" v="yes"/>
  <tag k="highway" v="primary"/>
  <tag k="lanes" v="2"/>
  <tag k="lit" v="yes"/>
  <tag k="maxspeed" v="60"/>
  <tag k="maxspeed:motorcar" v="60"/>
  <tag k="maxspeed:motorcycle" v="50"/>
  <tag k="maxspeed:type" v="VN:urban"/>
  <tag k="name" v="Đường Võ Chí Công"/>
  <tag k="name:en" v="Vo Chi Cong Road"/>
  <tag k="name:etymology:wikidata" v="Q434894"/>
  <tag k="name:vi" v="Đường Võ Chí Công"/>
  <tag k="oneway" v="yes"/>
  <tag k="sidewalk" v="right"/>
  <tag k="sidewalk:right:surface" v="paving_stones"/>
  <tag k="surface" v="asphalt"/>
  <tag k="wikidata" v="Q10841033"/>
  <tag k="wikipedia" v="vi:Đường vành đai 2 (Hà Nội)"/>
 </way>
 <way id="704697630" visible="true" version="3" changeset="152928816" timestamp="2024-06-20T07:39:06Z" user="Palary" uid="20415443">
  <nd ref="6617737141"/>
  <nd ref="8022389041"/>
  <nd ref="6617737142"/>
  <tag k="access" v="no"/>
  <tag k="highway" v="residential"/>
  <tag k="note" v="saw on ground footage, unsure how far it goes"/>
  <tag k="oneway" v="yes"/>
  <tag k="surface" v="asphalt"/>
 </way>
 <way id="704697631" visible="true" version="3" changeset="152928816" timestamp="2024-06-20T07:39:06Z" user="Palary" uid="20415443">
  <nd ref="6617737144"/>
  <nd ref="8022389042"/>
  <nd ref="6617737143"/>
  <tag k="access" v="no"/>
  <tag k="highway" v="residential"/>
  <tag k="note" v="saw on ground footage, unsure how far it goes"/>
  <tag k="oneway" v="yes"/>
  <tag k="surface" v="asphalt"/>
 </way>
 <way id="705491685" visible="true" version="13" changeset="169759667" timestamp="2025-07-31T09:32:08Z" user="Trần Thanh Tuấn" uid="16014056">
  <nd ref="8340615682"/>
  <nd ref="11072284434"/>
  <nd ref="11072284436"/>
  <nd ref="11072284435"/>
  <nd ref="11072284438"/>
  <nd ref="11072284437"/>
  <nd ref="8340615681"/>
  <nd ref="8340615680"/>
  <nd ref="8340615679"/>
  <nd ref="8340615675"/>
  <nd ref="8340615676"/>
  <nd ref="8340615677"/>
  <nd ref="8340615674"/>
  <nd ref="8340615683"/>
  <tag k="boundary" v="administrative"/>
 </way>
 <way id="709279853" visible="true" version="1" changeset="72863866" timestamp="2019-07-31T16:08:18Z" user="Baconcrisp" uid="3778777">
  <nd ref="6666351431"/>
  <nd ref="6666351432"/>
  <tag k="bridge" v="yes"/>
  <tag k="highway" v="residential"/>
  <tag k="layer" v="1"/>
  <tag k="surface" v="asphalt"/>
 </way>
 <way id="709279854" visible="true" version="7" changeset="175014851" timestamp="2025-11-23T07:13:28Z" user="Hung Tran 9x0" uid="20910140">
  <nd ref="13325621498"/>
  <nd ref="10886080015"/>
  <nd ref="4929699045"/>
  <nd ref="8022389044"/>
  <nd ref="4929699095"/>
  <nd ref="6666351431"/>
  <tag k="highway" v="residential"/>
  <tag k="surface" v="asphalt"/>
 </way>
 <way id="711945239" visible="true" version="2" changeset="102970228" timestamp="2021-04-15T06:42:29Z" user="ItsLouisAnderson" uid="11691953">
  <nd ref="6694147523"/>
  <nd ref="6694147524"/>
  <nd ref="6694147525"/>
  <nd ref="6694147526"/>
  <nd ref="6694147527"/>
  <nd ref="6694147528"/>
  <nd ref="6694147529"/>
  <nd ref="6694147530"/>
  <nd ref="6694147531"/>
  <nd ref="6694147532"/>
  <nd ref="6694147533"/>
  <nd ref="6694147534"/>
  <nd ref="6694147523"/>
  <tag k="building" v="apartments"/>
  <tag k="building:levels" v="20"/>
  <tag k="name" v="P2 Ciputra"/>
 </way>
 <way id="737167315" visible="true" version="3" changeset="145007080" timestamp="2023-12-11T16:49:56Z" user="ItsLouisAnderson" uid="11691953">
  <nd ref="6901365354"/>
  <nd ref="11410009357"/>
  <nd ref="11346083702"/>
  <nd ref="6901365353"/>
  <tag k="highway" v="service"/>
  <tag k="oneway" v="yes"/>
 </way>
 <way id="737167316" visible="true" version="2" changeset="143964687" timestamp="2023-11-13T10:44:17Z" user="GrabVN_QThoai" uid="15740602">
  <nd ref="6901365355"/>
  <nd ref="11346083703"/>
  <nd ref="6901365356"/>
  <tag k="highway" v="service"/>
  <tag k="oneway" v="yes"/>
 </way>
 <way id="737167317" visible="true" version="5" changeset="145007080" timestamp="2023-12-11T16:49:56Z" user="ItsLouisAnderson" uid="11691953">
  <nd ref="4929699063"/>
  <nd ref="6901365359"/>
  <nd ref="4929699050"/>
  <tag k="highway" v="residential"/>
 </way>
 <way id="737167318" visible="true" version="4" changeset="151801441" timestamp="2024-05-25T09:14:20Z" user="phoenixsaigon1698" uid="3323343">
  <nd ref="5504800148"/>
  <nd ref="11932623619"/>
  <nd ref="4929699075"/>
  <tag k="highway" v="tertiary"/>
  <tag k="oneway" v="yes"/>
 </way>
 <way id="737167319" visible="true" version="5" changeset="151801441" timestamp="2024-05-25T09:14:20Z" user="phoenixsaigon1698" uid="3323343">
  <nd ref="4929699050"/>
  <nd ref="6901365362"/>
  <tag k="highway" v="tertiary"/>
  <tag k="oneway" v="yes"/>
 </way>
 <way id="737167320" visible="true" version="6" changeset="151801441" timestamp="2024-05-25T09:14:20Z" user="phoenixsaigon1698" uid="3323343">
  <nd ref="6901365362"/>
  <nd ref="8018685737"/>
  <nd ref="4929699043"/>
  <nd ref="10886067203"/>
  <tag k="highway" v="tertiary"/>
  <tag k="oneway" v="yes"/>
 </way>
 <way id="737167321" visible="true" version="6" changeset="175901136" timestamp="2025-12-13T22:24:26Z" user="pepsi_max2k" uid="14719801">
  <nd ref="12578551162"/>
  <nd ref="12606302863"/>
  <nd ref="6901365364"/>
  <nd ref="6901365365"/>
  <nd ref="6901365366"/>
  <tag k="highway" v="residential"/>
 </way>
 <way id="737167322" visible="true" version="2" changeset="109818084" timestamp="2021-08-17T14:52:25Z" user="Robert Knobloch" uid="11928550">
  <nd ref="4929698918"/>
  <nd ref="6901365369"/>
  <nd ref="6901365368"/>
  <nd ref="9014422792"/>
  <nd ref="6901365370"/>
  <nd ref="6901365371"/>
  <nd ref="6901365372"/>
  <nd ref="6901365373"/>
  <nd ref="6901365365"/>
  <tag k="highway" v="residential"/>
 </way>
 <way id="860371399" visible="true" version="2" changeset="145007080" timestamp="2023-12-11T16:49:56Z" user="ItsLouisAnderson" uid="11691953">
  <nd ref="8018685693"/>
  <nd ref="8018685697"/>
  <nd ref="11410009351"/>
  <nd ref="8018685694"/>
  <nd ref="8018685695"/>
  <nd ref="8018685696"/>
  <nd ref="8018685693"/>
  <tag k="building" v="apartments"/>
  <tag k="building:levels" v="31"/>
  <tag k="name" v="Lạc Hồng West Lake A"/>
 </way>
 <way id="860371400" visible="true" version="1" changeset="92659155" timestamp="2020-10-18T14:43:51Z" user="ItsLouisAnderson" uid="11691953">
  <nd ref="8018685693"/>
  <nd ref="8018685697"/>
  <nd ref="8018685698"/>
  <nd ref="8018685699"/>
  <nd ref="8018685700"/>
  <nd ref="8018685693"/>
  <tag k="building" v="apartments"/>
  <tag k="building:levels" v="29"/>
  <tag k="name" v="Lạc Hồng West Lake B"/>
 </way>
 <way id="860371401" visible="true" version="2" changeset="145007080" timestamp="2023-12-11T16:49:56Z" user="ItsLouisAnderson" uid="11691953">
  <nd ref="8018685701"/>
  <nd ref="8018685702"/>
  <nd ref="8018685703"/>
  <nd ref="8018685704"/>
  <nd ref="8018685705"/>
  <nd ref="8018685706"/>
  <nd ref="8018685707"/>
  <nd ref="11410009348"/>
  <nd ref="8018685701"/>
  <tag k="addr:city" v="Hà Nội"/>
  <tag k="addr:district" v="Tây Hồ"/>
  <tag k="addr:province" v="Hà Nội"/>
  <tag k="addr:subdistrict" v="Phú Thượng"/>
  <tag k="landuse" v="residential"/>
  <tag k="name" v="Sunshine Riverside"/>
  <tag k="operator" v="Sunshine Group"/>
  <tag k="residential" v="apartments"/>
 </way>
 <way id="860371407" visible="true" version="3" changeset="139871398" timestamp="2023-08-14T13:10:51Z" user="ItsLouisAnderson" uid="11691953">
  <nd ref="10886080006"/>
  <nd ref="8018685733"/>
  <nd ref="8018685736"/>
  <nd ref="8018685734"/>
  <tag k="highway" v="residential"/>
 </way>
 <way id="860371408" visible="true" version="3" changeset="139871398" timestamp="2023-08-14T13:10:51Z" user="ItsLouisAnderson" uid="11691953">
  <nd ref="8018685735"/>
  <nd ref="8018685736"/>
  <nd ref="10886067201"/>
  <tag k="highway" v="residential"/>
 </way>
 <way id="860721511" visible="true" version="2" changeset="152928816" timestamp="2024-06-20T07:39:06Z" user="Palary" uid="20415443">
  <nd ref="8022389022"/>
  <nd ref="6617737143"/>
  <nd ref="8022389023"/>
  <nd ref="8022389024"/>
  <nd ref="8022389025"/>
  <nd ref="8022389026"/>
  <nd ref="8022389027"/>
  <nd ref="8022389028"/>
  <nd ref="8022389029"/>
  <nd ref="8022389030"/>
  <nd ref="8022389040"/>
  <nd ref="8022389031"/>
  <nd ref="8022389032"/>
  <nd ref="8022389033"/>
  <nd ref="8022389034"/>
  <nd ref="8022389035"/>
  <nd ref="8022389036"/>
  <nd ref="8022389037"/>
  <nd ref="8022389038"/>
  <nd ref="8022389039"/>
  <nd ref="6617737141"/>
  <nd ref="8022389022"/>
  <tag k="access" v="no"/>
  <tag k="highway" v="residential"/>
  <tag k="junction" v="roundabout"/>
  <tag k="oneway" v="yes"/>
 </way>
 <way id="860721514" visible="true" version="1" changeset="92717557" timestamp="2020-10-19T15:23:30Z" user="ItsLouisAnderson" uid="11691953">
  <nd ref="8018685701"/>
  <nd ref="8018685702"/>
  <nd ref="8018685703"/>
  <nd ref="8022389055"/>
  <nd ref="8022389056"/>
  <nd ref="8018685701"/>
  <tag k="landuse" v="residential"/>
  <tag k="name" v="Lạc Hồng West Lake"/>
  <tag k="residential" v="apartments"/>
 </way>
 <way id="876122674" visible="true" version="3" changeset="110807120" timestamp="2021-09-06T14:28:47Z" user="Robert Knobloch" uid="11928550">
  <nd ref="8154316210"/>
  <nd ref="9066999692"/>
  <nd ref="9066999690"/>
  <nd ref="8154316211"/>
  <nd ref="9066999689"/>
  <nd ref="9066999696"/>
  <nd ref="8154316212"/>
  <nd ref="9066999695"/>
  <nd ref="9066999694"/>
  <nd ref="8154316213"/>
  <nd ref="9066999693"/>
  <nd ref="9066999691"/>
  <nd ref="8154316210"/>
  <tag k="access" v="yes"/>
  <tag k="leisure" v="playground"/>
  <tag k="lit" v="yes"/>
  <tag k="max_age" v="12"/>
  <tag k="min_age" v="4"/>
  <tag k="sport" v="multi"/>
 </way>
 <way id="892907797" visible="true" version="8" changeset="144893025" timestamp="2023-12-08T08:37:56Z" user="Arkskyle" uid="17344224">
  <nd ref="8298863949"/>
  <nd ref="8298863948"/>
  <nd ref="8298863947"/>
  <tag k="highway" v="residential"/>
  <tag k="oneway" v="yes"/>
 </way>
 <way id="892907798" visible="true" version="9" changeset="152028346" timestamp="2024-05-30T10:51:50Z" user="ItsLouisAnderson" uid="11691953">
  <nd ref="6416926574"/>
  <nd ref="8298863951"/>
  <nd ref="8298863952"/>
  <tag k="highway" v="residential"/>
  <tag k="oneway" v="yes"/>
 </way>
 <way id="892907799" visible="true" version="4" changeset="162765677" timestamp="2025-02-21T06:02:23Z" user="ZioDragon" uid="13799024">
  <nd ref="8298863954"/>
  <nd ref="8298863955"/>
  <nd ref="8298863952"/>
  <tag k="highway" v="residential"/>
  <tag k="motorcycle" v="yes"/>
  <tag k="name" v="K2 Ciputra"/>
 </way>
 <way id="892907800" visible="true" version="2" changeset="141105024" timestamp="2023-09-11T10:40:27Z" user="Oksana18_18" uid="19153593">
  <nd ref="8298863956"/>
  <nd ref="8298863955"/>
  <tag k="highway" v="residential"/>
  <tag k="motorcycle" v="yes"/>
 </way>
 <way id="892907801" visible="true" version="3" changeset="141105024" timestamp="2023-09-11T10:40:27Z" user="Oksana18_18" uid="19153593">
  <nd ref="6416926577"/>
  <nd ref="8298863954"/>
  <nd ref="4447084118"/>
  <tag k="highway" v="residential"/>
  <tag k="motorcycle" v="yes"/>
 </way>
 <way id="892907802" visible="true" version="2" changeset="141105024" timestamp="2023-09-11T10:40:27Z" user="Oksana18_18" uid="19153593">
  <nd ref="8298863958"/>
  <nd ref="4929699047"/>
  <tag k="highway" v="residential"/>
  <tag k="motorcycle" v="yes"/>
 </way>
 <way id="892907803" visible="true" version="3" changeset="162765677" timestamp="2025-02-21T06:02:23Z" user="ZioDragon" uid="13799024">
  <nd ref="8298863949"/>
  <nd ref="8298863958"/>
  <nd ref="8298863959"/>
  <tag k="highway" v="residential"/>
  <tag k="motorcycle" v="yes"/>
  <tag k="name" v="K4 Ciputra"/>
 </way>
 <way id="892907804" visible="true" version="2" changeset="143964687" timestamp="2023-11-13T10:44:17Z" user="GrabVN_QThoai" uid="15740602">
  <nd ref="8298863964"/>
  <nd ref="11346083699"/>
  <nd ref="11346083700"/>
  <nd ref="4929699086"/>
  <tag k="highway" v="residential"/>
  <tag k="motorcar" v="no"/>
  <tag k="motorcycle" v="yes"/>
 </way>
 <way id="895512099" visible="true" version="3" changeset="176870589" timestamp="2026-01-05T16:58:48Z" user="pepsi_max2k" uid="14719801">
  <nd ref="8324158204"/>
  <nd ref="13432891627"/>
  <nd ref="13432891628"/>
  <nd ref="8324158203"/>
  <nd ref="8324158202"/>
  <nd ref="8324158201"/>
  <nd ref="4162342926"/>
  <tag k="highway" v="service"/>
 </way>
 <way id="895550072" visible="true" version="4" changeset="182548532" timestamp="2026-05-12T10:47:15Z" user="GrabVN_HHanh" uid="21825758">
  <nd ref="6901365362"/>
  <nd ref="4929699051"/>
  <tag k="highway" v="residential"/>
 </way>
 <way id="895567485" visible="true" version="2" changeset="182548532" timestamp="2026-05-12T10:47:15Z" user="GrabVN_HHanh" uid="21825758">
  <nd ref="8324629976"/>
  <nd ref="13820901454"/>
  <nd ref="13820901444"/>
  <nd ref="13820901427"/>
  <nd ref="8324629975"/>
  <tag k="highway" v="residential"/>
 </way>
 <way id="896407098" visible="true" version="3" changeset="165010562" timestamp="2025-04-16T05:11:39Z" user="GrabVN_Dang" uid="21825913">
  <nd ref="8332872813"/>
  <nd ref="8332872812"/>
  <nd ref="8332872811"/>
  <nd ref="12758925763"/>
  <nd ref="8332872810"/>
  <tag k="highway" v="residential"/>
 </way>
 <way id="896862338" visible="true" version="3" changeset="162765677" timestamp="2025-02-21T06:02:23Z" user="ZioDragon" uid="13799024">
  <nd ref="4929699083"/>
  <nd ref="4929698899"/>
  <tag k="highway" v="tertiary"/>
  <tag k="oneway" v="yes"/>
  <tag k="surface" v="asphalt"/>
 </way>
 <way id="896916422" visible="true" version="2" changeset="139241036" timestamp="2023-07-31T08:13:15Z" user="Grab_Cong" uid="18820325">
  <nd ref="8337098994"/>
  <nd ref="8337098995"/>
  <tag k="bridge" v="yes"/>
  <tag k="highway" v="residential"/>
  <tag k="layer" v="1"/>
  <tag k="surface" v="unpaved"/>
 </way>
 <way id="896916423" visible="true" version="2" changeset="139241036" timestamp="2023-07-31T08:13:15Z" user="Grab_Cong" uid="18820325">
  <nd ref="4929699088"/>
  <nd ref="4447083980"/>
  <nd ref="4447083981"/>
  <nd ref="8337098994"/>
  <tag k="highway" v="residential"/>
  <tag k="surface" v="unpaved"/>
 </way>
 <way id="896916427" visible="true" version="5" changeset="151801441" timestamp="2024-05-25T09:14:20Z" user="phoenixsaigon1698" uid="3323343">
  <nd ref="4162342943"/>
  <nd ref="4162342942"/>
  <tag k="highway" v="residential"/>
 </way>
 <way id="896916431" visible="true" version="6" changeset="175901049" timestamp="2025-12-13T22:21:36Z" user="pepsi_max2k" uid="14719801">
  <nd ref="12606302863"/>
  <nd ref="12606302862"/>
  <nd ref="12606302861"/>
  <nd ref="12606302860"/>
  <nd ref="12606302859"/>
  <nd ref="12606302858"/>
  <nd ref="12606302857"/>
  <nd ref="13374994269"/>
  <nd ref="12606302856"/>
  <nd ref="12606302855"/>
  <nd ref="4447083986"/>
  <nd ref="6901453298"/>
  <nd ref="4447083987"/>
  <nd ref="5933680842"/>
  <tag k="highway" v="path"/>
 </way>
 <way id="897395330" visible="true" version="2" changeset="162765677" timestamp="2025-02-21T06:02:23Z" user="ZioDragon" uid="13799024">
  <nd ref="8336557488"/>
  <nd ref="4162342927"/>
  <tag k="highway" v="tertiary"/>
  <tag k="oneway" v="yes"/>
 </way>
 <way id="911530643" visible="true" version="3" changeset="167733705" timestamp="2025-06-17T11:23:09Z" user="HoangQuanHDFPV" uid="22644759">
  <nd ref="4162342942"/>
  <nd ref="6901336673"/>
  <tag k="highway" v="residential"/>
  <tag k="name" v="Đường KĐT Nam Thăng Long"/>
 </way>
 <way id="939782537" visible="true" version="2" changeset="104244713" timestamp="2021-05-06T10:40:09Z" user="kampa_sati" uid="11659601">
  <nd ref="5686598639"/>
  <nd ref="8705030985"/>
  <nd ref="8705030986"/>
  <nd ref="8705030987"/>
  <nd ref="8705030994"/>
  <nd ref="8705030993"/>
  <nd ref="8704949381"/>
  <nd ref="5686598634"/>
  <nd ref="8705030992"/>
  <nd ref="8705030991"/>
  <nd ref="8705030990"/>
  <nd ref="8705030989"/>
  <nd ref="8705030988"/>
  <nd ref="5686598636"/>
  <tag k="highway" v="residential"/>
 </way>
 <way id="948955244" visible="true" version="2" changeset="105604332" timestamp="2021-05-31T07:31:28Z" user="madhireddy_kavya" uid="12625837">
  <nd ref="8784681229"/>
  <nd ref="8784681228"/>
  <tag k="highway" v="residential"/>
  <tag k="name" v="Ngõ 569 Đường Nguyễn Hoàng Tôn"/>
 </way>
 <way id="951487904" visible="true" version="1" changeset="105885772" timestamp="2021-06-05T14:58:15Z" user="ItsLouisAnderson" uid="11691953">
  <nd ref="8807115765"/>
  <nd ref="8807115766"/>
  <nd ref="8807115767"/>
  <nd ref="8807115768"/>
  <nd ref="8807115765"/>
  <tag k="leisure" v="pitch"/>
  <tag k="sport" v="tennis"/>
 </way>
 <way id="951487905" visible="true" version="1" changeset="105885772" timestamp="2021-06-05T14:58:15Z" user="ItsLouisAnderson" uid="11691953">
  <nd ref="8807115766"/>
  <nd ref="8807115769"/>
  <nd ref="8807115770"/>
  <nd ref="8807115767"/>
  <nd ref="8807115766"/>
  <tag k="leisure" v="pitch"/>
  <tag k="sport" v="tennis"/>
 </way>
 <way id="951487906" visible="true" version="1" changeset="105885772" timestamp="2021-06-05T14:58:15Z" user="ItsLouisAnderson" uid="11691953">
  <nd ref="8807115769"/>
  <nd ref="8807115771"/>
  <nd ref="8807115772"/>
  <nd ref="8807115770"/>
  <nd ref="8807115769"/>
  <tag k="leisure" v="pitch"/>
  <tag k="sport" v="tennis"/>
 </way>
 <way id="951487908" visible="true" version="1" changeset="105885772" timestamp="2021-06-05T14:58:15Z" user="ItsLouisAnderson" uid="11691953">
  <nd ref="5701100476"/>
  <nd ref="5701100470"/>
  <nd ref="5701100474"/>
  <nd ref="5701100473"/>
  <tag k="highway" v="service"/>
 </way>
 <way id="951487914" visible="true" version="1" changeset="105885772" timestamp="2021-06-05T14:58:15Z" user="ItsLouisAnderson" uid="11691953">
  <nd ref="8807115812"/>
  <nd ref="8807115813"/>
  <nd ref="8807115814"/>
  <nd ref="8807115815"/>
  <nd ref="8807115816"/>
  <nd ref="8807115817"/>
  <nd ref="8807115818"/>
  <nd ref="8807115819"/>
  <nd ref="8807115820"/>
  <nd ref="8807115821"/>
  <nd ref="8807115822"/>
  <nd ref="8807115823"/>
  <nd ref="8807115824"/>
  <nd ref="8807115825"/>
  <nd ref="8807115826"/>
  <nd ref="8807115827"/>
  <nd ref="8807115828"/>
  <nd ref="8807115829"/>
  <nd ref="8807115839"/>
  <nd ref="8807115830"/>
  <nd ref="8807115831"/>
  <nd ref="8807115832"/>
  <nd ref="8807115833"/>
  <nd ref="8807115834"/>
  <nd ref="8807115835"/>
  <nd ref="8807115836"/>
  <nd ref="8807115837"/>
  <nd ref="8807115838"/>
  <nd ref="8807115812"/>
 </way>
 <way id="951487916" visible="true" version="1" changeset="105885772" timestamp="2021-06-05T14:58:15Z" user="ItsLouisAnderson" uid="11691953">
  <nd ref="8807115844"/>
  <nd ref="8807115845"/>
  <nd ref="8807115846"/>
  <nd ref="8807115847"/>
  <nd ref="8807115848"/>
  <nd ref="8807115849"/>
  <nd ref="8807115850"/>
  <nd ref="8807115844"/>
  <tag k="building" v="school"/>
 </way>
 <way id="951487917" visible="true" version="1" changeset="105885772" timestamp="2021-06-05T14:58:15Z" user="ItsLouisAnderson" uid="11691953">
  <nd ref="8807115851"/>
  <nd ref="8807115852"/>
  <nd ref="8807115853"/>
  <nd ref="8807115854"/>
  <nd ref="8807115851"/>
  <tag k="building" v="school"/>
 </way>
 <way id="951487918" visible="true" version="1" changeset="105885772" timestamp="2021-06-05T14:58:15Z" user="ItsLouisAnderson" uid="11691953">
  <nd ref="8807115855"/>
  <nd ref="8807115856"/>
  <nd ref="8807115857"/>
  <nd ref="8807115858"/>
  <nd ref="8807115855"/>
  <tag k="building" v="school"/>
 </way>
 <way id="951487920" visible="true" version="1" changeset="105885772" timestamp="2021-06-05T14:58:15Z" user="ItsLouisAnderson" uid="11691953">
  <nd ref="8807115865"/>
  <nd ref="8807115866"/>
  <nd ref="8807115867"/>
  <nd ref="8807115868"/>
  <nd ref="8807115869"/>
  <nd ref="8807115870"/>
  <nd ref="8807115871"/>
  <nd ref="8807115872"/>
  <nd ref="8807115873"/>
  <nd ref="8807115874"/>
  <nd ref="8807115875"/>
  <nd ref="8807115876"/>
  <nd ref="8807115877"/>
  <nd ref="8807115878"/>
  <nd ref="8807115879"/>
  <nd ref="8807115880"/>
  <nd ref="8807115881"/>
  <nd ref="8807115882"/>
  <nd ref="8807115883"/>
  <nd ref="8807115884"/>
  <nd ref="8807115865"/>
  <tag k="landuse" v="grass"/>
 </way>
 <way id="951487921" visible="true" version="1" changeset="105885772" timestamp="2021-06-05T14:58:15Z" user="ItsLouisAnderson" uid="11691953">
  <nd ref="5485722072"/>
  <nd ref="5485722071"/>
  <nd ref="5485722070"/>
  <tag k="layer" v="-1"/>
  <tag k="tunnel" v="culvert"/>
  <tag k="waterway" v="drain"/>
 </way>
 <way id="953358525" visible="true" version="1" changeset="106211041" timestamp="2021-06-11T11:27:30Z" user="y_rupi" uid="11589838">
  <nd ref="8824244658"/>
  <nd ref="8824244657"/>
  <nd ref="8824244650"/>
  <nd ref="8824244656"/>
  <nd ref="8824244655"/>
  <nd ref="8824244654"/>
  <nd ref="8824244651"/>
  <nd ref="8824244653"/>
  <nd ref="8824244652"/>
  <tag k="highway" v="service"/>
 </way>
 <way id="953387125" visible="true" version="2" changeset="138128605" timestamp="2023-07-05T03:22:26Z" user="GrabVN_QThoai" uid="15740602">
  <nd ref="8824437775"/>
  <nd ref="8824437774"/>
  <nd ref="4162342943"/>
  <tag k="highway" v="construction"/>
 </way>
 <way id="953388391" visible="true" version="1" changeset="106214490" timestamp="2021-06-11T12:26:38Z" user="y_rupi" uid="11589838">
  <nd ref="1613088783"/>
  <nd ref="8824476581"/>
  <nd ref="8824476580"/>
  <nd ref="8824476579"/>
  <nd ref="8824476578"/>
  <nd ref="8824476577"/>
  <nd ref="8824476576"/>
  <nd ref="8824476575"/>
  <nd ref="8824476574"/>
  <nd ref="8824476573"/>
  <tag k="highway" v="service"/>
 </way>
 <way id="954151985" visible="true" version="1" changeset="106313178" timestamp="2021-06-14T06:42:10Z" user="ItsLouisAnderson" uid="11691953">
  <nd ref="8831123301"/>
  <nd ref="8831123300"/>
  <nd ref="8831123299"/>
  <nd ref="8831123224"/>
  <nd ref="8831123225"/>
  <tag k="bicycle" v="designated"/>
  <tag k="foot" v="designated"/>
  <tag k="highway" v="cycleway"/>
 </way>
 <way id="954151986" visible="true" version="1" changeset="106313178" timestamp="2021-06-14T06:42:10Z" user="ItsLouisAnderson" uid="11691953">
  <nd ref="8831123225"/>
  <nd ref="8831123227"/>
  <nd ref="8831123228"/>
  <nd ref="8831123226"/>
  <tag k="bicycle" v="designated"/>
  <tag k="cycleway" v="crossing"/>
  <tag k="foot" v="designated"/>
  <tag k="highway" v="cycleway"/>
 </way>
 <way id="954151987" visible="true" version="2" changeset="109818084" timestamp="2021-08-17T14:52:25Z" user="Robert Knobloch" uid="11928550">
  <nd ref="8831123226"/>
  <nd ref="9014423073"/>
  <nd ref="8831123229"/>
  <nd ref="8831123230"/>
  <nd ref="8831123231"/>
  <nd ref="8831123232"/>
  <nd ref="8831123233"/>
  <nd ref="8831123234"/>
  <nd ref="8831123235"/>
  <nd ref="8831123236"/>
  <nd ref="8831123237"/>
  <nd ref="8831123239"/>
  <nd ref="8831123240"/>
  <nd ref="8831123241"/>
  <nd ref="8831123242"/>
  <nd ref="8831123243"/>
  <nd ref="8831123244"/>
  <nd ref="8831123248"/>
  <nd ref="8831123245"/>
  <nd ref="8831123249"/>
  <nd ref="8831123246"/>
  <nd ref="8831123247"/>
  <tag k="bicycle" v="designated"/>
  <tag k="foot" v="designated"/>
  <tag k="highway" v="cycleway"/>
 </way>
 <way id="954151989" visible="true" version="2" changeset="142333621" timestamp="2023-10-09T06:33:52Z" user="ItsLouisAnderson" uid="11691953">
  <nd ref="8831123225"/>
  <nd ref="11250395832"/>
  <nd ref="11250395833"/>
  <nd ref="11250395834"/>
  <nd ref="11250395835"/>
  <nd ref="11250395836"/>
  <nd ref="11250453937"/>
  <nd ref="11250453938"/>
  <nd ref="11250453939"/>
  <nd ref="11250453940"/>
  <nd ref="11250453943"/>
  <nd ref="8831123255"/>
  <nd ref="8831123254"/>
  <nd ref="8831123257"/>
  <nd ref="8831123253"/>
  <nd ref="8831123252"/>
  <nd ref="8831123256"/>
  <nd ref="8831123259"/>
  <nd ref="8831123258"/>
  <nd ref="8831123260"/>
  <nd ref="8831123261"/>
  <nd ref="8831123262"/>
  <nd ref="8831123263"/>
  <nd ref="8831123264"/>
  <nd ref="8831123265"/>
  <nd ref="8831123266"/>
  <tag k="bicycle" v="designated"/>
  <tag k="foot" v="designated"/>
  <tag k="highway" v="cycleway"/>
 </way>
 <way id="954248816" visible="true" version="2" changeset="115539705" timestamp="2021-12-29T22:09:42Z" user="Robert Knobloch" uid="11928550">
  <nd ref="8831929409"/>
  <nd ref="8831929408"/>
  <nd ref="8831929407"/>
  <nd ref="8831929406"/>
  <nd ref="8831929405"/>
  <nd ref="8831929404"/>
  <nd ref="8831929403"/>
  <nd ref="8831929402"/>
  <tag k="highway" v="footway"/>
 </way>
 <way id="954249781" visible="true" version="2" changeset="115539705" timestamp="2021-12-29T22:09:42Z" user="Robert Knobloch" uid="11928550">
  <nd ref="873571792"/>
  <nd ref="8831988268"/>
  <nd ref="8831988267"/>
  <nd ref="8831988266"/>
  <nd ref="8831988265"/>
  <tag k="highway" v="residential"/>
 </way>
 <way id="972951531" visible="true" version="3" changeset="151800889" timestamp="2024-05-25T09:00:22Z" user="phoenixsaigon1698" uid="3323343">
  <nd ref="1494241221"/>
  <nd ref="9005146738"/>
  <tag k="highway" v="residential"/>
 </way>
 <way id="972951533" visible="true" version="3" changeset="165176642" timestamp="2025-04-20T03:46:38Z" user="vietnam321" uid="11196308">
  <nd ref="9005146744"/>
  <nd ref="9005146745"/>
  <nd ref="9005146746"/>
  <nd ref="9005146747"/>
  <nd ref="9005146748"/>
  <nd ref="9005146749"/>
  <nd ref="9005146750"/>
  <nd ref="9005146751"/>
  <nd ref="9005146752"/>
  <nd ref="9005146753"/>
  <nd ref="9005146754"/>
  <nd ref="9005146755"/>
  <nd ref="9005146744"/>
  <tag k="building" v="yes"/>
 </way>
 <way id="972951534" visible="true" version="1" changeset="109647365" timestamp="2021-08-13T20:01:32Z" user="Robert Knobloch" uid="11928550">
  <nd ref="9005146756"/>
  <nd ref="9005146757"/>
  <nd ref="9005146758"/>
  <nd ref="9005146759"/>
  <nd ref="9005146756"/>
  <tag k="building" v="yes"/>
 </way>
 <way id="972951535" visible="true" version="1" changeset="109647365" timestamp="2021-08-13T20:01:32Z" user="Robert Knobloch" uid="11928550">
  <nd ref="9005146760"/>
  <nd ref="9005146761"/>
  <nd ref="9005146762"/>
  <nd ref="9005146763"/>
  <nd ref="9005146760"/>
  <tag k="building" v="yes"/>
 </way>
 <way id="972951536" visible="true" version="3" changeset="165176642" timestamp="2025-04-20T03:46:38Z" user="vietnam321" uid="11196308">
  <nd ref="9005146764"/>
  <nd ref="9005146765"/>
  <nd ref="9005146766"/>
  <nd ref="9005146767"/>
  <nd ref="9005146768"/>
  <nd ref="9005146769"/>
  <nd ref="9005146770"/>
  <nd ref="9005146771"/>
  <nd ref="9005146772"/>
  <nd ref="9005146773"/>
  <nd ref="9005146764"/>
  <tag k="building" v="yes"/>
 </way>
 <way id="972951537" visible="true" version="3" changeset="165176642" timestamp="2025-04-20T03:46:38Z" user="vietnam321" uid="11196308">
  <nd ref="9005146774"/>
  <nd ref="9005146775"/>
  <nd ref="9005146776"/>
  <nd ref="9005146777"/>
  <nd ref="9005146774"/>
  <tag k="building" v="yes"/>
 </way>
 <way id="972951538" visible="true" version="1" changeset="109647365" timestamp="2021-08-13T20:01:32Z" user="Robert Knobloch" uid="11928550">
  <nd ref="9005146778"/>
  <nd ref="9005146779"/>
  <nd ref="9005146780"/>
  <nd ref="9005146781"/>
  <nd ref="9005146778"/>
  <tag k="building" v="yes"/>
 </way>
 <way id="972951539" visible="true" version="1" changeset="109647365" timestamp="2021-08-13T20:01:32Z" user="Robert Knobloch" uid="11928550">
  <nd ref="9005146786"/>
  <nd ref="9005146787"/>
  <nd ref="9005146788"/>
  <nd ref="9005146789"/>
  <nd ref="9005146790"/>
  <nd ref="9005146791"/>
  <nd ref="9005146792"/>
  <nd ref="9005146798"/>
  <nd ref="9005146793"/>
  <nd ref="9005146794"/>
  <nd ref="9005146795"/>
  <nd ref="9005146796"/>
  <nd ref="9005146797"/>
  <nd ref="9005146787"/>
  <tag k="highway" v="footway"/>
 </way>
 <way id="972951540" visible="true" version="2" changeset="151800889" timestamp="2024-05-25T09:00:22Z" user="phoenixsaigon1698" uid="3323343">
  <nd ref="9005146798"/>
  <nd ref="1494242598"/>
  <tag k="highway" v="footway"/>
 </way>
 <way id="972951549" visible="true" version="3" changeset="165176642" timestamp="2025-04-20T03:46:38Z" user="vietnam321" uid="11196308">
  <nd ref="9005148727"/>
  <nd ref="9005148728"/>
  <nd ref="9005148729"/>
  <nd ref="9005148730"/>
  <nd ref="9005148727"/>
  <tag k="building" v="yes"/>
 </way>
 <way id="972951550" visible="true" version="3" changeset="165176642" timestamp="2025-04-20T03:46:38Z" user="vietnam321" uid="11196308">
  <nd ref="9005148731"/>
  <nd ref="9005148732"/>
  <nd ref="9005148733"/>
  <nd ref="9005148734"/>
  <nd ref="9005148731"/>
  <tag k="building" v="yes"/>
 </way>
 <way id="972951551" visible="true" version="3" changeset="165176642" timestamp="2025-04-20T03:46:38Z" user="vietnam321" uid="11196308">
  <nd ref="9005148735"/>
  <nd ref="9005148736"/>
  <nd ref="9005148737"/>
  <nd ref="9005148738"/>
  <nd ref="9005148735"/>
  <tag k="building" v="yes"/>
 </way>
 <way id="972951552" visible="true" version="3" changeset="165176642" timestamp="2025-04-20T03:46:38Z" user="vietnam321" uid="11196308">
  <nd ref="9005148739"/>
  <nd ref="9005148740"/>
  <nd ref="9005148741"/>
  <nd ref="9005148742"/>
  <nd ref="9005148739"/>
  <tag k="building" v="yes"/>
 </way>
 <way id="972951553" visible="true" version="3" changeset="165176642" timestamp="2025-04-20T03:46:38Z" user="vietnam321" uid="11196308">
  <nd ref="9005148743"/>
  <nd ref="9005148744"/>
  <nd ref="9005148745"/>
  <nd ref="9005148746"/>
  <nd ref="9005148743"/>
  <tag k="building" v="yes"/>
 </way>
 <way id="972951554" visible="true" version="3" changeset="165176642" timestamp="2025-04-20T03:46:38Z" user="vietnam321" uid="11196308">
  <nd ref="9005148747"/>
  <nd ref="9005148748"/>
  <nd ref="9005148749"/>
  <nd ref="9005148750"/>
  <nd ref="9005148747"/>
  <tag k="building" v="yes"/>
 </way>
 <way id="972951555" visible="true" version="3" changeset="165176642" timestamp="2025-04-20T03:46:38Z" user="vietnam321" uid="11196308">
  <nd ref="9005148748"/>
  <nd ref="9005148751"/>
  <nd ref="9005148752"/>
  <nd ref="9005148753"/>
  <nd ref="9005148748"/>
  <tag k="building" v="yes"/>
 </way>
 <way id="972951556" visible="true" version="3" changeset="165176642" timestamp="2025-04-20T03:46:38Z" user="vietnam321" uid="11196308">
  <nd ref="9005148754"/>
  <nd ref="9005148755"/>
  <nd ref="9005148756"/>
  <nd ref="9005148757"/>
  <nd ref="9005148754"/>
  <tag k="building" v="yes"/>
 </way>
 <way id="972951557" visible="true" version="3" changeset="165176642" timestamp="2025-04-20T03:46:38Z" user="vietnam321" uid="11196308">
  <nd ref="9005148758"/>
  <nd ref="9005148759"/>
  <nd ref="9005148760"/>
  <nd ref="9005148761"/>
  <nd ref="9005148758"/>
  <tag k="building" v="yes"/>
 </way>
 <way id="972951558" visible="true" version="3" changeset="165176642" timestamp="2025-04-20T03:46:38Z" user="vietnam321" uid="11196308">
  <nd ref="9005148762"/>
  <nd ref="9005148763"/>
  <nd ref="9005148764"/>
  <nd ref="9005148765"/>
  <nd ref="9005148762"/>
  <tag k="building" v="yes"/>
 </way>
 <way id="972951560" visible="true" version="1" changeset="109647365" timestamp="2021-08-13T20:01:32Z" user="Robert Knobloch" uid="11928550">
  <nd ref="9005148777"/>
  <nd ref="9005148778"/>
  <nd ref="9005148779"/>
  <nd ref="9005148780"/>
  <nd ref="9005148777"/>
  <tag k="hoops" v="2"/>
  <tag k="leisure" v="pitch"/>
  <tag k="lit" v="yes"/>
  <tag k="sport" v="basketball"/>
 </way>
 <way id="974063065" visible="true" version="2" changeset="139114344" timestamp="2023-07-28T03:28:50Z" user="phoenixsaigon1698" uid="3323343">
  <nd ref="9014368603"/>
  <nd ref="9014368604"/>
  <nd ref="9014368605"/>
  <nd ref="9014368606"/>
  <nd ref="9014368607"/>
  <nd ref="9014368608"/>
  <nd ref="9014368609"/>
  <nd ref="9014368610"/>
  <nd ref="9014368611"/>
  <nd ref="9014368612"/>
  <nd ref="9014368613"/>
  <nd ref="9014368614"/>
  <nd ref="9014368615"/>
  <nd ref="9014422717"/>
  <nd ref="9014422718"/>
  <nd ref="9014422719"/>
  <nd ref="9014422720"/>
  <nd ref="9014422721"/>
  <nd ref="9014422722"/>
  <nd ref="9014422723"/>
  <nd ref="9014422724"/>
  <nd ref="9014422725"/>
  <nd ref="9014422726"/>
  <nd ref="9014422727"/>
  <nd ref="9014422728"/>
  <nd ref="9014422729"/>
  <nd ref="9014422730"/>
  <nd ref="9014422731"/>
  <nd ref="9014422732"/>
  <nd ref="9014422733"/>
  <nd ref="9014422734"/>
  <nd ref="9014422735"/>
  <nd ref="9014422736"/>
  <nd ref="9014422737"/>
  <nd ref="9014422738"/>
  <nd ref="9014422739"/>
  <nd ref="9014422740"/>
  <nd ref="9014422741"/>
  <nd ref="9014422742"/>
  <nd ref="9014422743"/>
  <nd ref="9014422744"/>
  <nd ref="9014422745"/>
  <nd ref="9014422746"/>
  <nd ref="9014422747"/>
  <nd ref="9014422748"/>
  <nd ref="9014422749"/>
  <nd ref="9014368603"/>
  <tag k="intermittent" v="no"/>
  <tag k="natural" v="water"/>
  <tag k="salt" v="no"/>
  <tag k="tidal" v="no"/>
  <tag k="water" v="lake"/>
 </way>
 <way id="974063066" visible="true" version="1" changeset="109818084" timestamp="2021-08-17T14:52:25Z" user="Robert Knobloch" uid="11928550">
  <nd ref="9014422750"/>
  <nd ref="9014422751"/>
  <nd ref="9014422752"/>
  <nd ref="9014422753"/>
  <nd ref="9014422754"/>
  <nd ref="9014422755"/>
  <nd ref="9014422756"/>
  <nd ref="9014422757"/>
  <nd ref="9014422758"/>
  <nd ref="9014422759"/>
  <nd ref="9014422760"/>
  <nd ref="9014422761"/>
  <nd ref="9014422762"/>
  <nd ref="9014422763"/>
  <nd ref="9014422764"/>
  <nd ref="9014422765"/>
  <nd ref="9014422766"/>
  <nd ref="9014422767"/>
  <nd ref="9014422768"/>
  <nd ref="9014422769"/>
  <nd ref="9014422750"/>
  <tag k="intermittent" v="no"/>
  <tag k="natural" v="water"/>
  <tag k="salt" v="no"/>
  <tag k="water" v="pond"/>
 </way>
 <way id="974063067" visible="true" version="1" changeset="109818084" timestamp="2021-08-17T14:52:25Z" user="Robert Knobloch" uid="11928550">
  <nd ref="9014422770"/>
  <nd ref="9014422771"/>
  <nd ref="9014422772"/>
  <nd ref="9014422773"/>
  <nd ref="9014422774"/>
  <nd ref="9014422775"/>
  <nd ref="9014422776"/>
  <nd ref="9014422777"/>
  <nd ref="9014422778"/>
  <nd ref="9014422779"/>
  <nd ref="9014422780"/>
  <nd ref="9014422781"/>
  <nd ref="9014422782"/>
  <nd ref="9014422783"/>
  <nd ref="9014422784"/>
  <nd ref="9014422785"/>
  <nd ref="9014422786"/>
  <nd ref="9014422787"/>
  <nd ref="9014422788"/>
  <nd ref="9014422789"/>
  <nd ref="9014422790"/>
  <nd ref="9014422791"/>
  <nd ref="9014422770"/>
  <tag k="intermittent" v="no"/>
  <tag k="natural" v="water"/>
  <tag k="salt" v="no"/>
  <tag k="water" v="pond"/>
 </way>
 <way id="974063068" visible="true" version="2" changeset="172484735" timestamp="2025-09-26T12:59:31Z" user="Tewuzij" uid="16194143">
  <nd ref="9014422805"/>
  <nd ref="9014422806"/>
  <nd ref="9014422807"/>
  <nd ref="9014422808"/>
  <nd ref="9014422809"/>
  <nd ref="9014422810"/>
  <nd ref="9014422811"/>
  <nd ref="9014422793"/>
  <nd ref="9014422794"/>
  <nd ref="9014422795"/>
  <nd ref="9014422800"/>
  <nd ref="9014422801"/>
  <nd ref="9014422802"/>
  <nd ref="9014422803"/>
  <nd ref="9014422804"/>
  <nd ref="9014422796"/>
  <nd ref="9014422797"/>
  <nd ref="9014422798"/>
  <nd ref="9014422799"/>
  <nd ref="9014422805"/>
  <tag k="area:highway" v="traffic_island"/>
  <tag k="surface" v="grass"/>
 </way>
 <way id="974063069" visible="true" version="2" changeset="172484735" timestamp="2025-09-26T12:59:31Z" user="Tewuzij" uid="16194143">
  <nd ref="9014422812"/>
  <nd ref="9014422824"/>
  <nd ref="9014422813"/>
  <nd ref="9014422814"/>
  <nd ref="9014422815"/>
  <nd ref="9014422816"/>
  <nd ref="9014422812"/>
  <tag k="area:highway" v="traffic_island"/>
  <tag k="surface" v="grass"/>
 </way>
 <way id="974063070" visible="true" version="1" changeset="109818084" timestamp="2021-08-17T14:52:25Z" user="Robert Knobloch" uid="11928550">
  <nd ref="9014422817"/>
  <nd ref="9014422818"/>
  <nd ref="9014422819"/>
  <nd ref="9014422820"/>
  <nd ref="9014422821"/>
  <nd ref="9014422822"/>
  <nd ref="9014422823"/>
  <nd ref="9014422817"/>
  <tag k="leisure" v="park"/>
 </way>
 <way id="974063071" visible="true" version="1" changeset="109818084" timestamp="2021-08-17T14:52:25Z" user="Robert Knobloch" uid="11928550">
  <nd ref="9014422826"/>
  <nd ref="9014422827"/>
  <nd ref="9014422828"/>
  <nd ref="9014422829"/>
  <nd ref="9014422826"/>
  <tag k="building" v="yes"/>
 </way>
 <way id="974063072" visible="true" version="1" changeset="109818084" timestamp="2021-08-17T14:52:25Z" user="Robert Knobloch" uid="11928550">
  <nd ref="9014422830"/>
  <nd ref="9014422831"/>
  <nd ref="9014422832"/>
  <nd ref="9014422833"/>
  <nd ref="9014422830"/>
  <tag k="building" v="yes"/>
 </way>
 <way id="974063073" visible="true" version="1" changeset="109818084" timestamp="2021-08-17T14:52:25Z" user="Robert Knobloch" uid="11928550">
  <nd ref="9014422834"/>
  <nd ref="9014422831"/>
  <nd ref="9014422835"/>
  <nd ref="9014422836"/>
  <nd ref="9014422840"/>
  <nd ref="9014422834"/>
  <tag k="building" v="yes"/>
 </way>
 <way id="974063074" visible="true" version="1" changeset="109818084" timestamp="2021-08-17T14:52:25Z" user="Robert Knobloch" uid="11928550">
  <nd ref="9014422837"/>
  <nd ref="9014422838"/>
  <nd ref="9014422839"/>
  <nd ref="9014422840"/>
  <nd ref="9014422837"/>
  <tag k="building" v="yes"/>
 </way>
 <way id="974063075" visible="true" version="1" changeset="109818084" timestamp="2021-08-17T14:52:25Z" user="Robert Knobloch" uid="11928550">
  <nd ref="9014422841"/>
  <nd ref="9014422842"/>
  <nd ref="9014422843"/>
  <nd ref="9014422844"/>
  <nd ref="9014422848"/>
  <nd ref="9014422841"/>
  <tag k="building" v="yes"/>
 </way>
 <way id="974063076" visible="true" version="1" changeset="109818084" timestamp="2021-08-17T14:52:25Z" user="Robert Knobloch" uid="11928550">
  <nd ref="9014422845"/>
  <nd ref="9014422846"/>
  <nd ref="9014422847"/>
  <nd ref="9014422848"/>
  <nd ref="9014422845"/>
  <tag k="building" v="yes"/>
 </way>
 <way id="974063077" visible="true" version="1" changeset="109818084" timestamp="2021-08-17T14:52:25Z" user="Robert Knobloch" uid="11928550">
  <nd ref="9014422849"/>
  <nd ref="9014422850"/>
  <nd ref="9014422851"/>
  <nd ref="9014422852"/>
  <nd ref="9014422853"/>
  <nd ref="9014422854"/>
  <nd ref="9014422855"/>
  <nd ref="9014422856"/>
  <nd ref="9014422857"/>
  <nd ref="9014422858"/>
  <nd ref="9014422865"/>
  <nd ref="9014422849"/>
  <tag k="building" v="yes"/>
 </way>
 <way id="974063078" visible="true" version="1" changeset="109818084" timestamp="2021-08-17T14:52:25Z" user="Robert Knobloch" uid="11928550">
  <nd ref="9014422859"/>
  <nd ref="9014422860"/>
  <nd ref="9014422861"/>
  <nd ref="9014422862"/>
  <nd ref="9014422863"/>
  <nd ref="9014422864"/>
  <nd ref="9014422865"/>
  <nd ref="9014422859"/>
  <tag k="building" v="yes"/>
 </way>
 <way id="974063079" visible="true" version="1" changeset="109818084" timestamp="2021-08-17T14:52:25Z" user="Robert Knobloch" uid="11928550">
  <nd ref="9014422866"/>
  <nd ref="9014422867"/>
  <nd ref="9014422868"/>
  <nd ref="9014422869"/>
  <nd ref="9014422870"/>
  <nd ref="9014422871"/>
  <nd ref="9014422872"/>
  <nd ref="9014422866"/>
  <tag k="building" v="yes"/>
 </way>
 <way id="974063080" visible="true" version="1" changeset="109818084" timestamp="2021-08-17T14:52:25Z" user="Robert Knobloch" uid="11928550">
  <nd ref="9014422873"/>
  <nd ref="9014422867"/>
  <nd ref="9014422868"/>
  <nd ref="9014422874"/>
  <nd ref="9014422875"/>
  <nd ref="9014422876"/>
  <nd ref="9014422877"/>
  <nd ref="9014422878"/>
  <nd ref="9014422879"/>
  <nd ref="9014422880"/>
  <nd ref="9014422883"/>
  <nd ref="9014422873"/>
  <tag k="building" v="yes"/>
 </way>
 <way id="974063081" visible="true" version="1" changeset="109818084" timestamp="2021-08-17T14:52:25Z" user="Robert Knobloch" uid="11928550">
  <nd ref="9014422881"/>
  <nd ref="9014422882"/>
  <nd ref="9014422883"/>
  <nd ref="9014422884"/>
  <nd ref="9014422885"/>
  <nd ref="9014422886"/>
  <nd ref="9014422881"/>
  <tag k="building" v="yes"/>
  <tag k="layer" v="1"/>
 </way>
 <way id="974063082" visible="true" version="1" changeset="109818084" timestamp="2021-08-17T14:52:25Z" user="Robert Knobloch" uid="11928550">
  <nd ref="9014422887"/>
  <nd ref="9014422888"/>
  <nd ref="9014422889"/>
  <nd ref="9014422890"/>
  <nd ref="9014422887"/>
  <tag k="building" v="yes"/>
 </way>
 <way id="974063083" visible="true" version="1" changeset="109818084" timestamp="2021-08-17T14:52:25Z" user="Robert Knobloch" uid="11928550">
  <nd ref="9014422891"/>
  <nd ref="9014422892"/>
  <nd ref="9014422893"/>
  <nd ref="9014422894"/>
  <nd ref="9014422891"/>
  <tag k="building" v="yes"/>
 </way>
 <way id="974063084" visible="true" version="1" changeset="109818084" timestamp="2021-08-17T14:52:25Z" user="Robert Knobloch" uid="11928550">
  <nd ref="9014422895"/>
  <nd ref="9014422896"/>
  <nd ref="9014422897"/>
  <nd ref="9014422898"/>
  <nd ref="9014422895"/>
  <tag k="building" v="yes"/>
 </way>
 <way id="974063085" visible="true" version="1" changeset="109818084" timestamp="2021-08-17T14:52:25Z" user="Robert Knobloch" uid="11928550">
  <nd ref="9014422899"/>
  <nd ref="9014422900"/>
  <nd ref="9014422901"/>
  <nd ref="9014422902"/>
  <nd ref="9014422903"/>
  <nd ref="9014422904"/>
  <nd ref="9014422905"/>
  <nd ref="9014422906"/>
  <nd ref="9014422907"/>
  <nd ref="9014422908"/>
  <nd ref="9014422899"/>
  <tag k="building" v="yes"/>
 </way>
 <way id="974063086" visible="true" version="1" changeset="109818084" timestamp="2021-08-17T14:52:25Z" user="Robert Knobloch" uid="11928550">
  <nd ref="9014422909"/>
  <nd ref="9014422910"/>
  <nd ref="9014422911"/>
  <nd ref="9014422912"/>
  <nd ref="9014422913"/>
  <nd ref="9014422914"/>
  <nd ref="9014422915"/>
  <nd ref="9014422916"/>
  <nd ref="9014422909"/>
  <tag k="building" v="yes"/>
 </way>
 <way id="974063087" visible="true" version="1" changeset="109818084" timestamp="2021-08-17T14:52:25Z" user="Robert Knobloch" uid="11928550">
  <nd ref="9014422917"/>
  <nd ref="9014422918"/>
  <nd ref="9014422919"/>
  <nd ref="9014422920"/>
  <nd ref="9014422917"/>
  <tag k="building" v="yes"/>
 </way>
 <way id="974063088" visible="true" version="1" changeset="109818084" timestamp="2021-08-17T14:52:25Z" user="Robert Knobloch" uid="11928550">
  <nd ref="9014422921"/>
  <nd ref="9014422922"/>
  <nd ref="9014422923"/>
  <nd ref="9014422924"/>
  <nd ref="9014422925"/>
  <nd ref="9014422926"/>
  <nd ref="9014422927"/>
  <nd ref="9014422928"/>
  <nd ref="9014422921"/>
  <tag k="building" v="yes"/>
 </way>
 <way id="974063089" visible="true" version="1" changeset="109818084" timestamp="2021-08-17T14:52:25Z" user="Robert Knobloch" uid="11928550">
  <nd ref="9014422929"/>
  <nd ref="9014422930"/>
  <nd ref="9014422931"/>
  <nd ref="9014422932"/>
  <nd ref="9014422929"/>
  <tag k="building" v="yes"/>
 </way>
 <way id="974063090" visible="true" version="1" changeset="109818084" timestamp="2021-08-17T14:52:25Z" user="Robert Knobloch" uid="11928550">
  <nd ref="9014422933"/>
  <nd ref="9014422934"/>
  <nd ref="9014422935"/>
  <nd ref="9014422936"/>
  <nd ref="9014422933"/>
  <tag k="building" v="yes"/>
 </way>
 <way id="974063091" visible="true" version="1" changeset="109818084" timestamp="2021-08-17T14:52:25Z" user="Robert Knobloch" uid="11928550">
  <nd ref="9014422937"/>
  <nd ref="9014422938"/>
  <nd ref="9014422939"/>
  <nd ref="9014422940"/>
  <nd ref="9014422937"/>
  <tag k="building" v="yes"/>
 </way>
 <way id="974063092" visible="true" version="1" changeset="109818084" timestamp="2021-08-17T14:52:25Z" user="Robert Knobloch" uid="11928550">
  <nd ref="9014422941"/>
  <nd ref="9014422942"/>
  <nd ref="9014422943"/>
  <nd ref="9014422944"/>
  <nd ref="9014422945"/>
  <nd ref="9014422946"/>
  <nd ref="9014422947"/>
  <nd ref="9014422948"/>
  <nd ref="9014422941"/>
  <tag k="building" v="yes"/>
 </way>
 <way id="974063093" visible="true" version="1" changeset="109818084" timestamp="2021-08-17T14:52:25Z" user="Robert Knobloch" uid="11928550">
  <nd ref="9014422949"/>
  <nd ref="9014422950"/>
  <nd ref="9014422951"/>
  <nd ref="9014422952"/>
  <nd ref="9014422960"/>
  <nd ref="9014422953"/>
  <nd ref="9014422954"/>
  <nd ref="9014422955"/>
  <nd ref="9014422956"/>
  <nd ref="9014422949"/>
  <tag k="building" v="yes"/>
 </way>
 <way id="974063094" visible="true" version="1" changeset="109818084" timestamp="2021-08-17T14:52:25Z" user="Robert Knobloch" uid="11928550">
  <nd ref="9014422957"/>
  <nd ref="9014422958"/>
  <nd ref="9014422959"/>
  <nd ref="9014422960"/>
  <nd ref="9014422957"/>
  <tag k="building" v="yes"/>
 </way>
 <way id="974063095" visible="true" version="1" changeset="109818084" timestamp="2021-08-17T14:52:25Z" user="Robert Knobloch" uid="11928550">
  <nd ref="9014422961"/>
  <nd ref="9014422962"/>
  <nd ref="9014422963"/>
  <nd ref="9014422964"/>
  <nd ref="9014422961"/>
  <tag k="building" v="yes"/>
 </way>
 <way id="974063096" visible="true" version="1" changeset="109818084" timestamp="2021-08-17T14:52:25Z" user="Robert Knobloch" uid="11928550">
  <nd ref="9014422965"/>
  <nd ref="9014422966"/>
  <nd ref="9014422967"/>
  <nd ref="9014422968"/>
  <nd ref="9014422965"/>
  <tag k="building" v="yes"/>
 </way>
 <way id="974063097" visible="true" version="1" changeset="109818084" timestamp="2021-08-17T14:52:25Z" user="Robert Knobloch" uid="11928550">
  <nd ref="9014422969"/>
  <nd ref="9014422970"/>
  <nd ref="9014422971"/>
  <nd ref="9014422972"/>
  <nd ref="9014422969"/>
  <tag k="building" v="yes"/>
 </way>
 <way id="974063098" visible="true" version="1" changeset="109818084" timestamp="2021-08-17T14:52:25Z" user="Robert Knobloch" uid="11928550">
  <nd ref="9014422973"/>
  <nd ref="9014422974"/>
  <nd ref="9014422975"/>
  <nd ref="9014422976"/>
  <nd ref="9014422973"/>
  <tag k="building" v="yes"/>
 </way>
 <way id="974063099" visible="true" version="1" changeset="109818084" timestamp="2021-08-17T14:52:25Z" user="Robert Knobloch" uid="11928550">
  <nd ref="9014422977"/>
  <nd ref="9014422978"/>
  <nd ref="9014422979"/>
  <nd ref="9014422980"/>
  <nd ref="9014422977"/>
  <tag k="building" v="yes"/>
 </way>
 <way id="974063100" visible="true" version="1" changeset="109818084" timestamp="2021-08-17T14:52:25Z" user="Robert Knobloch" uid="11928550">
  <nd ref="9014422981"/>
  <nd ref="9014422982"/>
  <nd ref="9014422983"/>
  <nd ref="9014422984"/>
  <nd ref="9014422981"/>
  <tag k="building" v="yes"/>
 </way>
 <way id="974063101" visible="true" version="1" changeset="109818084" timestamp="2021-08-17T14:52:25Z" user="Robert Knobloch" uid="11928550">
  <nd ref="9014422985"/>
  <nd ref="9014422986"/>
  <nd ref="9014422987"/>
  <nd ref="9014422988"/>
  <nd ref="9014422989"/>
  <nd ref="9014422990"/>
  <nd ref="9014422991"/>
  <nd ref="9014422992"/>
  <nd ref="9014422985"/>
  <tag k="building" v="yes"/>
 </way>
 <way id="974063102" visible="true" version="1" changeset="109818084" timestamp="2021-08-17T14:52:25Z" user="Robert Knobloch" uid="11928550">
  <nd ref="9014422993"/>
  <nd ref="9014422994"/>
  <nd ref="9014422995"/>
  <nd ref="9014422996"/>
  <nd ref="9014422993"/>
  <tag k="building" v="yes"/>
 </way>
 <way id="974063103" visible="true" version="1" changeset="109818084" timestamp="2021-08-17T14:52:25Z" user="Robert Knobloch" uid="11928550">
  <nd ref="9014422997"/>
  <nd ref="9014422998"/>
  <nd ref="9014422999"/>
  <nd ref="9014423000"/>
  <nd ref="9014422997"/>
  <tag k="building" v="yes"/>
 </way>
 <way id="974063104" visible="true" version="1" changeset="109818084" timestamp="2021-08-17T14:52:25Z" user="Robert Knobloch" uid="11928550">
  <nd ref="9014423001"/>
  <nd ref="9014423002"/>
  <nd ref="9014423003"/>
  <nd ref="9014423004"/>
  <nd ref="9014423001"/>
  <tag k="building" v="yes"/>
 </way>
 <way id="974063105" visible="true" version="1" changeset="109818084" timestamp="2021-08-17T14:52:25Z" user="Robert Knobloch" uid="11928550">
  <nd ref="9014423005"/>
  <nd ref="9014423006"/>
  <nd ref="9014423007"/>
  <nd ref="9014423008"/>
  <nd ref="9014423005"/>
  <tag k="building" v="yes"/>
 </way>
 <way id="974063106" visible="true" version="1" changeset="109818084" timestamp="2021-08-17T14:52:25Z" user="Robert Knobloch" uid="11928550">
  <nd ref="9014423009"/>
  <nd ref="9014423010"/>
  <nd ref="9014423011"/>
  <nd ref="9014423012"/>
  <nd ref="9014423013"/>
  <nd ref="9014423014"/>
  <nd ref="9014423009"/>
  <tag k="building" v="yes"/>
 </way>
 <way id="974063107" visible="true" version="1" changeset="109818084" timestamp="2021-08-17T14:52:25Z" user="Robert Knobloch" uid="11928550">
  <nd ref="9014423015"/>
  <nd ref="9014423016"/>
  <nd ref="9014423017"/>
  <nd ref="9014423018"/>
  <nd ref="9014423015"/>
  <tag k="building" v="yes"/>
 </way>
 <way id="974063108" visible="true" version="1" changeset="109818084" timestamp="2021-08-17T14:52:25Z" user="Robert Knobloch" uid="11928550">
  <nd ref="9014423073"/>
  <nd ref="3221325491"/>
  <nd ref="9005146800"/>
  <nd ref="9014423074"/>
  <nd ref="9014423072"/>
  <nd ref="9014423071"/>
  <nd ref="9005146728"/>
  <nd ref="9014423070"/>
  <nd ref="9014423069"/>
  <nd ref="9014423068"/>
  <nd ref="9014423067"/>
  <nd ref="9014423066"/>
  <nd ref="9014423065"/>
  <nd ref="9014423064"/>
  <nd ref="9014423063"/>
  <nd ref="9014423062"/>
  <nd ref="9014423061"/>
  <nd ref="9014423060"/>
  <nd ref="9014423059"/>
  <nd ref="9014423020"/>
  <nd ref="9014423021"/>
  <nd ref="9014423022"/>
  <nd ref="9014423023"/>
  <nd ref="9014423024"/>
  <nd ref="9014423025"/>
  <nd ref="9014423026"/>
  <nd ref="9014423027"/>
  <nd ref="9014423028"/>
  <nd ref="9014423029"/>
  <nd ref="9014423030"/>
  <nd ref="9014423031"/>
  <nd ref="9014423032"/>
  <nd ref="9014423033"/>
  <nd ref="9014423034"/>
  <nd ref="9014423035"/>
  <nd ref="9014423036"/>
  <nd ref="9014423037"/>
  <nd ref="9014423038"/>
  <nd ref="9014423039"/>
  <nd ref="9014423040"/>
  <nd ref="9014423041"/>
  <nd ref="9014423042"/>
  <nd ref="9014423043"/>
  <nd ref="9014423044"/>
  <nd ref="9014423045"/>
  <nd ref="9014423046"/>
  <nd ref="9014423047"/>
  <nd ref="9014423048"/>
  <nd ref="9014423049"/>
  <nd ref="9014423050"/>
  <nd ref="9014423051"/>
  <nd ref="9014423052"/>
  <nd ref="9014423053"/>
  <nd ref="9014423054"/>
  <nd ref="9014423055"/>
  <nd ref="9014423056"/>
  <nd ref="9014423057"/>
  <nd ref="9014423058"/>
  <tag k="highway" v="footway"/>
 </way>
 <way id="980624319" visible="true" version="1" changeset="110868207" timestamp="2021-09-07T16:01:17Z" user="Robert Knobloch" uid="11928550">
  <nd ref="9070980612"/>
  <nd ref="9070980613"/>
  <nd ref="9070980614"/>
  <nd ref="9070980615"/>
  <nd ref="9070980612"/>
  <tag k="leisure" v="swimming_pool"/>
 </way>
 <way id="980624320" visible="true" version="1" changeset="110868207" timestamp="2021-09-07T16:01:17Z" user="Robert Knobloch" uid="11928550">
  <nd ref="9070980616"/>
  <nd ref="9071033917"/>
  <nd ref="9071033918"/>
  <nd ref="9071033919"/>
  <nd ref="9071033920"/>
  <nd ref="9071033921"/>
  <nd ref="9070980616"/>
  <tag k="leisure" v="swimming_pool"/>
 </way>
 <way id="980624321" visible="true" version="1" changeset="110868207" timestamp="2021-09-07T16:01:17Z" user="Robert Knobloch" uid="11928550">
  <nd ref="9071033922"/>
  <nd ref="9071033923"/>
  <nd ref="9071033924"/>
  <nd ref="9071033925"/>
  <nd ref="9071033922"/>
  <tag k="leisure" v="pitch"/>
  <tag k="sport" v="tennis"/>
 </way>
 <way id="1003536756" visible="true" version="4" changeset="168436560" timestamp="2025-07-03T09:57:11Z" user="HoangQuanHDFPV" uid="22644759">
  <nd ref="319522402"/>
  <nd ref="1494240944"/>
  <nd ref="1494241004"/>
  <tag k="highway" v="residential"/>
  <tag k="lit" v="yes"/>
  <tag k="name" v="Singapore Road"/>
  <tag k="surface" v="asphalt"/>
 </way>
 <way id="1003536758" visible="true" version="2" changeset="140025183" timestamp="2023-08-17T17:53:34Z" user="VLD302" uid="16226557">
  <nd ref="11123474333"/>
  <nd ref="1494242191"/>
  <nd ref="9260497990"/>
  <nd ref="9260497991"/>
  <nd ref="11123474333"/>
  <tag k="landuse" v="residential"/>
  <tag k="name" v="T3"/>
  <tag k="residential" v="block"/>
 </way>
 <way id="1003536759" visible="true" version="1" changeset="113901173" timestamp="2021-11-17T14:34:34Z" user="Robert Knobloch" uid="11928550">
  <nd ref="9260497992"/>
  <nd ref="9260497993"/>
  <nd ref="1494242587"/>
  <nd ref="1494243470"/>
  <nd ref="9260497992"/>
  <tag k="landuse" v="residential"/>
  <tag k="name" v="T3"/>
  <tag k="residential" v="block"/>
 </way>
 <way id="1003536760" visible="true" version="2" changeset="140025183" timestamp="2023-08-17T17:53:34Z" user="VLD302" uid="16226557">
  <nd ref="9260497994"/>
  <nd ref="9260497995"/>
  <nd ref="11123474331"/>
  <nd ref="1494243525"/>
  <nd ref="9260497994"/>
  <tag k="landuse" v="residential"/>
  <tag k="name" v="T3"/>
  <tag k="residential" v="block"/>
 </way>
 <way id="1003536761" visible="true" version="2" changeset="115491062" timestamp="2021-12-28T22:26:00Z" user="Robert Knobloch" uid="11928550">
  <nd ref="9260498006"/>
  <nd ref="9260498007"/>
  <nd ref="9260498008"/>
  <nd ref="9260498009"/>
  <nd ref="9260498010"/>
  <nd ref="9260498011"/>
  <nd ref="9260498012"/>
  <nd ref="9260498013"/>
  <nd ref="9260498014"/>
  <nd ref="9260497996"/>
  <nd ref="9260497997"/>
  <nd ref="9260498001"/>
  <nd ref="9260498002"/>
  <nd ref="9260498003"/>
  <nd ref="9260498004"/>
  <nd ref="9260498005"/>
  <nd ref="9260497998"/>
  <nd ref="9260497999"/>
  <nd ref="9260498000"/>
  <nd ref="9260498006"/>
  <tag k="highway" v="footway"/>
 </way>
 <way id="1003536762" visible="true" version="2" changeset="115491062" timestamp="2021-12-28T22:26:00Z" user="Robert Knobloch" uid="11928550">
  <nd ref="9260508433"/>
  <nd ref="9260498015"/>
  <nd ref="9260498016"/>
  <nd ref="9260508417"/>
  <nd ref="9260508418"/>
  <nd ref="9260508419"/>
  <nd ref="9260508420"/>
  <nd ref="9260508421"/>
  <nd ref="9260508422"/>
  <nd ref="9260508423"/>
  <nd ref="9260508424"/>
  <nd ref="9260508425"/>
  <nd ref="9260508426"/>
  <nd ref="9260508427"/>
  <nd ref="9260508428"/>
  <nd ref="9260508429"/>
  <nd ref="9260508430"/>
  <nd ref="9260508431"/>
  <nd ref="9260508432"/>
  <nd ref="9260508433"/>
  <tag k="highway" v="footway"/>
 </way>
 <way id="1016688575" visible="true" version="1" changeset="115539705" timestamp="2021-12-29T22:09:42Z" user="Robert Knobloch" uid="11928550">
  <nd ref="9377492238"/>
  <nd ref="9377492240"/>
  <nd ref="9377492239"/>
  <tag k="highway" v="footway"/>
 </way>
 <way id="1016688576" visible="true" version="1" changeset="115539705" timestamp="2021-12-29T22:09:42Z" user="Robert Knobloch" uid="11928550">
  <nd ref="9377492241"/>
  <nd ref="9377492243"/>
  <nd ref="9377492242"/>
  <tag k="highway" v="footway"/>
 </way>
 <way id="1016688577" visible="true" version="1" changeset="115539705" timestamp="2021-12-29T22:09:42Z" user="Robert Knobloch" uid="11928550">
  <nd ref="9377492244"/>
  <nd ref="9377492246"/>
  <nd ref="9377492245"/>
  <tag k="highway" v="footway"/>
 </way>
 <way id="1016688578" visible="true" version="1" changeset="115539705" timestamp="2021-12-29T22:09:42Z" user="Robert Knobloch" uid="11928550">
  <nd ref="9377492247"/>
  <nd ref="9377492248"/>
  <tag k="highway" v="footway"/>
 </way>
 <way id="1016688579" visible="true" version="1" changeset="115539705" timestamp="2021-12-29T22:09:42Z" user="Robert Knobloch" uid="11928550">
  <nd ref="9377492249"/>
  <nd ref="9377492250"/>
  <tag k="highway" v="footway"/>
 </way>
 <way id="1016688580" visible="true" version="1" changeset="115539705" timestamp="2021-12-29T22:09:42Z" user="Robert Knobloch" uid="11928550">
  <nd ref="9377492251"/>
  <nd ref="9377492252"/>
  <tag k="highway" v="footway"/>
 </way>
 <way id="1016688597" visible="true" version="1" changeset="115539705" timestamp="2021-12-29T22:09:42Z" user="Robert Knobloch" uid="11928550">
  <nd ref="9260508418"/>
  <nd ref="1494243465"/>
  <tag k="highway" v="footway"/>
 </way>
 <way id="1016688598" visible="true" version="1" changeset="115539705" timestamp="2021-12-29T22:09:42Z" user="Robert Knobloch" uid="11928550">
  <nd ref="9260498009"/>
  <nd ref="1494242457"/>
  <tag k="highway" v="footway"/>
 </way>
 <way id="1042520568" visible="true" version="3" changeset="182548532" timestamp="2026-05-12T10:47:15Z" user="GrabVN_HHanh" uid="21825758">
  <nd ref="5504800148"/>
  <nd ref="6901365362"/>
  <tag k="highway" v="tertiary_link"/>
 </way>
 <way id="1046503429" visible="true" version="1" changeset="119114392" timestamp="2022-03-30T12:22:18Z" user="kura_1" uid="14366156">
  <nd ref="9623789190"/>
  <nd ref="9623789188"/>
  <nd ref="9623789187"/>
  <nd ref="9623789189"/>
  <nd ref="9623789190"/>
  <tag k="building" v="yes"/>
 </way>
 <way id="1046503430" visible="true" version="1" changeset="119114392" timestamp="2022-03-30T12:22:18Z" user="kura_1" uid="14366156">
  <nd ref="9623789193"/>
  <nd ref="9623789190"/>
  <nd ref="9623789189"/>
  <nd ref="9623789192"/>
  <nd ref="9623789193"/>
  <tag k="building" v="yes"/>
 </way>
 <way id="1046503431" visible="true" version="1" changeset="119114392" timestamp="2022-03-30T12:22:18Z" user="kura_1" uid="14366156">
  <nd ref="9623789194"/>
  <nd ref="9623789193"/>
  <nd ref="9623789192"/>
  <nd ref="9623789191"/>
  <nd ref="9623789194"/>
  <tag k="building" v="yes"/>
 </way>
 <way id="1046503432" visible="true" version="1" changeset="119114392" timestamp="2022-03-30T12:22:18Z" user="kura_1" uid="14366156">
  <nd ref="9623789197"/>
  <nd ref="9623789195"/>
  <nd ref="9623789196"/>
  <nd ref="9623789198"/>
  <nd ref="9623789197"/>
  <tag k="building" v="yes"/>
 </way>
 <way id="1046503433" visible="true" version="1" changeset="119114392" timestamp="2022-03-30T12:22:18Z" user="kura_1" uid="14366156">
  <nd ref="9623789199"/>
  <nd ref="9623789197"/>
  <nd ref="9623789198"/>
  <nd ref="9623789200"/>
  <nd ref="9623789199"/>
  <tag k="building" v="yes"/>
 </way>
 <way id="1046503434" visible="true" version="1" changeset="119114392" timestamp="2022-03-30T12:22:18Z" user="kura_1" uid="14366156">
  <nd ref="9623789202"/>
  <nd ref="9623789199"/>
  <nd ref="9623789200"/>
  <nd ref="9623789201"/>
  <nd ref="9623789202"/>
  <tag k="building" v="yes"/>
 </way>
 <way id="1046503435" visible="true" version="1" changeset="119114392" timestamp="2022-03-30T12:22:18Z" user="kura_1" uid="14366156">
  <nd ref="9623789206"/>
  <nd ref="9623789205"/>
  <nd ref="9623789204"/>
  <nd ref="9623789203"/>
  <nd ref="9623789206"/>
  <tag k="building" v="yes"/>
 </way>
 <way id="1046503436" visible="true" version="1" changeset="119114392" timestamp="2022-03-30T12:22:18Z" user="kura_1" uid="14366156">
  <nd ref="9623789210"/>
  <nd ref="9623789209"/>
  <nd ref="9623789208"/>
  <nd ref="9623789207"/>
  <nd ref="9623789210"/>
  <tag k="building" v="yes"/>
 </way>
 <way id="1150521998" visible="true" version="1" changeset="133183775" timestamp="2023-03-01T18:44:41Z" user="Robert Knobloch" uid="11928550">
  <nd ref="10702508702"/>
  <nd ref="10702508703"/>
  <nd ref="10702508704"/>
  <nd ref="10702589305"/>
  <nd ref="10702508702"/>
  <tag k="building" v="yes"/>
  <tag k="source" v="microsoft/BuildingFootprints"/>
 </way>
 <way id="1150521999" visible="true" version="1" changeset="133183775" timestamp="2023-03-01T18:44:41Z" user="Robert Knobloch" uid="11928550">
  <nd ref="10702589306"/>
  <nd ref="10702589307"/>
  <nd ref="10702589308"/>
  <nd ref="10702589309"/>
  <nd ref="10702589310"/>
  <nd ref="10702589311"/>
  <nd ref="10702589306"/>
  <tag k="building" v="yes"/>
  <tag k="source" v="microsoft/BuildingFootprints"/>
 </way>
 <way id="1150522301" visible="true" version="1" changeset="133183823" timestamp="2023-03-01T18:45:48Z" user="Robert Knobloch" uid="11928550">
  <nd ref="10702505294"/>
  <nd ref="10702505295"/>
  <nd ref="10702505296"/>
  <nd ref="10702505297"/>
  <nd ref="10702505298"/>
  <nd ref="10702505299"/>
  <nd ref="10702505300"/>
  <nd ref="10702505301"/>
  <nd ref="10702505294"/>
  <tag k="building" v="yes"/>
  <tag k="source" v="microsoft/BuildingFootprints"/>
 </way>
 <way id="1150522302" visible="true" version="1" changeset="133183823" timestamp="2023-03-01T18:45:48Z" user="Robert Knobloch" uid="11928550">
  <nd ref="10702505302"/>
  <nd ref="10702505303"/>
  <nd ref="10702505304"/>
  <nd ref="10702591605"/>
  <nd ref="10702505302"/>
  <tag k="building" v="yes"/>
  <tag k="source" v="microsoft/BuildingFootprints"/>
 </way>
 <way id="1150522303" visible="true" version="1" changeset="133183823" timestamp="2023-03-01T18:45:48Z" user="Robert Knobloch" uid="11928550">
  <nd ref="10702591606"/>
  <nd ref="10702591607"/>
  <nd ref="10702591608"/>
  <nd ref="10702591609"/>
  <nd ref="10702591606"/>
  <tag k="building" v="yes"/>
  <tag k="source" v="microsoft/BuildingFootprints"/>
 </way>
 <way id="1152581338" visible="true" version="1" changeset="133425759" timestamp="2023-03-08T03:22:47Z" user="Viet Anh Dinh" uid="18463634">
  <nd ref="10720345729"/>
  <nd ref="10720345730"/>
  <nd ref="10720345731"/>
  <nd ref="10720345732"/>
  <nd ref="10720345729"/>
  <tag k="building" v="house"/>
 </way>
 <way id="1152581339" visible="true" version="1" changeset="133425759" timestamp="2023-03-08T03:22:47Z" user="Viet Anh Dinh" uid="18463634">
  <nd ref="10720345733"/>
  <nd ref="10720345729"/>
  <nd ref="10720345732"/>
  <nd ref="10720345734"/>
  <nd ref="10720345733"/>
  <tag k="building" v="house"/>
 </way>
 <way id="1152581340" visible="true" version="1" changeset="133425759" timestamp="2023-03-08T03:22:47Z" user="Viet Anh Dinh" uid="18463634">
  <nd ref="10720345735"/>
  <nd ref="10720345733"/>
  <nd ref="10720345734"/>
  <nd ref="10720345736"/>
  <nd ref="10720345735"/>
  <tag k="building" v="house"/>
 </way>
 <way id="1171525545" visible="true" version="3" changeset="151801441" timestamp="2024-05-25T09:14:20Z" user="phoenixsaigon1698" uid="3323343">
  <nd ref="10886067200"/>
  <nd ref="8324712017"/>
  <nd ref="10886080006"/>
  <nd ref="10886067201"/>
  <nd ref="5504800148"/>
  <tag k="highway" v="tertiary"/>
  <tag k="oneway" v="yes"/>
 </way>
 <way id="1171525548" visible="true" version="2" changeset="151801441" timestamp="2024-05-25T09:14:20Z" user="phoenixsaigon1698" uid="3323343">
  <nd ref="4929699075"/>
  <nd ref="4929698902"/>
  <tag k="highway" v="tertiary"/>
  <tag k="oneway" v="yes"/>
 </way>
 <way id="1171525549" visible="true" version="2" changeset="151801441" timestamp="2024-05-25T09:14:20Z" user="phoenixsaigon1698" uid="3323343">
  <nd ref="4929698901"/>
  <nd ref="4929699050"/>
  <tag k="highway" v="tertiary"/>
  <tag k="oneway" v="yes"/>
 </way>
 <way id="1171525550" visible="true" version="2" changeset="182548532" timestamp="2026-05-12T10:47:15Z" user="GrabVN_HHanh" uid="21825758">
  <nd ref="4929699050"/>
  <nd ref="4929699075"/>
  <tag k="highway" v="tertiary_link"/>
 </way>
 <way id="1171525551" visible="true" version="2" changeset="182548532" timestamp="2026-05-12T10:47:15Z" user="GrabVN_HHanh" uid="21825758">
  <nd ref="10886067201"/>
  <nd ref="8018685737"/>
  <tag k="highway" v="tertiary_link"/>
 </way>
 <way id="1181918419" visible="true" version="5" changeset="162765677" timestamp="2025-02-21T06:02:23Z" user="ZioDragon" uid="13799024">
  <nd ref="3221325510"/>
  <nd ref="11140807605"/>
  <nd ref="11250395830"/>
  <nd ref="873571792"/>
  <tag k="highway" v="tertiary"/>
  <tag k="lit" v="yes"/>
  <tag k="maxspeed" v="35"/>
  <tag k="name" v="Promenade Road"/>
  <tag k="oneway" v="yes"/>
  <tag k="surface" v="asphalt"/>
 </way>
 <way id="1187511256" visible="true" version="5" changeset="168123128" timestamp="2025-06-26T06:43:33Z" user="Hung Tran 9x0" uid="20910140">
  <nd ref="6901336673"/>
  <nd ref="6597233108"/>
  <tag k="highway" v="residential"/>
  <tag k="name" v="Đường KĐT Nam Thăng Long"/>
 </way>
 <way id="1187511257" visible="true" version="1" changeset="138128605" timestamp="2023-07-05T03:22:26Z" user="GrabVN_QThoai" uid="15740602">
  <nd ref="4447084090"/>
  <nd ref="8337099007"/>
  <nd ref="8337099008"/>
  <nd ref="8337099009"/>
  <nd ref="8337099010"/>
  <nd ref="8337099011"/>
  <nd ref="4162342944"/>
  <nd ref="11026988173"/>
  <nd ref="11026988174"/>
  <nd ref="11026988175"/>
  <nd ref="11026988176"/>
  <nd ref="11026988177"/>
  <tag k="highway" v="construction"/>
 </way>
 <way id="1187511259" visible="true" version="3" changeset="175901136" timestamp="2025-12-13T22:24:26Z" user="pepsi_max2k" uid="14719801">
  <nd ref="5933680842"/>
  <nd ref="11026988172"/>
  <tag k="highway" v="path"/>
 </way>
 <way id="1198026410" visible="true" version="1" changeset="139871398" timestamp="2023-08-14T13:10:51Z" user="ItsLouisAnderson" uid="11691953">
  <nd ref="11114271593"/>
  <nd ref="11114271594"/>
  <nd ref="11114271595"/>
  <nd ref="11114271596"/>
  <nd ref="11114271597"/>
  <nd ref="11114271598"/>
  <nd ref="11114271593"/>
  <tag k="building" v="terrace"/>
 </way>
 <way id="1198026411" visible="true" version="1" changeset="139871398" timestamp="2023-08-14T13:10:51Z" user="ItsLouisAnderson" uid="11691953">
  <nd ref="11114271599"/>
  <nd ref="11114271600"/>
  <nd ref="11114271601"/>
  <nd ref="11114271602"/>
  <nd ref="11114271603"/>
  <nd ref="11114271604"/>
  <nd ref="11114271599"/>
  <tag k="building" v="terrace"/>
 </way>
 <way id="1198026414" visible="true" version="2" changeset="145007080" timestamp="2023-12-11T16:49:56Z" user="ItsLouisAnderson" uid="11691953">
  <nd ref="11114292217"/>
  <nd ref="11114292218"/>
  <nd ref="11114292219"/>
  <nd ref="11114292220"/>
  <nd ref="11114292221"/>
  <nd ref="11114292222"/>
  <nd ref="11114292223"/>
  <nd ref="11114292224"/>
  <nd ref="11114292225"/>
  <nd ref="11114292226"/>
  <nd ref="11114292227"/>
  <nd ref="11114292228"/>
  <nd ref="11114292217"/>
  <tag k="building" v="school"/>
 </way>
 <way id="1198026415" visible="true" version="2" changeset="162765677" timestamp="2025-02-21T06:02:23Z" user="ZioDragon" uid="13799024">
  <nd ref="11114292229"/>
  <nd ref="11114292230"/>
  <nd ref="11114292231"/>
  <nd ref="11114292232"/>
  <nd ref="11114292233"/>
  <nd ref="8324679731"/>
  <tag k="highway" v="service"/>
 </way>
 <way id="1214258432" visible="true" version="2" changeset="149729790" timestamp="2024-04-08T11:06:23Z" user="phoenixsaigon1698" uid="3323343">
  <nd ref="873571789"/>
  <nd ref="3221325510"/>
  <tag k="highway" v="residential"/>
 </way>
 <way id="1214258433" visible="true" version="2" changeset="149729790" timestamp="2024-04-08T11:06:23Z" user="phoenixsaigon1698" uid="3323343">
  <nd ref="11140750402"/>
  <nd ref="11140807605"/>
  <tag k="highway" v="residential"/>
 </way>
 <way id="1218234417" visible="true" version="7" changeset="163077382" timestamp="2025-03-01T08:00:16Z" user="Tewuzij" uid="16194143">
  <nd ref="11288369441"/>
  <nd ref="12606302848"/>
  <nd ref="11288369453"/>
  <nd ref="12606302846"/>
  <nd ref="11288369448"/>
  <nd ref="12578551156"/>
  <nd ref="11288369449"/>
  <nd ref="11288369450"/>
  <nd ref="12606302844"/>
  <nd ref="11956312104"/>
  <nd ref="12606302843"/>
  <nd ref="12606302842"/>
  <nd ref="4929699081"/>
  <tag k="highway" v="tertiary"/>
  <tag k="lit" v="yes"/>
  <tag k="name" v="Park Street"/>
  <tag k="oneway" v="yes"/>
  <tag k="surface" v="asphalt"/>
 </way>
 <way id="1218234418" visible="true" version="2" changeset="162765677" timestamp="2025-02-21T06:02:23Z" user="ZioDragon" uid="13799024">
  <nd ref="11288369438"/>
  <nd ref="3222781911"/>
  <tag k="highway" v="residential"/>
 </way>
 <way id="1218234419" visible="true" version="8" changeset="175901049" timestamp="2025-12-13T22:21:36Z" user="pepsi_max2k" uid="14719801">
  <nd ref="4929699082"/>
  <nd ref="12606302841"/>
  <nd ref="12578551159"/>
  <nd ref="12578551158"/>
  <nd ref="11288369446"/>
  <nd ref="12578551157"/>
  <nd ref="13374994301"/>
  <nd ref="11288369445"/>
  <nd ref="13374994300"/>
  <nd ref="11288369447"/>
  <nd ref="11288369444"/>
  <nd ref="12606302845"/>
  <nd ref="11288369452"/>
  <nd ref="12606302847"/>
  <nd ref="12578551162"/>
  <nd ref="4447084107"/>
  <tag k="highway" v="tertiary"/>
  <tag k="lit" v="yes"/>
  <tag k="name" v="Park Street"/>
  <tag k="oneway" v="yes"/>
  <tag k="surface" v="asphalt"/>
 </way>
 <way id="1218234420" visible="true" version="2" changeset="149729790" timestamp="2024-04-08T11:06:23Z" user="phoenixsaigon1698" uid="3323343">
  <nd ref="11288369452"/>
  <nd ref="11288369453"/>
  <tag k="highway" v="tertiary_link"/>
 </way>
 <way id="1223175043" visible="true" version="4" changeset="182548532" timestamp="2026-05-12T10:47:15Z" user="GrabVN_HHanh" uid="21825758">
  <nd ref="11410009365"/>
  <nd ref="13820901453"/>
  <nd ref="11410009364"/>
  <nd ref="11410009363"/>
  <nd ref="11410009362"/>
  <nd ref="11410009361"/>
  <nd ref="11410009360"/>
  <nd ref="13617014221"/>
  <nd ref="13820901426"/>
  <nd ref="4929699051"/>
  <nd ref="8824244658"/>
  <nd ref="6901365359"/>
  <tag k="highway" v="residential"/>
 </way>
 <way id="1230360601" visible="true" version="7" changeset="174893221" timestamp="2025-11-20T07:21:17Z" user="Tommybara" uid="12198525">
  <nd ref="11410009348"/>
  <nd ref="11410009349"/>
  <nd ref="11410009350"/>
  <nd ref="8018685702"/>
  <nd ref="8018685701"/>
  <nd ref="11410009348"/>
  <tag k="amenity" v="school"/>
  <tag k="education" v="school"/>
  <tag k="grades" v="1-9"/>
  <tag k="name" v="Trường Tiểu học và Trung học cơ sở Sunshine Maple Bear"/>
  <tag k="website" v="https://sunshinemaplebear.edu.vn/"/>
 </way>
 <way id="1230360605" visible="true" version="1" changeset="145007080" timestamp="2023-12-11T16:49:56Z" user="ItsLouisAnderson" uid="11691953">
  <nd ref="11410009352"/>
  <nd ref="11410009353"/>
  <nd ref="11410009354"/>
  <nd ref="11410009355"/>
  <nd ref="11410034077"/>
  <nd ref="11410034082"/>
  <nd ref="11410009356"/>
  <nd ref="11410009352"/>
  <tag k="landuse" v="cemetery"/>
 </way>
 <way id="1230360606" visible="true" version="1" changeset="145007080" timestamp="2023-12-11T16:49:56Z" user="ItsLouisAnderson" uid="11691953">
  <nd ref="4929699063"/>
  <nd ref="8298863964"/>
  <nd ref="11410009359"/>
  <nd ref="4929699062"/>
  <nd ref="4447083977"/>
  <nd ref="4929699061"/>
  <tag k="highway" v="residential"/>
 </way>
 <way id="1230360607" visible="true" version="1" changeset="145007080" timestamp="2023-12-11T16:49:56Z" user="ItsLouisAnderson" uid="11691953">
  <nd ref="11410009358"/>
  <nd ref="11410009359"/>
  <tag k="highway" v="residential"/>
 </way>
 <way id="1230360608" visible="true" version="2" changeset="152028346" timestamp="2024-05-30T10:51:50Z" user="ItsLouisAnderson" uid="11691953">
  <nd ref="11410009366"/>
  <nd ref="11410034081"/>
  <nd ref="11410009367"/>
  <nd ref="11410009368"/>
  <nd ref="11410034069"/>
  <nd ref="11410034080"/>
  <nd ref="11410034070"/>
  <nd ref="11410034071"/>
  <nd ref="11410034072"/>
  <nd ref="11410034073"/>
  <nd ref="11410034074"/>
  <nd ref="11410034075"/>
  <nd ref="11410034076"/>
  <nd ref="11410009366"/>
  <tag k="landuse" v="cemetery"/>
  <tag k="name" v="Nghĩa trang phường Nhật Tân"/>
  <tag k="religion" v="vietnamese_folk"/>
 </way>
 <way id="1230360609" visible="true" version="1" changeset="145007080" timestamp="2023-12-11T16:49:56Z" user="ItsLouisAnderson" uid="11691953">
  <nd ref="11410034077"/>
  <nd ref="11410034078"/>
  <nd ref="11410034079"/>
  <nd ref="11410034080"/>
  <nd ref="11410034069"/>
  <nd ref="11410009368"/>
  <nd ref="11410009367"/>
  <nd ref="11410034081"/>
  <nd ref="11410034082"/>
  <nd ref="11410034077"/>
  <tag k="landuse" v="construction"/>
 </way>
 <way id="1230360610" visible="true" version="1" changeset="145007080" timestamp="2023-12-11T16:49:56Z" user="ItsLouisAnderson" uid="11691953">
  <nd ref="11410034083"/>
  <nd ref="11410034084"/>
  <nd ref="11410034085"/>
  <nd ref="11410034086"/>
  <nd ref="11410034087"/>
  <nd ref="11410034088"/>
  <nd ref="11410034089"/>
  <nd ref="11410034090"/>
  <nd ref="11410034091"/>
  <nd ref="11410034092"/>
  <nd ref="11410034093"/>
  <nd ref="11410034094"/>
  <nd ref="11410034095"/>
  <nd ref="11410034096"/>
  <nd ref="11410034097"/>
  <nd ref="11410034098"/>
  <nd ref="11410034099"/>
  <nd ref="11410034100"/>
  <nd ref="11410034101"/>
  <nd ref="11410034102"/>
  <nd ref="11410034103"/>
  <nd ref="11410034104"/>
  <nd ref="11410034105"/>
  <nd ref="11410034106"/>
  <nd ref="11410034107"/>
  <nd ref="11410034083"/>
  <tag k="building" v="construction"/>
 </way>
 <way id="1234570967" visible="true" version="3" changeset="152028346" timestamp="2024-05-30T10:51:50Z" user="ItsLouisAnderson" uid="11691953">
  <nd ref="6416926574"/>
  <nd ref="10886080010"/>
  <nd ref="4929698904"/>
  <tag k="highway" v="tertiary"/>
  <tag k="oneway" v="yes"/>
 </way>
 <way id="1234570968" visible="true" version="6" changeset="163077382" timestamp="2025-03-01T08:00:27Z" user="Tewuzij" uid="16194143">
  <nd ref="4929698904"/>
  <nd ref="6597239936"/>
  <nd ref="8336557488"/>
  <tag k="highway" v="tertiary"/>
  <tag k="lit" v="yes"/>
  <tag k="name" v="Park Street"/>
  <tag k="oneway" v="yes"/>
  <tag k="surface" v="asphalt"/>
 </way>
 <way id="1234570969" visible="true" version="2" changeset="151801441" timestamp="2024-05-25T09:14:20Z" user="phoenixsaigon1698" uid="3323343">
  <nd ref="4929698904"/>
  <nd ref="4929699076"/>
  <tag k="highway" v="tertiary"/>
  <tag k="oneway" v="yes"/>
 </way>
 <way id="1234570970" visible="true" version="2" changeset="151801441" timestamp="2024-05-25T09:14:20Z" user="phoenixsaigon1698" uid="3323343">
  <nd ref="4929699079"/>
  <nd ref="4929698903"/>
  <tag k="highway" v="tertiary"/>
  <tag k="oneway" v="yes"/>
 </way>
 <way id="1234570971" visible="true" version="6" changeset="163077382" timestamp="2025-03-01T08:00:26Z" user="Tewuzij" uid="16194143">
  <nd ref="4929698903"/>
  <nd ref="4929698904"/>
  <tag k="highway" v="tertiary"/>
  <tag k="lit" v="yes"/>
  <tag k="name" v="Park Street"/>
  <tag k="oneway" v="yes"/>
  <tag k="surface" v="asphalt"/>
 </way>
 <way id="1234570972" visible="true" version="2" changeset="151801441" timestamp="2024-05-25T09:14:20Z" user="phoenixsaigon1698" uid="3323343">
  <nd ref="4929698903"/>
  <nd ref="10886080011"/>
  <nd ref="11402701113"/>
  <nd ref="4447084118"/>
  <tag k="highway" v="tertiary"/>
  <tag k="oneway" v="yes"/>
 </way>
 <way id="1255518369" visible="true" version="2" changeset="148058606" timestamp="2024-02-29T15:42:29Z" user="phoenixsaigon1698" uid="3323343">
  <nd ref="1494242595"/>
  <nd ref="3221325562"/>
  <tag k="highway" v="residential"/>
 </way>
 <way id="1255518483" visible="true" version="2" changeset="148058606" timestamp="2024-02-29T15:42:29Z" user="phoenixsaigon1698" uid="3323343">
  <nd ref="1494240713"/>
  <nd ref="4088954110"/>
  <tag k="highway" v="residential"/>
 </way>
 <way id="1256075804" visible="true" version="3" changeset="163077382" timestamp="2025-03-01T07:59:43Z" user="Tewuzij" uid="16194143">
  <nd ref="1494242595"/>
  <nd ref="6603145882"/>
  <nd ref="6603145876"/>
  <nd ref="8831123228"/>
  <nd ref="3221325510"/>
  <tag k="highway" v="tertiary"/>
  <tag k="lit" v="yes"/>
  <tag k="maxspeed" v="35"/>
  <tag k="name" v="Main Street"/>
  <tag k="oneway" v="yes"/>
  <tag k="surface" v="asphalt"/>
 </way>
 <way id="1256075805" visible="true" version="1" changeset="148058606" timestamp="2024-02-29T15:42:29Z" user="phoenixsaigon1698" uid="3323343">
  <nd ref="9005146800"/>
  <nd ref="1494242595"/>
  <tag k="highway" v="residential"/>
 </way>
 <way id="1256075806" visible="true" version="3" changeset="163077382" timestamp="2025-03-01T07:59:45Z" user="Tewuzij" uid="16194143">
  <nd ref="873571789"/>
  <nd ref="8831123227"/>
  <nd ref="6603145875"/>
  <nd ref="6603145881"/>
  <nd ref="3221325562"/>
  <tag k="highway" v="tertiary"/>
  <tag k="lit" v="yes"/>
  <tag k="maxspeed" v="35"/>
  <tag k="name" v="Main Street"/>
  <tag k="oneway" v="yes"/>
  <tag k="surface" v="asphalt"/>
 </way>
 <way id="1256075807" visible="true" version="4" changeset="163077382" timestamp="2025-03-01T07:59:23Z" user="Tewuzij" uid="16194143">
  <nd ref="2297811772"/>
  <nd ref="12606302873"/>
  <nd ref="12606302866"/>
  <nd ref="6591831972"/>
  <nd ref="6603145877"/>
  <nd ref="1494240713"/>
  <tag k="highway" v="tertiary"/>
  <tag k="lit" v="yes"/>
  <tag k="maxspeed" v="35"/>
  <tag k="name" v="Main Street"/>
  <tag k="oneway" v="yes"/>
  <tag k="surface" v="asphalt"/>
 </way>
 <way id="1256075808" visible="true" version="1" changeset="148058606" timestamp="2024-02-29T15:42:29Z" user="phoenixsaigon1698" uid="3323343">
  <nd ref="9005146728"/>
  <nd ref="1494240713"/>
  <tag k="highway" v="residential"/>
 </way>
 <way id="1265851872" visible="true" version="1" changeset="149097492" timestamp="2024-03-24T16:41:10Z" user="Basstoelpel" uid="72235">
  <nd ref="11758701562"/>
  <nd ref="11758701563"/>
  <nd ref="11758701564"/>
  <nd ref="11758701565"/>
  <nd ref="11758701566"/>
  <nd ref="11758701567"/>
  <nd ref="11758701568"/>
  <nd ref="11758701569"/>
  <nd ref="11758701570"/>
  <nd ref="11758701571"/>
  <nd ref="11758701574"/>
  <nd ref="11758701573"/>
  <nd ref="11758701572"/>
  <tag k="cables" v="6"/>
  <tag k="circuits" v="2"/>
  <tag k="frequency" v="50"/>
  <tag k="power" v="line"/>
  <tag k="voltage" v="110000"/>
  <tag k="wires" v="single"/>
 </way>
 <way id="1265851876" visible="true" version="1" changeset="149097492" timestamp="2024-03-24T16:41:10Z" user="Basstoelpel" uid="72235">
  <nd ref="11758701584"/>
  <nd ref="11758701585"/>
  <nd ref="11758701586"/>
  <nd ref="11758701587"/>
  <nd ref="11758701588"/>
  <nd ref="11758701589"/>
  <nd ref="11758701590"/>
  <nd ref="11758701591"/>
  <nd ref="11758701592"/>
  <nd ref="11758701593"/>
  <nd ref="11758701594"/>
  <nd ref="11758701595"/>
  <nd ref="11758701596"/>
  <nd ref="11758701597"/>
  <nd ref="11758701598"/>
  <nd ref="11758701599"/>
  <nd ref="11758701600"/>
  <nd ref="11758701601"/>
  <nd ref="11758701602"/>
  <nd ref="11758701606"/>
  <nd ref="11758701607"/>
  <nd ref="11758701608"/>
  <tag k="cables" v="12"/>
  <tag k="circuits" v="4"/>
  <tag k="frequency" v="50"/>
  <tag k="power" v="line"/>
  <tag k="voltage" v="110000"/>
  <tag k="wires" v="single"/>
 </way>
 <way id="1270853922" visible="true" version="6" changeset="175901049" timestamp="2025-12-13T22:21:36Z" user="pepsi_max2k" uid="14719801">
  <nd ref="1494241004"/>
  <nd ref="11288369442"/>
  <nd ref="12606302852"/>
  <nd ref="11288369438"/>
  <nd ref="11288369439"/>
  <nd ref="13374993915"/>
  <nd ref="11288369440"/>
  <nd ref="11288369456"/>
  <nd ref="12606302849"/>
  <nd ref="11288369441"/>
  <tag k="highway" v="tertiary"/>
  <tag k="lit" v="yes"/>
  <tag k="name" v="Park Street"/>
  <tag k="oneway" v="yes"/>
  <tag k="surface" v="asphalt"/>
 </way>
 <way id="1286519096" visible="true" version="1" changeset="151801441" timestamp="2024-05-25T09:14:20Z" user="phoenixsaigon1698" uid="3323343">
  <nd ref="11026988172"/>
  <nd ref="11932623620"/>
  <nd ref="4447084090"/>
  <nd ref="11932623621"/>
  <nd ref="11026988177"/>
  <nd ref="11932623622"/>
  <nd ref="11932623623"/>
  <nd ref="11932623624"/>
  <nd ref="11932623625"/>
  <nd ref="11932623626"/>
  <nd ref="11932623627"/>
  <nd ref="6901345603"/>
  <tag k="highway" v="service"/>
 </way>
 <way id="1286519098" visible="true" version="1" changeset="151801441" timestamp="2024-05-25T09:14:20Z" user="phoenixsaigon1698" uid="3323343">
  <nd ref="4162342944"/>
  <nd ref="4162342943"/>
  <tag k="construction" v="service"/>
  <tag k="highway" v="construction"/>
 </way>
 <way id="1286519099" visible="true" version="1" changeset="151801441" timestamp="2024-05-25T09:14:20Z" user="phoenixsaigon1698" uid="3323343">
  <nd ref="4447084090"/>
  <nd ref="11932623629"/>
  <tag k="highway" v="service"/>
 </way>
 <way id="1288005660" visible="true" version="2" changeset="177749696" timestamp="2026-01-27T06:48:03Z" user="vietnam321" uid="11196308">
  <nd ref="11944726212"/>
  <nd ref="11944726213"/>
  <nd ref="11944726214"/>
  <nd ref="11944726215"/>
  <nd ref="11944726216"/>
  <nd ref="11944726217"/>
  <nd ref="11944726218"/>
  <nd ref="11944726219"/>
  <nd ref="11944726220"/>
  <nd ref="11944726212"/>
  <tag k="construction" v="residential"/>
  <tag k="landuse" v="construction"/>
  <tag k="name" v="Noble Crystal Tây Hồ"/>
 </way>
 <way id="1288005661" visible="true" version="1" changeset="152028346" timestamp="2024-05-30T10:51:50Z" user="ItsLouisAnderson" uid="11691953">
  <nd ref="3465169502"/>
  <nd ref="11944726221"/>
  <nd ref="11944726222"/>
  <nd ref="11944726223"/>
  <nd ref="11944726224"/>
  <nd ref="11944726225"/>
  <nd ref="11944726226"/>
  <nd ref="11944726227"/>
  <nd ref="11944726228"/>
  <nd ref="11944726229"/>
  <nd ref="11944726230"/>
  <nd ref="11944726231"/>
  <nd ref="11944726232"/>
  <nd ref="11944726233"/>
  <nd ref="11944726234"/>
  <nd ref="11944726235"/>
  <nd ref="3465169501"/>
  <nd ref="11944726211"/>
  <nd ref="3465169502"/>
  <tag k="landuse" v="construction"/>
  <tag k="name" v="Sunshine Royal Capital"/>
 </way>
 <way id="1292299880" visible="true" version="2" changeset="175901136" timestamp="2025-12-13T22:24:26Z" user="pepsi_max2k" uid="14719801">
  <nd ref="6901365366"/>
  <nd ref="6901365368"/>
  <tag k="highway" v="residential"/>
 </way>
 <way id="1312259655" visible="true" version="1" changeset="155979703" timestamp="2024-08-30T15:27:07Z" user="Hung Tran 9x0" uid="20910140">
  <nd ref="12146358162"/>
  <nd ref="12146358163"/>
  <nd ref="12146358164"/>
  <nd ref="12146358165"/>
  <nd ref="12146358166"/>
  <nd ref="12146358167"/>
  <nd ref="12146358162"/>
  <tag k="addr:district" v="Quận Tây Hồ"/>
  <tag k="addr:housenumber" v="Lô CT2A, Khu đô thị Nam Thăng Long"/>
  <tag k="addr:province" v="Thành phố Hà Nội"/>
  <tag k="building" v="apartments"/>
  <tag k="name" v="Chung cư Sunshine Golden River"/>
 </way>
 <way id="1359007038" visible="true" version="2" changeset="162765677" timestamp="2025-02-21T06:02:23Z" user="ZioDragon" uid="13799024">
  <nd ref="6901365376"/>
  <nd ref="12578551154"/>
  <tag k="highway" v="tertiary_link"/>
 </way>
 <way id="1359007039" visible="true" version="2" changeset="162765677" timestamp="2025-02-21T06:02:23Z" user="ZioDragon" uid="13799024">
  <nd ref="4929699076"/>
  <nd ref="12606302833"/>
  <nd ref="12578551160"/>
  <tag k="highway" v="tertiary"/>
  <tag k="oneway" v="yes"/>
 </way>
 <way id="1361617377" visible="true" version="2" changeset="167733705" timestamp="2025-06-17T11:23:09Z" user="HoangQuanHDFPV" uid="22644759">
  <nd ref="6901336673"/>
  <nd ref="12606302827"/>
  <nd ref="12606302816"/>
  <nd ref="8459988833"/>
  <nd ref="12606302815"/>
  <nd ref="12606302814"/>
  <nd ref="12606302813"/>
  <nd ref="12606302812"/>
  <nd ref="12606302811"/>
  <nd ref="12606302828"/>
  <nd ref="12606302829"/>
  <nd ref="6901336684"/>
  <tag k="highway" v="tertiary"/>
  <tag k="name" v="Đường KĐT Nam Thăng Long"/>
  <tag k="oneway" v="yes"/>
 </way>
 <way id="1361617378" visible="true" version="2" changeset="167733705" timestamp="2025-06-17T11:23:09Z" user="HoangQuanHDFPV" uid="22644759">
  <nd ref="8337099015"/>
  <nd ref="12606302830"/>
  <nd ref="12606302817"/>
  <nd ref="12606302818"/>
  <nd ref="12606302819"/>
  <nd ref="12606302820"/>
  <nd ref="12606302821"/>
  <nd ref="12606302822"/>
  <nd ref="12606302823"/>
  <nd ref="12606302826"/>
  <nd ref="4162342942"/>
  <tag k="highway" v="tertiary"/>
  <tag k="name" v="Đường KĐT Nam Thăng Long"/>
  <tag k="oneway" v="yes"/>
 </way>
 <way id="1361617379" visible="true" version="1" changeset="162765677" timestamp="2025-02-21T06:02:23Z" user="ZioDragon" uid="13799024">
  <nd ref="12606302824"/>
  <nd ref="12606302825"/>
  <nd ref="6901336673"/>
  <tag k="highway" v="tertiary"/>
  <tag k="oneway" v="yes"/>
 </way>
 <way id="1361617380" visible="true" version="1" changeset="162765677" timestamp="2025-02-21T06:02:23Z" user="ZioDragon" uid="13799024">
  <nd ref="4162342942"/>
  <nd ref="12606302824"/>
  <tag k="highway" v="tertiary"/>
  <tag k="oneway" v="yes"/>
 </way>
 <way id="1361617381" visible="true" version="1" changeset="162765677" timestamp="2025-02-21T06:02:23Z" user="ZioDragon" uid="13799024">
  <nd ref="12578551161"/>
  <nd ref="12606302834"/>
  <nd ref="4929699079"/>
  <tag k="highway" v="tertiary"/>
  <tag k="oneway" v="yes"/>
 </way>
 <way id="1361617382" visible="true" version="1" changeset="162765677" timestamp="2025-02-21T06:02:23Z" user="ZioDragon" uid="13799024">
  <nd ref="12578551160"/>
  <nd ref="12606302825"/>
  <tag k="construction" v="tertiary"/>
  <tag k="highway" v="construction"/>
  <tag k="oneway" v="yes"/>
 </way>
 <way id="1361617383" visible="true" version="1" changeset="162765677" timestamp="2025-02-21T06:02:23Z" user="ZioDragon" uid="13799024">
  <nd ref="12606302824"/>
  <nd ref="12578551161"/>
  <tag k="construction" v="tertiary"/>
  <tag k="highway" v="construction"/>
  <tag k="oneway" v="yes"/>
 </way>
 <way id="1361617384" visible="true" version="1" changeset="162765677" timestamp="2025-02-21T06:02:23Z" user="ZioDragon" uid="13799024">
  <nd ref="12578551160"/>
  <nd ref="12606302835"/>
  <nd ref="12578551161"/>
  <nd ref="12606302839"/>
  <nd ref="12606302831"/>
  <tag k="highway" v="residential"/>
  <tag k="oneway" v="yes"/>
 </way>
 <way id="1361617385" visible="true" version="1" changeset="162765677" timestamp="2025-02-21T06:02:23Z" user="ZioDragon" uid="13799024">
  <nd ref="12606302832"/>
  <nd ref="12606302838"/>
  <nd ref="12606302834"/>
  <nd ref="12606302833"/>
  <tag k="highway" v="residential"/>
  <tag k="oneway" v="yes"/>
 </way>
 <way id="1361617386" visible="true" version="1" changeset="162765677" timestamp="2025-02-21T06:02:23Z" user="ZioDragon" uid="13799024">
  <nd ref="12606302831"/>
  <nd ref="12606302832"/>
  <nd ref="12606302836"/>
  <nd ref="12606302837"/>
  <nd ref="12606302838"/>
  <nd ref="12606302839"/>
  <tag k="highway" v="residential"/>
 </way>
 <way id="1361617390" visible="true" version="1" changeset="162765677" timestamp="2025-02-21T06:02:23Z" user="ZioDragon" uid="13799024">
  <nd ref="8298863952"/>
  <nd ref="8298863949"/>
  <tag k="highway" v="residential"/>
  <tag k="motorcycle" v="yes"/>
 </way>
 <way id="1395283562" visible="true" version="1" changeset="167618172" timestamp="2025-06-14T15:39:41Z" user="Hung Tran 9x0" uid="20910140">
  <nd ref="1494237930"/>
  <nd ref="3465169520"/>
  <nd ref="9377492377"/>
  <nd ref="3464707940"/>
  <nd ref="3464707937"/>
  <nd ref="3465169525"/>
  <nd ref="3465169526"/>
  <nd ref="3465169527"/>
  <nd ref="2297811571"/>
  <nd ref="3465169528"/>
  <nd ref="11113295573"/>
  <nd ref="3465169529"/>
  <nd ref="3465169530"/>
  <nd ref="3779331011"/>
  <nd ref="3465169494"/>
  <nd ref="4845771973"/>
  <nd ref="8831123289"/>
  <nd ref="4845771972"/>
  <nd ref="11113295560"/>
  <nd ref="4845771971"/>
  <nd ref="3465169495"/>
  <nd ref="3779331208"/>
  <nd ref="3465169496"/>
  <nd ref="3465169497"/>
  <nd ref="3465169498"/>
  <nd ref="3465169499"/>
  <nd ref="7213652209"/>
  <nd ref="8364160407"/>
  <nd ref="8364160406"/>
  <nd ref="3465169500"/>
  <nd ref="11944726235"/>
  <nd ref="3465169501"/>
  <nd ref="11944726211"/>
  <nd ref="3465169502"/>
  <nd ref="11944726236"/>
  <nd ref="11944726237"/>
 </way>
 <way id="1408280915" visible="true" version="6" changeset="183734940" timestamp="2026-06-06T12:23:03Z" user="vietnam321" uid="11196308">
  <nd ref="4929699096"/>
  <nd ref="13290231894"/>
  <nd ref="12942479650"/>
  <nd ref="12942479654"/>
  <nd ref="12942479657"/>
  <nd ref="12942479660"/>
  <nd ref="12965664346"/>
  <nd ref="12965664342"/>
  <nd ref="13290246109"/>
  <nd ref="12965664344"/>
  <tag k="bicycle" v="no"/>
  <tag k="foot" v="no"/>
  <tag k="highway" v="trunk"/>
  <tag k="horse" v="no"/>
  <tag k="lanes" v="3"/>
  <tag k="maxspeed" v="60"/>
  <tag k="maxspeed:motorcar" v="60"/>
  <tag k="mofa" v="no"/>
  <tag k="moped" v="no"/>
  <tag k="motorcycle" v="no"/>
  <tag k="name" v="Đường Võ Chí Công"/>
  <tag k="name:en" v="Vo Chi Cong Road"/>
  <tag k="name:etymology:wikidata" v="Q434894"/>
  <tag k="name:vi" v="Đường Võ Chí Công"/>
  <tag k="oneway" v="yes"/>
  <tag k="surface" v="asphalt"/>
  <tag k="wikidata" v="Q10841033"/>
  <tag k="wikipedia" v="vi:Đường vành đai 2 (Hà Nội)"/>
 </way>
 <way id="1409668615" visible="true" version="1" changeset="168122900" timestamp="2025-06-26T06:38:31Z" user="Hung Tran 9x0" uid="20910140">
  <nd ref="12953283943"/>
  <nd ref="12953283944"/>
  <tag k="hgv" v="no"/>
  <tag k="highway" v="tertiary_link"/>
  <tag k="truck" v="no"/>
 </way>
 <way id="1409669004" visible="true" version="1" changeset="168122991" timestamp="2025-06-26T06:40:30Z" user="Hung Tran 9x0" uid="20910140">
  <nd ref="4929698900"/>
  <nd ref="4929699084"/>
  <tag k="highway" v="tertiary_link"/>
  <tag k="surface" v="asphalt"/>
 </way>
 <way id="1413266903" visible="true" version="4" changeset="175128019" timestamp="2025-11-25T20:51:48Z" user="inserteunnombreaqui" uid="22579655">
  <nd ref="12987771101"/>
  <nd ref="12987771102"/>
  <nd ref="12987771103"/>
  <nd ref="12987771104"/>
  <nd ref="12987771105"/>
  <nd ref="12987771106"/>
  <nd ref="12987771107"/>
  <nd ref="12987771108"/>
  <nd ref="8340615682"/>
  <tag k="admin_level" v="6"/>
  <tag k="boundary" v="administrative"/>
 </way>
 <way id="1458378294" visible="true" version="1" changeset="175901049" timestamp="2025-12-13T22:21:36Z" user="pepsi_max2k" uid="14719801">
  <nd ref="13374988009"/>
  <nd ref="13374988018"/>
  <nd ref="13374988023"/>
  <nd ref="13374988010"/>
  <nd ref="13374988011"/>
  <nd ref="13374988012"/>
  <nd ref="13374988013"/>
  <nd ref="13374988014"/>
  <nd ref="13374988015"/>
  <nd ref="13374988016"/>
  <nd ref="13374988017"/>
  <nd ref="13374988009"/>
  <tag k="highway" v="construction"/>
 </way>
 <way id="1458378295" visible="true" version="1" changeset="175901049" timestamp="2025-12-13T22:21:36Z" user="pepsi_max2k" uid="14719801">
  <nd ref="13374988018"/>
  <nd ref="13374988019"/>
  <nd ref="13374988020"/>
  <nd ref="13374988021"/>
  <nd ref="13374988022"/>
  <nd ref="13374988023"/>
  <tag k="highway" v="construction"/>
 </way>
 <way id="1458378296" visible="true" version="1" changeset="175901049" timestamp="2025-12-13T22:21:36Z" user="pepsi_max2k" uid="14719801">
  <nd ref="13374988024"/>
  <nd ref="13374988025"/>
  <nd ref="13374988026"/>
  <nd ref="13374988027"/>
  <nd ref="13374988028"/>
  <nd ref="13374988029"/>
  <nd ref="13374988030"/>
  <nd ref="13374988031"/>
  <nd ref="13374988032"/>
  <nd ref="13374988033"/>
  <nd ref="13374988034"/>
  <nd ref="13374988035"/>
  <nd ref="13374988036"/>
  <nd ref="13374988037"/>
  <nd ref="13374988038"/>
  <nd ref="13374988039"/>
  <nd ref="13374988040"/>
  <nd ref="13374988041"/>
  <nd ref="13374988042"/>
  <nd ref="13374988043"/>
  <nd ref="13374988044"/>
  <nd ref="13374988045"/>
  <nd ref="13374988046"/>
  <nd ref="13374988047"/>
  <nd ref="13374988048"/>
  <nd ref="13374993922"/>
  <nd ref="13374988049"/>
  <nd ref="13374988050"/>
  <nd ref="13374988051"/>
  <nd ref="13374988052"/>
  <nd ref="13374988053"/>
  <nd ref="13374988054"/>
  <nd ref="13374988055"/>
  <nd ref="13374988056"/>
  <nd ref="13374988057"/>
  <nd ref="13374988058"/>
  <nd ref="13374988059"/>
  <nd ref="13374988060"/>
  <nd ref="13374988061"/>
  <nd ref="13374988062"/>
  <nd ref="13374988063"/>
  <nd ref="13374988064"/>
  <nd ref="13374988065"/>
  <nd ref="13374988066"/>
  <nd ref="13374988067"/>
  <nd ref="13374988068"/>
  <nd ref="13374988069"/>
  <nd ref="13374988070"/>
  <nd ref="13374988071"/>
  <nd ref="13374988072"/>
  <nd ref="13374988073"/>
  <nd ref="13374988074"/>
  <nd ref="13374988075"/>
  <nd ref="13374988076"/>
  <nd ref="13374988077"/>
  <nd ref="13374988078"/>
  <nd ref="13374988079"/>
  <nd ref="13374988080"/>
  <nd ref="13374988081"/>
  <nd ref="13374988082"/>
  <nd ref="13374988083"/>
  <nd ref="13374988084"/>
  <nd ref="13374988085"/>
  <nd ref="13374988086"/>
  <nd ref="13374988087"/>
  <nd ref="13374988088"/>
  <nd ref="13374988089"/>
  <nd ref="13374988090"/>
  <nd ref="13374988091"/>
  <nd ref="13374988092"/>
  <nd ref="13374988093"/>
  <nd ref="13374988094"/>
  <nd ref="13374988095"/>
  <nd ref="13374988096"/>
  <nd ref="13374988097"/>
  <nd ref="13374988098"/>
  <nd ref="13374988099"/>
  <nd ref="13374988100"/>
  <nd ref="13374993901"/>
  <nd ref="13374993902"/>
  <nd ref="13374993903"/>
  <nd ref="13374993904"/>
  <nd ref="13374993905"/>
  <nd ref="13374993906"/>
  <nd ref="13374993907"/>
  <nd ref="13374993908"/>
  <nd ref="13374993909"/>
  <nd ref="13374993910"/>
  <nd ref="13374993911"/>
  <nd ref="13374993912"/>
  <nd ref="13374993913"/>
  <nd ref="13374993914"/>
  <nd ref="13374988024"/>
  <tag k="natural" v="water"/>
  <tag k="water" v="lake"/>
 </way>
 <way id="1458378297" visible="true" version="1" changeset="175901049" timestamp="2025-12-13T22:21:36Z" user="pepsi_max2k" uid="14719801">
  <nd ref="13374993915"/>
  <nd ref="13374993920"/>
  <nd ref="13374993916"/>
  <tag k="highway" v="construction"/>
 </way>
 <way id="1458378298" visible="true" version="1" changeset="175901049" timestamp="2025-12-13T22:21:36Z" user="pepsi_max2k" uid="14719801">
  <nd ref="13374993917"/>
  <nd ref="13374993918"/>
  <nd ref="13374993916"/>
  <nd ref="13374993919"/>
  <tag k="highway" v="construction"/>
 </way>
 <way id="1458378299" visible="true" version="1" changeset="175901049" timestamp="2025-12-13T22:21:36Z" user="pepsi_max2k" uid="14719801">
  <nd ref="13374993920"/>
  <nd ref="13374993917"/>
  <nd ref="13374993921"/>
  <tag k="highway" v="construction"/>
 </way>
 <way id="1458378300" visible="true" version="1" changeset="175901049" timestamp="2025-12-13T22:21:36Z" user="pepsi_max2k" uid="14719801">
  <nd ref="13374993922"/>
  <nd ref="13374993923"/>
  <tag k="layer" v="-1"/>
  <tag k="tunnel" v="culvert"/>
  <tag k="waterway" v="stream"/>
 </way>
 <way id="1458378301" visible="true" version="1" changeset="175901049" timestamp="2025-12-13T22:21:36Z" user="pepsi_max2k" uid="14719801">
  <nd ref="13374993924"/>
  <nd ref="13374993925"/>
  <tag k="layer" v="-1"/>
  <tag k="tunnel" v="culvert"/>
  <tag k="waterway" v="stream"/>
 </way>
 <way id="1458378302" visible="true" version="1" changeset="175901049" timestamp="2025-12-13T22:21:36Z" user="pepsi_max2k" uid="14719801">
  <nd ref="13374993926"/>
  <nd ref="13374993927"/>
  <tag k="layer" v="-1"/>
  <tag k="tunnel" v="culvert"/>
  <tag k="waterway" v="stream"/>
 </way>
 <way id="1458378303" visible="true" version="1" changeset="175901049" timestamp="2025-12-13T22:21:36Z" user="pepsi_max2k" uid="14719801">
  <nd ref="13374993928"/>
  <nd ref="13374993929"/>
  <nd ref="13374993930"/>
  <tag k="layer" v="-1"/>
  <tag k="tunnel" v="culvert"/>
  <tag k="waterway" v="stream"/>
 </way>
 <way id="1458378304" visible="true" version="1" changeset="175901049" timestamp="2025-12-13T22:21:36Z" user="pepsi_max2k" uid="14719801">
  <nd ref="13374993930"/>
  <nd ref="13374993931"/>
  <nd ref="13374993932"/>
  <nd ref="13374993933"/>
  <nd ref="13374993934"/>
  <nd ref="13374993935"/>
  <nd ref="13374993936"/>
  <nd ref="13374993937"/>
  <nd ref="13374993938"/>
  <nd ref="13374993939"/>
  <nd ref="13374993940"/>
  <nd ref="13374993941"/>
  <nd ref="13374993942"/>
  <nd ref="13374993943"/>
  <nd ref="13374993944"/>
  <nd ref="13374993945"/>
  <nd ref="13374993946"/>
  <nd ref="13374993947"/>
  <nd ref="13374993948"/>
  <nd ref="13374993949"/>
  <nd ref="13374993950"/>
  <nd ref="13374993951"/>
  <nd ref="13374993952"/>
  <nd ref="13374993953"/>
  <nd ref="13374993954"/>
  <nd ref="13374993955"/>
  <nd ref="13374993956"/>
  <nd ref="13374993957"/>
  <nd ref="13374993958"/>
  <nd ref="13374993959"/>
  <nd ref="13374993960"/>
  <nd ref="13374993961"/>
  <nd ref="13374993962"/>
  <nd ref="13374993963"/>
  <nd ref="13374993964"/>
  <nd ref="13374993965"/>
  <nd ref="13374993966"/>
  <nd ref="13374993967"/>
  <nd ref="13374993968"/>
  <nd ref="13374993969"/>
  <nd ref="13374993970"/>
  <nd ref="13374993971"/>
  <nd ref="13374993927"/>
  <nd ref="13374993972"/>
  <nd ref="13374993973"/>
  <nd ref="13374993974"/>
  <nd ref="13374993975"/>
  <nd ref="13374993976"/>
  <nd ref="13374993977"/>
  <nd ref="13374993978"/>
  <nd ref="13374993979"/>
  <nd ref="13374993980"/>
  <nd ref="13374993981"/>
  <nd ref="13374993982"/>
  <nd ref="13374993983"/>
  <nd ref="13374993984"/>
  <nd ref="13374993985"/>
  <nd ref="13374994088"/>
  <nd ref="13374993986"/>
  <nd ref="13374993987"/>
  <nd ref="13374993988"/>
  <nd ref="13374993989"/>
  <nd ref="13374993990"/>
  <nd ref="13374993991"/>
  <nd ref="13374993992"/>
  <nd ref="13374993993"/>
  <nd ref="13374993994"/>
  <nd ref="13374993995"/>
  <nd ref="13374993996"/>
  <nd ref="13374993997"/>
  <nd ref="13374993998"/>
  <nd ref="13374993999"/>
  <nd ref="13374994000"/>
  <nd ref="13374994001"/>
  <nd ref="13374994002"/>
  <nd ref="13374994003"/>
  <nd ref="13374994004"/>
  <nd ref="13374994090"/>
  <nd ref="13374994005"/>
  <nd ref="13374994006"/>
  <nd ref="13374994007"/>
  <nd ref="13374994008"/>
  <nd ref="13374994009"/>
  <nd ref="13374994010"/>
  <nd ref="13374994011"/>
  <nd ref="13374994012"/>
  <nd ref="13374994013"/>
  <nd ref="13374994014"/>
  <nd ref="13374994015"/>
  <nd ref="13374994016"/>
  <nd ref="13374994017"/>
  <nd ref="13374994018"/>
  <nd ref="13374994019"/>
  <nd ref="13374994020"/>
  <nd ref="13374994021"/>
  <nd ref="13374994022"/>
  <nd ref="13374994023"/>
  <nd ref="13374994024"/>
  <nd ref="13374994025"/>
  <nd ref="13374994026"/>
  <nd ref="13374994027"/>
  <nd ref="13374993928"/>
  <nd ref="13374994028"/>
  <nd ref="13374994029"/>
  <nd ref="13374994030"/>
  <nd ref="13374994031"/>
  <nd ref="13374994032"/>
  <nd ref="13374994033"/>
  <nd ref="13374994034"/>
  <nd ref="13374994035"/>
  <nd ref="13374994036"/>
  <nd ref="13374994037"/>
  <nd ref="13374994038"/>
  <nd ref="13374994039"/>
  <nd ref="13374994040"/>
  <nd ref="13374994041"/>
  <nd ref="13374994042"/>
  <nd ref="13374994043"/>
  <nd ref="13374994044"/>
  <nd ref="13374994045"/>
  <nd ref="13374994046"/>
  <nd ref="13374994047"/>
  <nd ref="13374994048"/>
  <nd ref="13374994049"/>
  <nd ref="13374994050"/>
  <nd ref="13374994051"/>
  <nd ref="13374994052"/>
  <nd ref="13374994053"/>
  <nd ref="13374994054"/>
  <nd ref="13374994055"/>
  <nd ref="13374994056"/>
  <nd ref="13374994057"/>
  <nd ref="13374994058"/>
  <nd ref="13374994059"/>
  <nd ref="13374994060"/>
  <nd ref="13374994061"/>
  <nd ref="13374994062"/>
  <nd ref="13374994063"/>
  <nd ref="13374994064"/>
  <nd ref="13374994065"/>
  <nd ref="13374994066"/>
  <nd ref="13374994067"/>
  <nd ref="13374994068"/>
  <nd ref="13374994069"/>
  <nd ref="13374994070"/>
  <nd ref="13374994071"/>
  <nd ref="13374994072"/>
  <nd ref="13374994073"/>
  <nd ref="13374994074"/>
  <nd ref="13374994075"/>
  <nd ref="13374994076"/>
  <nd ref="13374994077"/>
  <nd ref="13374994078"/>
  <nd ref="13374994079"/>
  <nd ref="13374994080"/>
  <nd ref="13374994081"/>
  <nd ref="13374994082"/>
  <nd ref="13374994083"/>
  <nd ref="13374994084"/>
  <nd ref="13374994085"/>
  <nd ref="13374994086"/>
  <nd ref="13374993930"/>
  <tag k="natural" v="water"/>
  <tag k="water" v="lake"/>
 </way>
 <way id="1458378305" visible="true" version="1" changeset="175901049" timestamp="2025-12-13T22:21:36Z" user="pepsi_max2k" uid="14719801">
  <nd ref="13374994087"/>
  <nd ref="13374994088"/>
  <tag k="layer" v="-1"/>
  <tag k="tunnel" v="culvert"/>
  <tag k="waterway" v="stream"/>
 </way>
 <way id="1458378306" visible="true" version="1" changeset="175901049" timestamp="2025-12-13T22:21:36Z" user="pepsi_max2k" uid="14719801">
  <nd ref="13374994089"/>
  <nd ref="13374994090"/>
  <tag k="layer" v="-1"/>
  <tag k="tunnel" v="culvert"/>
  <tag k="waterway" v="stream"/>
 </way>
 <way id="1458378307" visible="true" version="1" changeset="175901049" timestamp="2025-12-13T22:21:36Z" user="pepsi_max2k" uid="14719801">
  <nd ref="13374994089"/>
  <nd ref="13374994091"/>
  <nd ref="13374994092"/>
  <nd ref="13374994093"/>
  <nd ref="13374994094"/>
  <nd ref="13374994095"/>
  <nd ref="13374994096"/>
  <nd ref="13374994097"/>
  <nd ref="13374994098"/>
  <nd ref="13374994099"/>
  <nd ref="13374994100"/>
  <nd ref="13374994101"/>
  <nd ref="13374994102"/>
  <nd ref="13374994103"/>
  <nd ref="13374994104"/>
  <nd ref="13374994105"/>
  <nd ref="13374994106"/>
  <nd ref="13374994107"/>
  <nd ref="13374994108"/>
  <nd ref="13374994109"/>
  <nd ref="13374994110"/>
  <nd ref="13374994111"/>
  <nd ref="13374994112"/>
  <nd ref="13374994113"/>
  <nd ref="13374994114"/>
  <nd ref="13374994115"/>
  <nd ref="13374994116"/>
  <nd ref="13374994117"/>
  <nd ref="13374994089"/>
  <tag k="natural" v="water"/>
  <tag k="water" v="lake"/>
 </way>
 <way id="1458378308" visible="true" version="1" changeset="175901049" timestamp="2025-12-13T22:21:36Z" user="pepsi_max2k" uid="14719801">
  <nd ref="13374993924"/>
  <nd ref="13374994118"/>
  <nd ref="13374994119"/>
  <nd ref="13374994120"/>
  <nd ref="13374994121"/>
  <nd ref="13374994122"/>
  <nd ref="13374994123"/>
  <nd ref="13374994124"/>
  <nd ref="13374994125"/>
  <nd ref="13374994126"/>
  <nd ref="13374994127"/>
  <nd ref="13374994128"/>
  <nd ref="13374994129"/>
  <nd ref="13374994130"/>
  <nd ref="13374994131"/>
  <nd ref="13374994132"/>
  <nd ref="13374994133"/>
  <nd ref="13374994134"/>
  <nd ref="13374994135"/>
  <nd ref="13374994136"/>
  <nd ref="13374994137"/>
  <nd ref="13374994138"/>
  <nd ref="13374994139"/>
  <nd ref="13374994140"/>
  <nd ref="13374994141"/>
  <nd ref="13374994142"/>
  <nd ref="13374994143"/>
  <nd ref="13374994144"/>
  <nd ref="13374994145"/>
  <nd ref="13374994146"/>
  <nd ref="13374994147"/>
  <nd ref="13374994148"/>
  <nd ref="13374994149"/>
  <nd ref="13374994150"/>
  <nd ref="13374994151"/>
  <nd ref="13374994152"/>
  <nd ref="13374994153"/>
  <nd ref="13374994154"/>
  <nd ref="13374994155"/>
  <nd ref="13374994156"/>
  <nd ref="13374994157"/>
  <nd ref="13374994158"/>
  <nd ref="13374994159"/>
  <nd ref="13374994160"/>
  <nd ref="13374994161"/>
  <nd ref="13374994162"/>
  <nd ref="13374994163"/>
  <nd ref="13374994164"/>
  <nd ref="13374994165"/>
  <nd ref="13374994166"/>
  <nd ref="13374994167"/>
  <nd ref="13374994168"/>
  <nd ref="13374994169"/>
  <nd ref="13374994170"/>
  <nd ref="13374994171"/>
  <nd ref="13374994172"/>
  <nd ref="13374994173"/>
  <nd ref="13374994174"/>
  <nd ref="13374994175"/>
  <nd ref="13374994176"/>
  <nd ref="13374994177"/>
  <nd ref="13374993924"/>
  <tag k="natural" v="water"/>
  <tag k="water" v="lake"/>
 </way>
 <way id="1458378309" visible="true" version="1" changeset="175901049" timestamp="2025-12-13T22:21:36Z" user="pepsi_max2k" uid="14719801">
  <nd ref="13374993925"/>
  <nd ref="13374994178"/>
  <nd ref="13374994179"/>
  <nd ref="13374994180"/>
  <nd ref="13374994181"/>
  <nd ref="13374994182"/>
  <nd ref="13374994183"/>
  <nd ref="13374994184"/>
  <nd ref="13374994185"/>
  <nd ref="13374994186"/>
  <nd ref="13374994187"/>
  <nd ref="13374994188"/>
  <nd ref="13374994189"/>
  <nd ref="13374994190"/>
  <nd ref="13374994191"/>
  <nd ref="13374994192"/>
  <nd ref="13374994193"/>
  <nd ref="13374994194"/>
  <nd ref="13374993926"/>
  <nd ref="13374994195"/>
  <nd ref="13374994196"/>
  <nd ref="13374994197"/>
  <nd ref="13374994198"/>
  <nd ref="13374994199"/>
  <nd ref="13374994200"/>
  <nd ref="13374994201"/>
  <nd ref="13374994202"/>
  <nd ref="13374994203"/>
  <nd ref="13374994204"/>
  <nd ref="13374994205"/>
  <nd ref="13374994206"/>
  <nd ref="13374994207"/>
  <nd ref="13374994208"/>
  <nd ref="13374994209"/>
  <nd ref="13374994210"/>
  <nd ref="13374994211"/>
  <nd ref="13374994212"/>
  <nd ref="13374994213"/>
  <nd ref="13374994214"/>
  <nd ref="13374994215"/>
  <nd ref="13374994216"/>
  <nd ref="13374993925"/>
  <tag k="natural" v="water"/>
  <tag k="water" v="lake"/>
 </way>
 <way id="1458378310" visible="true" version="1" changeset="175901049" timestamp="2025-12-13T22:21:36Z" user="pepsi_max2k" uid="14719801">
  <nd ref="13374994087"/>
  <nd ref="13374994217"/>
  <nd ref="13374994218"/>
  <nd ref="13374994219"/>
  <nd ref="13374994220"/>
  <nd ref="13374994221"/>
  <nd ref="13374994222"/>
  <nd ref="13374994223"/>
  <nd ref="13374994224"/>
  <nd ref="13374994225"/>
  <nd ref="13374994226"/>
  <nd ref="13374994227"/>
  <nd ref="13374994228"/>
  <nd ref="13374994229"/>
  <nd ref="13374994230"/>
  <nd ref="13374994231"/>
  <nd ref="13374994232"/>
  <nd ref="13374994233"/>
  <nd ref="13374994234"/>
  <nd ref="13374994235"/>
  <nd ref="13374994236"/>
  <nd ref="13374994237"/>
  <nd ref="13374994238"/>
  <nd ref="13374994239"/>
  <nd ref="13374994240"/>
  <nd ref="13374994241"/>
  <nd ref="13374994242"/>
  <nd ref="13374994243"/>
  <nd ref="13374994244"/>
  <nd ref="13374994245"/>
  <nd ref="13374994246"/>
  <nd ref="13374994247"/>
  <nd ref="13374994248"/>
  <nd ref="13374994249"/>
  <nd ref="13374994250"/>
  <nd ref="13374994251"/>
  <nd ref="13374994252"/>
  <nd ref="13374994253"/>
  <nd ref="13374994254"/>
  <nd ref="13374994255"/>
  <nd ref="13374994256"/>
  <nd ref="13374994257"/>
  <nd ref="13374994258"/>
  <nd ref="13374994259"/>
  <nd ref="13374994260"/>
  <nd ref="13374994261"/>
  <nd ref="13374994262"/>
  <nd ref="13374994263"/>
  <nd ref="13374994264"/>
  <nd ref="13374994265"/>
  <nd ref="13374994266"/>
  <nd ref="13374994267"/>
  <nd ref="13374994268"/>
  <nd ref="13374994087"/>
  <tag k="natural" v="water"/>
  <tag k="water" v="lake"/>
 </way>
 <way id="1458378311" visible="true" version="1" changeset="175901049" timestamp="2025-12-13T22:21:36Z" user="pepsi_max2k" uid="14719801">
  <nd ref="13374994301"/>
  <nd ref="13374994269"/>
  <nd ref="13374994270"/>
  <nd ref="13374994271"/>
  <nd ref="13374994272"/>
  <nd ref="13374994273"/>
  <nd ref="13374994274"/>
  <nd ref="13374994275"/>
  <nd ref="13374994276"/>
  <nd ref="13374994277"/>
  <nd ref="13374994278"/>
  <nd ref="13374994281"/>
  <nd ref="13374994279"/>
  <nd ref="13374994280"/>
  <nd ref="13374994292"/>
  <nd ref="13374994276"/>
  <tag k="highway" v="construction"/>
 </way>
 <way id="1458378312" visible="true" version="1" changeset="175901049" timestamp="2025-12-13T22:21:36Z" user="pepsi_max2k" uid="14719801">
  <nd ref="13374994281"/>
  <nd ref="13374994303"/>
  <nd ref="13374994282"/>
  <nd ref="13374994289"/>
  <nd ref="13374994283"/>
  <nd ref="13374994290"/>
  <nd ref="13374994284"/>
  <nd ref="13374994285"/>
  <nd ref="13374994291"/>
  <nd ref="13374994286"/>
  <nd ref="13374994287"/>
  <nd ref="13374994288"/>
  <nd ref="13374994282"/>
  <tag k="highway" v="construction"/>
 </way>
 <way id="1458378313" visible="true" version="1" changeset="175901049" timestamp="2025-12-13T22:21:36Z" user="pepsi_max2k" uid="14719801">
  <nd ref="13374994292"/>
  <nd ref="13374994293"/>
  <nd ref="13374994294"/>
  <nd ref="13374994295"/>
  <nd ref="13374994302"/>
  <nd ref="13374994296"/>
  <nd ref="13374994297"/>
  <nd ref="13374994298"/>
  <nd ref="13374994299"/>
  <nd ref="13374994300"/>
  <tag k="highway" v="construction"/>
 </way>
 <way id="1458571253" visible="true" version="1" changeset="175935819" timestamp="2025-12-14T21:31:49Z" user="pepsi_max2k" uid="14719801">
  <nd ref="13376720503"/>
  <nd ref="13376720504"/>
  <nd ref="13376720505"/>
  <nd ref="13376720506"/>
  <nd ref="13376720507"/>
  <nd ref="13376720508"/>
  <nd ref="13376720509"/>
  <nd ref="13376720510"/>
  <nd ref="13376720511"/>
  <nd ref="13376720512"/>
  <nd ref="13376720513"/>
  <nd ref="13376720514"/>
  <nd ref="13376720515"/>
  <nd ref="13376720516"/>
  <nd ref="13376720517"/>
  <nd ref="13376720518"/>
  <nd ref="13376720519"/>
  <nd ref="13376720520"/>
  <nd ref="13376720521"/>
  <nd ref="13376720522"/>
  <nd ref="13376720523"/>
  <nd ref="13376720524"/>
  <nd ref="13376720525"/>
  <nd ref="13376720526"/>
  <nd ref="13376720527"/>
  <nd ref="13376720528"/>
  <nd ref="13376720529"/>
  <nd ref="13376720530"/>
  <nd ref="13376720531"/>
  <nd ref="13376720532"/>
  <nd ref="13376720533"/>
  <nd ref="13376720534"/>
  <nd ref="13376720535"/>
  <nd ref="13376720536"/>
  <nd ref="13376720537"/>
  <nd ref="13376720538"/>
  <nd ref="13376720539"/>
  <nd ref="13376720540"/>
  <nd ref="13376720541"/>
  <nd ref="13376720542"/>
  <nd ref="13376720543"/>
  <nd ref="13376720544"/>
  <nd ref="13376720545"/>
  <nd ref="13376720546"/>
  <nd ref="13376720547"/>
  <nd ref="13376720548"/>
  <nd ref="13376720549"/>
  <nd ref="13376720550"/>
  <nd ref="13376720551"/>
  <nd ref="13376720552"/>
  <nd ref="13376720553"/>
  <nd ref="13376720554"/>
  <nd ref="13376720555"/>
  <nd ref="13376720556"/>
  <nd ref="13376720557"/>
  <nd ref="13376720558"/>
  <nd ref="13376720559"/>
  <nd ref="13376720560"/>
  <nd ref="13376720561"/>
  <nd ref="13376720562"/>
  <nd ref="13376720563"/>
  <nd ref="13376720564"/>
  <nd ref="13376720565"/>
  <nd ref="13376720566"/>
  <nd ref="13376720567"/>
  <nd ref="13376720568"/>
  <nd ref="13376720569"/>
  <nd ref="13376720570"/>
  <nd ref="13376720571"/>
  <nd ref="13376720503"/>
  <tag k="natural" v="water"/>
  <tag k="water" v="lake"/>
 </way>
 <way id="1458571254" visible="true" version="1" changeset="175935819" timestamp="2025-12-14T21:31:49Z" user="pepsi_max2k" uid="14719801">
  <nd ref="13376720572"/>
  <nd ref="13376720596"/>
  <nd ref="13376720573"/>
  <nd ref="13376720597"/>
  <nd ref="13376720598"/>
  <nd ref="13376720574"/>
  <nd ref="13376720575"/>
  <nd ref="13376720576"/>
  <nd ref="13376720577"/>
  <nd ref="13376720578"/>
  <nd ref="13376720579"/>
  <nd ref="13376720580"/>
  <nd ref="13376720581"/>
  <nd ref="13376720582"/>
  <nd ref="13376720583"/>
  <nd ref="13376720584"/>
  <nd ref="13376720585"/>
  <nd ref="13376720586"/>
  <nd ref="13376720587"/>
  <nd ref="13376720588"/>
  <nd ref="13376720589"/>
  <nd ref="13376720590"/>
  <nd ref="13376720591"/>
  <nd ref="13376720592"/>
  <nd ref="13376720593"/>
  <nd ref="13376720594"/>
  <nd ref="13376720595"/>
  <nd ref="13376720572"/>
  <tag k="natural" v="water"/>
  <tag k="water" v="lake"/>
 </way>
 <way id="1458571255" visible="true" version="1" changeset="175935819" timestamp="2025-12-14T21:31:49Z" user="pepsi_max2k" uid="14719801">
  <nd ref="13376720599"/>
  <nd ref="13376720600"/>
  <nd ref="13376720701"/>
  <nd ref="13376720702"/>
  <nd ref="13376720703"/>
  <nd ref="13376720704"/>
  <nd ref="13376720705"/>
  <nd ref="13376720706"/>
  <nd ref="13376720707"/>
  <nd ref="13376720708"/>
  <nd ref="13376720709"/>
  <nd ref="13376720710"/>
  <nd ref="13376720711"/>
  <nd ref="13376720712"/>
  <nd ref="13376720713"/>
  <nd ref="13376720714"/>
  <nd ref="13376720715"/>
  <nd ref="13376720716"/>
  <nd ref="13376720717"/>
  <nd ref="13376720718"/>
  <nd ref="13376720719"/>
  <nd ref="13376720720"/>
  <nd ref="13376720721"/>
  <nd ref="13376720722"/>
  <nd ref="13376720723"/>
  <nd ref="13376720724"/>
  <nd ref="13376720725"/>
  <nd ref="13376720726"/>
  <nd ref="13376720727"/>
  <nd ref="13376720728"/>
  <nd ref="13376720729"/>
  <nd ref="13376720730"/>
  <nd ref="13376720731"/>
  <nd ref="13376720732"/>
  <nd ref="13376720733"/>
  <nd ref="13376720734"/>
  <nd ref="13376720735"/>
  <nd ref="13376720736"/>
  <nd ref="13376720737"/>
  <nd ref="13376720738"/>
  <nd ref="13376720739"/>
  <nd ref="13376720740"/>
  <nd ref="13376720741"/>
  <nd ref="13376720742"/>
  <nd ref="13376720743"/>
  <nd ref="13376720744"/>
  <nd ref="13376720745"/>
  <nd ref="13376720746"/>
  <nd ref="13376720747"/>
  <nd ref="13376720748"/>
  <nd ref="13376720749"/>
  <nd ref="13376720750"/>
  <nd ref="13376720751"/>
  <nd ref="13376720752"/>
  <nd ref="13376720753"/>
  <nd ref="13376720754"/>
  <nd ref="13376720755"/>
  <nd ref="13376720756"/>
  <nd ref="13376720757"/>
  <nd ref="13376720758"/>
  <nd ref="13376720759"/>
  <nd ref="13376720760"/>
  <nd ref="13376720761"/>
  <nd ref="13376720762"/>
  <nd ref="13376720763"/>
  <nd ref="13376720764"/>
  <nd ref="13376720765"/>
  <nd ref="13376720766"/>
  <nd ref="13376720767"/>
  <nd ref="13376720768"/>
  <nd ref="13376720769"/>
  <nd ref="13376720770"/>
  <nd ref="13376720771"/>
  <nd ref="13376720599"/>
  <tag k="natural" v="water"/>
  <tag k="water" v="lake"/>
 </way>
 <way id="1464402867" visible="true" version="1" changeset="176870589" timestamp="2026-01-05T16:58:48Z" user="pepsi_max2k" uid="14719801">
  <nd ref="13432891614"/>
  <nd ref="13432891615"/>
  <nd ref="13432891616"/>
  <nd ref="13432891617"/>
  <nd ref="13432891618"/>
  <nd ref="13432891619"/>
  <nd ref="11758701582"/>
  <nd ref="11758701581"/>
  <nd ref="13432891620"/>
  <nd ref="5684313867"/>
  <nd ref="13432891621"/>
  <nd ref="5504800128"/>
  <nd ref="5504800131"/>
  <nd ref="13432891614"/>
  <tag k="landuse" v="cemetery"/>
 </way>
 <way id="1464402869" visible="true" version="1" changeset="176870589" timestamp="2026-01-05T16:58:48Z" user="pepsi_max2k" uid="14719801">
  <nd ref="3437771951"/>
  <nd ref="13432891623"/>
  <nd ref="4929699097"/>
  <nd ref="6597406018"/>
  <nd ref="6597406017"/>
  <nd ref="13432891624"/>
  <nd ref="5504800128"/>
  <nd ref="13432891621"/>
  <nd ref="5684313867"/>
  <nd ref="3437771951"/>
  <tag k="landuse" v="plant_nursery"/>
  <tag k="plant" v="trees"/>
 </way>
 <way id="1464402870" visible="true" version="2" changeset="179884412" timestamp="2026-03-15T06:17:39Z" user="Hung Tran 9x0" uid="20910140">
  <nd ref="4162342950"/>
  <nd ref="5504800162"/>
  <nd ref="13648986036"/>
  <nd ref="4929699084"/>
  <nd ref="4162342926"/>
  <nd ref="5504800151"/>
  <nd ref="4929699097"/>
  <nd ref="6597406018"/>
  <nd ref="13432891625"/>
  <nd ref="5481721441"/>
  <nd ref="13432891626"/>
  <nd ref="13432891627"/>
  <nd ref="13432891628"/>
  <nd ref="13432891629"/>
  <nd ref="5481720898"/>
  <nd ref="8298864069"/>
  <nd ref="5504800164"/>
  <nd ref="4162342950"/>
  <tag k="landuse" v="plant_nursery"/>
  <tag k="plant" v="trees"/>
 </way>
 <way id="1467240678" visible="true" version="1" changeset="177252300" timestamp="2026-01-15T10:13:37Z" user="GrabVN_HHanh" uid="21825758">
  <nd ref="6597280278"/>
  <nd ref="6597280277"/>
  <nd ref="13457645699"/>
  <tag k="highway" v="service"/>
  <tag k="surface" v="asphalt"/>
 </way>
 <way id="1474649685" visible="true" version="1" changeset="178173283" timestamp="2026-02-06T08:02:59Z" user="GrabVN_Lien" uid="13899214">
  <nd ref="13528374393"/>
  <nd ref="13528374390"/>
  <nd ref="13528374391"/>
  <nd ref="13528374394"/>
  <nd ref="13528374392"/>
  <tag k="highway" v="service"/>
  <tag k="oneway" v="yes"/>
 </way>
 <way id="1485271835" visible="true" version="2" changeset="182548532" timestamp="2026-05-12T10:47:15Z" user="GrabVN_HHanh" uid="21825758">
  <nd ref="8018685737"/>
  <nd ref="13617014221"/>
  <tag k="highway" v="residential"/>
 </way>
 <way id="1489038515" visible="true" version="1" changeset="179884412" timestamp="2026-03-15T06:17:39Z" user="Hung Tran 9x0" uid="20910140">
  <nd ref="13648986033"/>
  <nd ref="13648986034"/>
  <nd ref="13648986035"/>
  <nd ref="13648986036"/>
  <tag k="highway" v="residential"/>
  <tag k="surface" v="asphalt"/>
 </way>
 <way id="1512517548" visible="true" version="1" changeset="182548532" timestamp="2026-05-12T10:47:15Z" user="GrabVN_HHanh" uid="21825758">
  <nd ref="13820901423"/>
  <nd ref="13820901424"/>
  <nd ref="13820901425"/>
  <nd ref="8324629975"/>
  <nd ref="13820901441"/>
  <nd ref="13820901452"/>
  <nd ref="13820901426"/>
  <tag k="highway" v="residential"/>
 </way>
 <way id="1512517549" visible="true" version="1" changeset="182548532" timestamp="2026-05-12T10:47:15Z" user="GrabVN_HHanh" uid="21825758">
  <nd ref="13820901428"/>
  <nd ref="13820901440"/>
  <nd ref="13820901434"/>
  <tag k="highway" v="service"/>
  <tag k="oneway" v="yes"/>
 </way>
 <way id="1512517550" visible="true" version="1" changeset="182548532" timestamp="2026-05-12T10:47:15Z" user="GrabVN_HHanh" uid="21825758">
  <nd ref="13820901438"/>
  <nd ref="13820901439"/>
  <nd ref="13820901437"/>
  <tag k="highway" v="service"/>
  <tag k="oneway" v="yes"/>
 </way>
 <way id="1512517551" visible="true" version="1" changeset="182548532" timestamp="2026-05-12T10:47:15Z" user="GrabVN_HHanh" uid="21825758">
  <nd ref="13820901439"/>
  <nd ref="13820901440"/>
  <tag k="highway" v="service"/>
 </way>
 <way id="1512517552" visible="true" version="1" changeset="182548532" timestamp="2026-05-12T10:47:15Z" user="GrabVN_HHanh" uid="21825758">
  <nd ref="13820901427"/>
  <nd ref="13820901429"/>
  <nd ref="13820901437"/>
  <nd ref="13820901428"/>
  <nd ref="13820901435"/>
  <tag k="highway" v="service"/>
 </way>
 <way id="1512517553" visible="true" version="1" changeset="182548532" timestamp="2026-05-12T10:47:15Z" user="GrabVN_HHanh" uid="21825758">
  <nd ref="13820901429"/>
  <nd ref="13820901430"/>
  <nd ref="13820901431"/>
  <nd ref="13820901432"/>
  <nd ref="13820901433"/>
  <nd ref="13820901438"/>
  <nd ref="13820901434"/>
  <nd ref="13820901436"/>
  <tag k="highway" v="service"/>
 </way>
 <way id="1512517554" visible="true" version="1" changeset="182548532" timestamp="2026-05-12T10:47:15Z" user="GrabVN_HHanh" uid="21825758">
  <nd ref="13820901441"/>
  <nd ref="13820901442"/>
  <nd ref="13820901443"/>
  <nd ref="13820901444"/>
  <tag k="highway" v="residential"/>
 </way>
 <way id="1512517555" visible="true" version="1" changeset="182548532" timestamp="2026-05-12T10:47:15Z" user="GrabVN_HHanh" uid="21825758">
  <nd ref="13617014221"/>
  <nd ref="13820901450"/>
  <nd ref="13820901445"/>
  <nd ref="13820901446"/>
  <nd ref="13820901447"/>
  <nd ref="13820901448"/>
  <nd ref="13820901449"/>
  <nd ref="13820901451"/>
  <nd ref="13820901442"/>
  <tag k="highway" v="service"/>
 </way>
 <way id="1512517556" visible="true" version="1" changeset="182548532" timestamp="2026-05-12T10:47:15Z" user="GrabVN_HHanh" uid="21825758">
  <nd ref="13820901453"/>
  <nd ref="13820901454"/>
  <tag k="highway" v="residential"/>
 </way>
 <relation id="1903516" visible="true" version="183" changeset="178799875" timestamp="2026-02-20T03:46:59Z" user="vietnam321" uid="11196308">
  <member type="node" ref="74132064" role="admin_centre"/>
  <member type="way" ref="1413275005" role="outer"/>
  <member type="way" ref="483513679" role="outer"/>
  <member type="way" ref="1354404795" role="outer"/>
  <member type="way" ref="1051758142" role="outer"/>
  <member type="way" ref="1426035521" role="outer"/>
  <member type="way" ref="1426035520" role="outer"/>
  <member type="way" ref="1051758141" role="outer"/>
  <member type="way" ref="483151239" role="outer"/>
  <member type="way" ref="1051758140" role="outer"/>
  <member type="way" ref="483509946" role="outer"/>
  <member type="way" ref="1313130352" role="outer"/>
  <member type="way" ref="1313130353" role="outer"/>
  <member type="way" ref="483151673" role="outer"/>
  <member type="way" ref="1362274975" role="outer"/>
  <member type="way" ref="1184606221" role="outer"/>
  <member type="way" ref="483151676" role="outer"/>
  <member type="way" ref="1426035519" role="outer"/>
  <member type="way" ref="1184606211" role="outer"/>
  <member type="way" ref="1184606214" role="outer"/>
  <member type="way" ref="1184607697" role="outer"/>
  <member type="way" ref="1184607690" role="outer"/>
  <member type="way" ref="1184607687" role="outer"/>
  <member type="way" ref="1184607685" role="outer"/>
  <member type="way" ref="140210315" role="outer"/>
  <member type="way" ref="1426035518" role="outer"/>
  <member type="way" ref="1426035517" role="outer"/>
  <member type="way" ref="1184607673" role="outer"/>
  <member type="way" ref="483396974" role="outer"/>
  <member type="way" ref="1184607676" role="outer"/>
  <member type="way" ref="1184606196" role="outer"/>
  <member type="way" ref="483388676" role="outer"/>
  <member type="way" ref="1184606225" role="outer"/>
  <member type="way" ref="1184606218" role="outer"/>
  <member type="way" ref="483387436" role="outer"/>
  <member type="way" ref="1184606231" role="outer"/>
  <member type="way" ref="1426035516" role="outer"/>
  <member type="way" ref="1426035515" role="outer"/>
  <member type="way" ref="1184606235" role="outer"/>
  <member type="way" ref="1426035514" role="outer"/>
  <member type="way" ref="1426035513" role="outer"/>
  <member type="way" ref="1184606249" role="outer"/>
  <member type="way" ref="1424383750" role="outer"/>
  <member type="way" ref="483170705" role="outer"/>
  <member type="way" ref="1184606254" role="outer"/>
  <member type="way" ref="483170689" role="outer"/>
  <member type="way" ref="1184606255" role="outer"/>
  <member type="way" ref="483648706" role="outer"/>
  <member type="way" ref="848070516" role="outer"/>
  <member type="way" ref="848070517" role="outer"/>
  <member type="way" ref="1426035512" role="outer"/>
  <member type="way" ref="483171836" role="outer"/>
  <member type="way" ref="1424383748" role="outer"/>
  <member type="way" ref="1424383749" role="outer"/>
  <member type="way" ref="483184832" role="outer"/>
  <member type="way" ref="1339202536" role="outer"/>
  <member type="way" ref="1352866552" role="outer"/>
  <member type="way" ref="1426035510" role="outer"/>
  <member type="way" ref="1426035511" role="outer"/>
  <member type="way" ref="483192219" role="outer"/>
  <member type="way" ref="1352870163" role="outer"/>
  <member type="way" ref="1353288737" role="outer"/>
  <member type="way" ref="1353291327" role="outer"/>
  <member type="way" ref="1352870162" role="outer"/>
  <member type="way" ref="764373558" role="outer"/>
  <member type="way" ref="762882413" role="outer"/>
  <member type="way" ref="1426035508" role="outer"/>
  <member type="way" ref="1426035509" role="outer"/>
  <member type="way" ref="903384225" role="outer"/>
  <member type="way" ref="1424383804" role="outer"/>
  <member type="way" ref="1424383805" role="outer"/>
  <member type="way" ref="483632310" role="outer"/>
  <member type="way" ref="140210317" role="outer"/>
  <member type="way" ref="1424383798" role="outer"/>
  <member type="way" ref="1424383799" role="outer"/>
  <member type="way" ref="1425805903" role="outer"/>
  <member type="way" ref="1425805902" role="outer"/>
  <member type="way" ref="140210320" role="outer"/>
  <member type="way" ref="483196192" role="outer"/>
  <member type="way" ref="1418877648" role="outer"/>
  <member type="way" ref="1425805901" role="outer"/>
  <member type="way" ref="1425805900" role="outer"/>
  <member type="way" ref="483720005" role="outer"/>
  <member type="way" ref="1358115413" role="outer"/>
  <member type="way" ref="1425805899" role="outer"/>
  <member type="way" ref="1425805898" role="outer"/>
  <member type="way" ref="1358115402" role="outer"/>
  <member type="way" ref="1358115404" role="outer"/>
  <member type="way" ref="1359332218" role="outer"/>
  <member type="way" ref="1425805897" role="outer"/>
  <member type="way" ref="1425805896" role="outer"/>
  <member type="way" ref="483220090" role="outer"/>
  <member type="way" ref="1358115398" role="outer"/>
  <member type="way" ref="1425977545" role="outer"/>
  <member type="way" ref="1358115400" role="outer"/>
  <member type="way" ref="140210321" role="outer"/>
  <member type="way" ref="1358115393" role="outer"/>
  <member type="way" ref="1425977544" role="outer"/>
  <member type="way" ref="1425977543" role="outer"/>
  <member type="way" ref="1358115387" role="outer"/>
  <member type="way" ref="1425977542" role="outer"/>
  <member type="way" ref="1425977541" role="outer"/>
  <member type="way" ref="484461490" role="outer"/>
  <member type="way" ref="1357798440" role="outer"/>
  <member type="way" ref="1359056474" role="outer"/>
  <member type="way" ref="1418877640" role="outer"/>
  <member type="way" ref="1360322821" role="outer"/>
  <member type="way" ref="1360322823" role="outer"/>
  <member type="way" ref="1425977540" role="outer"/>
  <member type="way" ref="1425977539" role="outer"/>
  <member type="way" ref="483226558" role="outer"/>
  <member type="way" ref="1425977538" role="outer"/>
  <member type="way" ref="1425977537" role="outer"/>
  <member type="way" ref="1360322820" role="outer"/>
  <member type="way" ref="1360322830" role="outer"/>
  <member type="way" ref="484464066" role="outer"/>
  <member type="way" ref="483226562" role="outer"/>
  <member type="way" ref="1425977536" role="outer"/>
  <member type="way" ref="1425977535" role="outer"/>
  <member type="way" ref="1425977534" role="outer"/>
  <member type="way" ref="1425977533" role="outer"/>
  <member type="way" ref="1032879034" role="outer"/>
  <member type="way" ref="1032879037" role="outer"/>
  <member type="way" ref="1032879040" role="outer"/>
  <member type="way" ref="1033173760" role="outer"/>
  <member type="way" ref="483232111" role="outer"/>
  <member type="way" ref="1033173759" role="outer"/>
  <member type="way" ref="1033173768" role="outer"/>
  <member type="way" ref="484463626" role="outer"/>
  <member type="way" ref="1425977532" role="outer"/>
  <member type="way" ref="1425977531" role="outer"/>
  <member type="way" ref="1033173766" role="outer"/>
  <member type="way" ref="1033198073" role="outer"/>
  <member type="way" ref="1296971657" role="outer"/>
  <member type="way" ref="140210322" role="outer"/>
  <member type="way" ref="484551783" role="outer"/>
  <member type="way" ref="1033198076" role="outer"/>
  <member type="way" ref="1067561904" role="outer"/>
  <member type="way" ref="484563275" role="outer"/>
  <member type="way" ref="1336799424" role="outer"/>
  <member type="way" ref="660919764" role="outer"/>
  <member type="way" ref="1285926710" role="outer"/>
  <member type="way" ref="483150861" role="outer"/>
  <member type="way" ref="1285926708" role="outer"/>
  <member type="way" ref="484561938" role="outer"/>
  <member type="way" ref="1414071046" role="outer"/>
  <member type="way" ref="1349140136" role="outer"/>
  <member type="way" ref="1270602571" role="outer"/>
  <member type="way" ref="1270602570" role="outer"/>
  <member type="way" ref="1270602575" role="outer"/>
  <member type="way" ref="1270602583" role="outer"/>
  <member type="way" ref="483149600" role="outer"/>
  <member type="way" ref="1267893300" role="outer"/>
  <member type="way" ref="1267893303" role="outer"/>
  <member type="way" ref="1381050279" role="outer"/>
  <member type="way" ref="140210318" role="outer"/>
  <member type="way" ref="1263418464" role="outer"/>
  <member type="way" ref="1136905481" role="outer"/>
  <member type="way" ref="1263418468" role="outer"/>
  <member type="way" ref="1263418461" role="outer"/>
  <member type="way" ref="1424740376" role="outer"/>
  <member type="way" ref="140210319" role="outer"/>
  <member type="way" ref="1354597644" role="outer"/>
  <member type="way" ref="140498999" role="outer"/>
  <member type="way" ref="1426035523" role="outer"/>
  <member type="way" ref="1426035522" role="outer"/>
  <member type="way" ref="1265474293" role="outer"/>
  <member type="way" ref="540401458" role="outer"/>
  <member type="way" ref="1354361339" role="outer"/>
  <member type="way" ref="483149602" role="outer"/>
  <member type="way" ref="1354404789" role="outer"/>
  <member type="way" ref="483525471" role="outer"/>
  <member type="way" ref="1354404783" role="outer"/>
  <member type="way" ref="1354404790" role="outer"/>
  <member type="way" ref="1413275006" role="outer"/>
  <member type="relation" ref="19301118" role="subarea"/>
  <member type="relation" ref="19301119" role="subarea"/>
  <member type="relation" ref="19301117" role="subarea"/>
  <member type="relation" ref="19301116" role="subarea"/>
  <member type="relation" ref="19317429" role="subarea"/>
  <member type="relation" ref="19317430" role="subarea"/>
  <member type="relation" ref="19317431" role="subarea"/>
  <member type="relation" ref="19322845" role="subarea"/>
  <member type="relation" ref="19322846" role="subarea"/>
  <member type="relation" ref="19322847" role="subarea"/>
  <member type="relation" ref="19322849" role="subarea"/>
  <member type="relation" ref="19322848" role="subarea"/>
  <member type="relation" ref="19331652" role="subarea"/>
  <member type="relation" ref="19331651" role="subarea"/>
  <member type="relation" ref="19331653" role="subarea"/>
  <member type="relation" ref="19331654" role="subarea"/>
  <member type="relation" ref="19331657" role="subarea"/>
  <member type="relation" ref="19331655" role="subarea"/>
  <member type="relation" ref="19331656" role="subarea"/>
  <member type="relation" ref="19331658" role="subarea"/>
  <member type="relation" ref="19331659" role="subarea"/>
  <member type="relation" ref="19332318" role="subarea"/>
  <member type="relation" ref="19332319" role="subarea"/>
  <member type="relation" ref="19332320" role="subarea"/>
  <member type="relation" ref="19332321" role="subarea"/>
  <member type="relation" ref="19334582" role="subarea"/>
  <member type="relation" ref="19334583" role="subarea"/>
  <member type="relation" ref="19334584" role="subarea"/>
  <member type="relation" ref="19334585" role="subarea"/>
  <member type="relation" ref="19334586" role="subarea"/>
  <member type="relation" ref="19334587" role="subarea"/>
  <member type="relation" ref="19334588" role="subarea"/>
  <member type="relation" ref="19334589" role="subarea"/>
  <member type="relation" ref="19341254" role="subarea"/>
  <member type="relation" ref="19341253" role="subarea"/>
  <member type="relation" ref="19338086" role="subarea"/>
  <member type="relation" ref="19338089" role="subarea"/>
  <member type="relation" ref="19338088" role="subarea"/>
  <member type="relation" ref="19338087" role="subarea"/>
  <member type="relation" ref="19338090" role="subarea"/>
  <member type="relation" ref="19335113" role="subarea"/>
  <member type="relation" ref="19335115" role="subarea"/>
  <member type="relation" ref="19335112" role="subarea"/>
  <member type="relation" ref="19335114" role="subarea"/>
  <member type="relation" ref="19317432" role="subarea"/>
  <member type="relation" ref="19411380" role="subarea"/>
  <member type="relation" ref="19411381" role="subarea"/>
  <member type="relation" ref="19411382" role="subarea"/>
  <member type="relation" ref="19411384" role="subarea"/>
  <member type="relation" ref="19411383" role="subarea"/>
  <member type="relation" ref="19411386" role="subarea"/>
  <member type="relation" ref="19411385" role="subarea"/>
  <member type="relation" ref="19411387" role="subarea"/>
  <member type="relation" ref="19411388" role="subarea"/>
  <member type="relation" ref="19341251" role="subarea"/>
  <member type="relation" ref="19338319" role="subarea"/>
  <member type="relation" ref="19338313" role="subarea"/>
  <member type="relation" ref="19335053" role="subarea"/>
  <member type="relation" ref="19335052" role="subarea"/>
  <member type="relation" ref="19338315" role="subarea"/>
  <member type="relation" ref="19341926" role="subarea"/>
  <member type="relation" ref="19341924" role="subarea"/>
  <member type="relation" ref="19338314" role="subarea"/>
  <member type="relation" ref="19335051" role="subarea"/>
  <member type="relation" ref="19341252" role="subarea"/>
  <member type="relation" ref="19341250" role="subarea"/>
  <member type="relation" ref="19338316" role="subarea"/>
  <member type="relation" ref="19338317" role="subarea"/>
  <member type="relation" ref="19338318" role="subarea"/>
  <member type="relation" ref="19335054" role="subarea"/>
  <member type="relation" ref="19335056" role="subarea"/>
  <member type="relation" ref="19335055" role="subarea"/>
  <member type="relation" ref="19338320" role="subarea"/>
  <member type="relation" ref="19341928" role="subarea"/>
  <member type="relation" ref="19341927" role="subarea"/>
  <member type="relation" ref="19435863" role="subarea"/>
  <member type="relation" ref="19435864" role="subarea"/>
  <member type="relation" ref="19437088" role="subarea"/>
  <member type="relation" ref="19437089" role="subarea"/>
  <member type="relation" ref="19437090" role="subarea"/>
  <member type="relation" ref="19437091" role="subarea"/>
  <member type="relation" ref="19437092" role="subarea"/>
  <member type="relation" ref="19437093" role="subarea"/>
  <member type="relation" ref="19437094" role="subarea"/>
  <member type="relation" ref="19437095" role="subarea"/>
  <member type="relation" ref="19437096" role="subarea"/>
  <member type="relation" ref="19446382" role="subarea"/>
  <member type="relation" ref="19446383" role="subarea"/>
  <member type="relation" ref="19446384" role="subarea"/>
  <member type="relation" ref="19446385" role="subarea"/>
  <member type="relation" ref="19446386" role="subarea"/>
  <member type="relation" ref="19514801" role="subarea"/>
  <member type="relation" ref="19514800" role="subarea"/>
  <member type="relation" ref="19514799" role="subarea"/>
  <member type="relation" ref="19514798" role="subarea"/>
  <member type="relation" ref="19514797" role="subarea"/>
  <member type="relation" ref="19514796" role="subarea"/>
  <member type="relation" ref="19514795" role="subarea"/>
  <member type="relation" ref="19514794" role="subarea"/>
  <member type="relation" ref="19514793" role="subarea"/>
  <member type="relation" ref="19514792" role="subarea"/>
  <member type="relation" ref="19514791" role="subarea"/>
  <member type="relation" ref="19514790" role="subarea"/>
  <member type="relation" ref="19514789" role="subarea"/>
  <member type="relation" ref="19514788" role="subarea"/>
  <member type="relation" ref="19514787" role="subarea"/>
  <member type="relation" ref="19514786" role="subarea"/>
  <member type="relation" ref="19514785" role="subarea"/>
  <member type="relation" ref="19514784" role="subarea"/>
  <member type="relation" ref="19514783" role="subarea"/>
  <member type="relation" ref="19514782" role="subarea"/>
  <member type="relation" ref="19514781" role="subarea"/>
  <member type="relation" ref="19514780" role="subarea"/>
  <member type="relation" ref="19514779" role="subarea"/>
  <member type="relation" ref="19514778" role="subarea"/>
  <member type="relation" ref="19514777" role="subarea"/>
  <member type="relation" ref="19514776" role="subarea"/>
  <member type="relation" ref="19514775" role="subarea"/>
  <member type="relation" ref="19514774" role="subarea"/>
  <member type="relation" ref="19514773" role="subarea"/>
  <member type="relation" ref="19514772" role="subarea"/>
  <member type="relation" ref="19514771" role="subarea"/>
  <member type="relation" ref="19514770" role="subarea"/>
  <member type="relation" ref="19514769" role="subarea"/>
  <member type="relation" ref="19514768" role="subarea"/>
  <member type="relation" ref="19514767" role="subarea"/>
  <tag k="admin_level" v="4"/>
  <tag k="boundary" v="administrative"/>
  <tag k="is_in:country" v="Vietnam"/>
  <tag k="is_in:country_code" v="VN"/>
  <tag k="ISO3166-2" v="VN-HN"/>
  <tag k="name" v="Thành phố Hà Nội"/>
  <tag k="name:am" v="ሀኖይ"/>
  <tag k="name:ar" v="هانوي"/>
  <tag k="name:arz" v="هانوى"/>
  <tag k="name:ast" v="Ḥanói"/>
  <tag k="name:az" v="Hanoy"/>
  <tag k="name:be" v="Ханой"/>
  <tag k="name:be-tarask" v="Ханой"/>
  <tag k="name:bg" v="Ханой"/>
  <tag k="name:bn" v="হ্যানয়"/>
  <tag k="name:bo" v="ཧེ་ནོ།"/>
  <tag k="name:br" v="Ha Noi"/>
  <tag k="name:ca" v="Hanoi"/>
  <tag k="name:ckb" v="ھانۆی"/>
  <tag k="name:cs" v="Hanoj"/>
  <tag k="name:cv" v="Ханой"/>
  <tag k="name:da" v="Hanoi"/>
  <tag k="name:de" v="Hanoi"/>
  <tag k="name:el" v="Ανόι"/>
  <tag k="name:en" v="Hà Nội"/>
  <tag k="name:eo" v="Hanojo"/>
  <tag k="name:es" v="Hanói"/>
  <tag k="name:et" v="Hanoi"/>
  <tag k="name:eu" v="Hanoi"/>
  <tag k="name:fa" v="هانوی"/>
  <tag k="name:fi" v="Hanoi"/>
  <tag k="name:fr" v="Hanoï"/>
  <tag k="name:ga" v="Ha Noi"/>
  <tag k="name:gl" v="Hanoi"/>
  <tag k="name:he" v="האנוי"/>
  <tag k="name:hi" v="हनोई"/>
  <tag k="name:hr" v="Hanoi"/>
  <tag k="name:ht" v="Anòy"/>
  <tag k="name:hu" v="Hanoi"/>
  <tag k="name:hy" v="Հանոյ"/>
  <tag k="name:is" v="Hanoí"/>
  <tag k="name:it" v="Hanoi"/>
  <tag k="name:ja" v="ハノイ"/>
  <tag k="name:ka" v="ჰანოი"/>
  <tag k="name:kk" v="Ханой"/>
  <tag k="name:km" v="ទីក្រុងហានូយ"/>
  <tag k="name:kn" v="ಹಾನೊಯ್"/>
  <tag k="name:ko" v="하노이"/>
  <tag k="name:ku" v="Hanoi"/>
  <tag k="name:lt" v="Hanojus"/>
  <tag k="name:lv" v="Hanoja"/>
  <tag k="name:mhr" v="Ханой"/>
  <tag k="name:mk" v="Ханој"/>
  <tag k="name:mn" v="Ханой"/>
  <tag k="name:mr" v="हनोई"/>
  <tag k="name:my" v="ဟနွိုင်းမြို့"/>
  <tag k="name:mzn" v="هانوی"/>
  <tag k="name:nan" v="Hà Nội"/>
  <tag k="name:nds" v="Hà Nội"/>
  <tag k="name:nl" v="Hanoi"/>
  <tag k="name:oc" v="Hanòi"/>
  <tag k="name:os" v="Ханой"/>
  <tag k="name:pcd" v="Hanoï"/>
  <tag k="name:pl" v="Hanoi"/>
  <tag k="name:pnb" v="ہنوئی"/>
  <tag k="name:pt" v="Hanói"/>
  <tag k="name:qu" v="Ha Nui"/>
  <tag k="name:ru" v="Ханой"/>
  <tag k="name:sah" v="Ханой"/>
  <tag k="name:si" v="හැනෝයි"/>
  <tag k="name:sk" v="Hanoj"/>
  <tag k="name:sl" v="Hanoj"/>
  <tag k="name:sr" v="Ханој"/>
  <tag k="name:sv" v="Hanoi"/>
  <tag k="name:ta" v="ஹனோய்"/>
  <tag k="name:tg" v="Ханой"/>
  <tag k="name:th" v="ฮานอย"/>
  <tag k="name:ug" v="خانوي"/>
  <tag k="name:uk" v="Ханой"/>
  <tag k="name:ur" v="ہنوئی"/>
  <tag k="name:vi" v="Hà Nội"/>
  <tag k="name:vi-Hani" v="河內"/>
  <tag k="name:wuu" v="河內市"/>
  <tag k="name:yue" v="河內市"/>
  <tag k="name:zh" v="河内市"/>
  <tag k="name:zh-Hans" v="河内市"/>
  <tag k="name:zh-Hant" v="河內市"/>
  <tag k="official_name" v="Thành phố Hà Nội"/>
  <tag k="old_name" v="Thăng Long"/>
  <tag k="population" v="8718000"/>
  <tag k="type" v="boundary"/>
  <tag k="UArea" v="3359.80"/>
  <tag k="website" v="https://hanoi.gov.vn"/>
  <tag k="wikidata" v="Q1858"/>
  <tag k="wikipedia" v="vi:Hà Nội"/>
  <tag k="wikivoyage" v="en:Hanoi"/>
 </relation>
 <relation id="7385375" visible="true" version="9" changeset="173800264" timestamp="2025-10-26T15:34:53Z" user="Hung159" uid="22065819">
  <member type="relation" ref="7385001" role=""/>
  <member type="relation" ref="7385141" role=""/>
  <member type="relation" ref="9803653" role=""/>
  <member type="relation" ref="14166302" role=""/>
  <member type="relation" ref="14925050" role=""/>
  <member type="relation" ref="17676285" role=""/>
  <tag k="name" v="Hệ thống đường vành đai Hà Nội"/>
  <tag k="name:en" v="Hanoi Circular Routes System"/>
  <tag k="type" v="collection"/>
 </relation>
 <relation id="9421138" visible="true" version="56" changeset="178609617" timestamp="2026-02-16T04:58:00Z" user="Trần Thanh Tuấn" uid="16014056">
  <member type="way" ref="705491702" role="outer"/>
  <member type="way" ref="1420669512" role="outer"/>
  <member type="way" ref="1420669513" role="outer"/>
  <member type="way" ref="1311931116" role="outer"/>
  <member type="way" ref="678418321" role="outer"/>
  <member type="way" ref="1324046567" role="outer"/>
  <member type="way" ref="678774174" role="outer"/>
  <member type="way" ref="705491699" role="outer"/>
  <member type="way" ref="705491700" role="outer"/>
  <member type="way" ref="678539335" role="outer"/>
  <member type="way" ref="1324696123" role="outer"/>
  <member type="way" ref="832454943" role="outer"/>
  <member type="way" ref="896794949" role="outer"/>
  <member type="way" ref="832454941" role="outer"/>
  <member type="way" ref="1195448657" role="outer"/>
  <member type="way" ref="1418571387" role="outer"/>
  <member type="way" ref="1242747180" role="outer"/>
  <member type="way" ref="678539334" role="outer"/>
  <member type="way" ref="1195523876" role="outer"/>
  <member type="way" ref="705212244" role="outer"/>
  <member type="way" ref="1418571381" role="outer"/>
  <member type="way" ref="705212239" role="outer"/>
  <member type="way" ref="705212238" role="outer"/>
  <member type="way" ref="1418571365" role="outer"/>
  <member type="way" ref="705491685" role="outer"/>
  <member type="way" ref="897378389" role="outer"/>
  <member type="way" ref="1286797363" role="outer"/>
  <member type="way" ref="1418571367" role="outer"/>
  <member type="way" ref="705491709" role="outer"/>
  <member type="way" ref="705491710" role="outer"/>
  <member type="way" ref="678539316" role="outer"/>
  <member type="way" ref="1286797362" role="outer"/>
  <member type="way" ref="705491711" role="outer"/>
  <member type="way" ref="1413274999" role="outer"/>
  <member type="relation" ref="9728555" role="subarea"/>
  <member type="relation" ref="12212270" role="subarea"/>
  <member type="relation" ref="9812303" role="subarea"/>
  <member type="relation" ref="9812304" role="subarea"/>
  <member type="relation" ref="9806918" role="subarea"/>
  <member type="relation" ref="9806919" role="subarea"/>
  <member type="relation" ref="11367525" role="subarea"/>
  <member type="relation" ref="9812308" role="subarea"/>
  <member type="relation" ref="9812309" role="subarea"/>
  <member type="relation" ref="9812310" role="subarea"/>
  <member type="relation" ref="9812307" role="subarea"/>
  <member type="relation" ref="9812306" role="subarea"/>
  <member type="relation" ref="9812305" role="subarea"/>
  <tag k="alt_name:en" v="North Tu Liem District"/>
  <tag k="boundary" v="historic"/>
  <tag k="end_date" v="2025-06-30"/>
  <tag k="name" v="Quận Bắc Từ Liêm"/>
  <tag k="name:en" v="Bắc Từ Liêm District"/>
  <tag k="name:ko" v="박뜨리엠군"/>
  <tag k="name:zh" v="北慈廉郡"/>
  <tag k="name:zh-Hans" v="北慈廉郡"/>
  <tag k="name:zh-Hant" v="北慈廉郡"/>
  <tag k="note" v="DO NOT DELETE PLEASE"/>
  <tag k="type" v="boundary"/>
  <tag k="was:admin_level" v="6"/>
  <tag k="was:boundary" v="administrative"/>
  <tag k="wikidata" v="Q16480194"/>
 </relation>
 <relation id="9421139" visible="true" version="57" changeset="178609617" timestamp="2026-02-16T04:58:00Z" user="Trần Thanh Tuấn" uid="16014056">
  <member type="way" ref="1420672674" role="outer"/>
  <member type="way" ref="1420672673" role="outer"/>
  <member type="way" ref="1242845706" role="outer"/>
  <member type="way" ref="705212244" role="outer"/>
  <member type="way" ref="1418571381" role="outer"/>
  <member type="way" ref="705212239" role="outer"/>
  <member type="way" ref="705212238" role="outer"/>
  <member type="way" ref="1418571365" role="outer"/>
  <member type="way" ref="705491685" role="outer"/>
  <member type="way" ref="897378389" role="outer"/>
  <member type="way" ref="678539320" role="outer"/>
  <member type="way" ref="1286797366" role="outer"/>
  <member type="way" ref="1413240393" role="outer"/>
  <member type="way" ref="1311284920" role="outer"/>
  <member type="way" ref="705212236" role="outer"/>
  <member type="way" ref="1000432906" role="outer"/>
  <member type="way" ref="1000437476" role="outer"/>
  <member type="way" ref="700518254" role="outer"/>
  <member type="way" ref="700518256" role="outer"/>
  <member type="way" ref="700520011" role="outer"/>
  <member type="way" ref="700514244" role="outer"/>
  <member type="way" ref="700514233" role="outer"/>
  <member type="way" ref="1413067866" role="outer"/>
  <member type="way" ref="832454972" role="outer"/>
  <member type="way" ref="700520010" role="outer"/>
  <member type="way" ref="1264085502" role="outer"/>
  <member type="way" ref="698018290" role="outer"/>
  <member type="way" ref="705212237" role="outer"/>
  <member type="way" ref="678418312" role="outer"/>
  <member type="relation" ref="9806911" role="subarea"/>
  <member type="relation" ref="9806913" role="subarea"/>
  <member type="relation" ref="9806916" role="subarea"/>
  <member type="relation" ref="9806915" role="subarea"/>
  <member type="relation" ref="9733414" role="subarea"/>
  <member type="relation" ref="9806914" role="subarea"/>
  <member type="relation" ref="9806917" role="subarea"/>
  <member type="relation" ref="9806912" role="subarea"/>
  <tag k="boundary" v="historic"/>
  <tag k="end_date" v="2025-06-30"/>
  <tag k="name" v="Quận Tây Hồ"/>
  <tag k="name:en" v="Tây Hồ District"/>
  <tag k="name:ko" v="떠이호군"/>
  <tag k="name:zh" v="西湖郡"/>
  <tag k="name:zh-Hans" v="西湖郡"/>
  <tag k="name:zh-Hant" v="西湖郡"/>
  <tag k="note" v="DO NOT DELETE PLEASE"/>
  <tag k="type" v="boundary"/>
  <tag k="was:admin_level" v="6"/>
  <tag k="was:boundary" v="administrative"/>
  <tag k="wikidata" v="Q1048642"/>
 </relation>
 <relation id="9803653" visible="true" version="193" changeset="183300618" timestamp="2026-05-28T11:33:34Z" user="FanaticAir75626" uid="11141338">
  <member type="way" ref="848915392" role=""/>
  <member type="way" ref="848915394" role=""/>
  <member type="way" ref="1012665683" role=""/>
  <member type="way" ref="1158120932" role=""/>
  <member type="way" ref="1158120937" role=""/>
  <member type="way" ref="1158120934" role=""/>
  <member type="way" ref="704089866" role=""/>
  <member type="way" ref="912298258" role=""/>
  <member type="way" ref="704641290" role=""/>
  <member type="way" ref="912298259" role=""/>
  <member type="way" ref="856460788" role=""/>
  <member type="way" ref="764842478" role=""/>
  <member type="way" ref="888441063" role=""/>
  <member type="way" ref="848915390" role=""/>
  <member type="way" ref="1374459656" role=""/>
  <member type="way" ref="856460791" role=""/>
  <member type="way" ref="856460789" role=""/>
  <member type="way" ref="890197306" role=""/>
  <member type="way" ref="848915395" role=""/>
  <member type="way" ref="1233979452" role=""/>
  <member type="way" ref="1233979451" role=""/>
  <member type="way" ref="709673457" role=""/>
  <member type="way" ref="136161771" role=""/>
  <member type="way" ref="709678324" role=""/>
  <member type="way" ref="709678322" role=""/>
  <member type="way" ref="35977789" role=""/>
  <member type="way" ref="711366276" role=""/>
  <member type="way" ref="711366275" role=""/>
  <member type="way" ref="705792493" role=""/>
  <member type="way" ref="600083161" role=""/>
  <member type="way" ref="600496934" role=""/>
  <member type="way" ref="709255818" role=""/>
  <member type="way" ref="709255817" role=""/>
  <member type="way" ref="600083158" role=""/>
  <member type="way" ref="709258514" role=""/>
  <member type="way" ref="709258512" role=""/>
  <member type="way" ref="38135679" role=""/>
  <member type="way" ref="707900589" role=""/>
  <member type="way" ref="701426448" role=""/>
  <member type="way" ref="962493733" role=""/>
  <member type="way" ref="38031007" role=""/>
  <member type="way" ref="1329311807" role=""/>
  <member type="way" ref="1121703581" role=""/>
  <member type="way" ref="605128435" role=""/>
  <member type="way" ref="1213248858" role=""/>
  <member type="way" ref="883126626" role=""/>
  <member type="way" ref="492297097" role=""/>
  <member type="way" ref="492297096" role=""/>
  <member type="way" ref="492297091" role=""/>
  <member type="way" ref="600148634" role=""/>
  <member type="way" ref="600148631" role=""/>
  <member type="way" ref="600148650" role=""/>
  <member type="way" ref="600148647" role=""/>
  <member type="way" ref="406325519" role=""/>
  <member type="way" ref="702569721" role=""/>
  <member type="way" ref="702569720" role=""/>
  <member type="way" ref="400124201" role=""/>
  <member type="way" ref="883126625" role=""/>
  <member type="way" ref="1448539082" role=""/>
  <member type="way" ref="702570330" role=""/>
  <member type="way" ref="1410881751" role=""/>
  <member type="way" ref="1448539083" role=""/>
  <member type="way" ref="1410881753" role=""/>
  <member type="way" ref="1412957555" role=""/>
  <member type="way" ref="1448541698" role=""/>
  <member type="way" ref="1411067289" role=""/>
  <member type="way" ref="1411067290" role=""/>
  <member type="way" ref="1411068936" role=""/>
  <member type="way" ref="1411068937" role=""/>
  <member type="way" ref="1448545167" role=""/>
  <member type="way" ref="944122209" role=""/>
  <member type="way" ref="1448545168" role=""/>
  <member type="way" ref="1411069962" role=""/>
  <member type="way" ref="1411069963" role=""/>
  <member type="way" ref="1445492553" role=""/>
  <member type="way" ref="964879571" role=""/>
  <member type="way" ref="702815316" role=""/>
  <member type="way" ref="1411069961" role=""/>
  <member type="way" ref="1448545170" role=""/>
  <member type="way" ref="962177677" role=""/>
  <member type="way" ref="1408280916" role=""/>
  <member type="way" ref="1412958871" role=""/>
  <member type="way" ref="1412958336" role=""/>
  <member type="way" ref="1284795889" role=""/>
  <member type="way" ref="1412958335" role=""/>
  <member type="way" ref="1445492556" role=""/>
  <member type="way" ref="703965597" role=""/>
  <member type="way" ref="1120365421" role=""/>
  <member type="way" ref="1361116651" role=""/>
  <member type="way" ref="251794091" role=""/>
  <member type="way" ref="704984017" role=""/>
  <member type="way" ref="704984016" role=""/>
  <member type="way" ref="704984015" role=""/>
  <member type="way" ref="506335711" role=""/>
  <member type="way" ref="1242935503" role=""/>
  <member type="way" ref="1409145905" role=""/>
  <member type="way" ref="397274993" role=""/>
  <member type="way" ref="1240455077" role=""/>
  <member type="way" ref="1256554447" role=""/>
  <member type="way" ref="1362523562" role=""/>
  <member type="way" ref="498131067" role=""/>
  <member type="way" ref="1038984158" role=""/>
  <member type="way" ref="447017270" role=""/>
  <member type="way" ref="447018380" role=""/>
  <member type="way" ref="1038984151" role=""/>
  <member type="way" ref="1237584103" role=""/>
  <member type="way" ref="702924540" role=""/>
  <member type="way" ref="702924539" role=""/>
  <member type="way" ref="702924538" role=""/>
  <member type="way" ref="702924537" role=""/>
  <member type="way" ref="365337037" role=""/>
  <member type="way" ref="702924536" role=""/>
  <member type="way" ref="497402293" role=""/>
  <member type="way" ref="1104333494" role=""/>
  <member type="way" ref="705856949" role=""/>
  <member type="way" ref="1494939088" role=""/>
  <member type="way" ref="705856952" role=""/>
  <member type="way" ref="705850024" role=""/>
  <member type="way" ref="9975059" role=""/>
  <member type="way" ref="943964878" role=""/>
  <member type="way" ref="1429658662" role=""/>
  <member type="way" ref="706470215" role=""/>
  <member type="way" ref="706470208" role=""/>
  <member type="way" ref="705820841" role=""/>
  <member type="way" ref="497836640" role=""/>
  <member type="way" ref="705820842" role=""/>
  <member type="way" ref="496990337" role=""/>
  <member type="way" ref="705820843" role=""/>
  <member type="way" ref="1335915195" role=""/>
  <member type="way" ref="702833527" role=""/>
  <member type="way" ref="497402292" role=""/>
  <member type="way" ref="384671267" role=""/>
  <member type="way" ref="384671234" role=""/>
  <member type="way" ref="506335714" role=""/>
  <member type="way" ref="703266696" role=""/>
  <member type="way" ref="703266697" role=""/>
  <member type="way" ref="1493422351" role=""/>
  <member type="way" ref="85739384" role=""/>
  <member type="way" ref="709351501" role=""/>
  <member type="way" ref="711720172" role=""/>
  <member type="way" ref="1493422347" role=""/>
  <member type="way" ref="85739398" role=""/>
  <member type="way" ref="1431633226" role=""/>
  <member type="way" ref="69143125" role=""/>
  <member type="way" ref="955842628" role=""/>
  <member type="way" ref="875229033" role=""/>
  <member type="way" ref="1116858553" role=""/>
  <member type="way" ref="951487944" role=""/>
  <member type="way" ref="28920237" role=""/>
  <member type="way" ref="1240455072" role=""/>
  <member type="way" ref="944100709" role=""/>
  <member type="way" ref="1263456368" role=""/>
  <member type="way" ref="705548641" role=""/>
  <member type="way" ref="597668128" role=""/>
  <member type="way" ref="597668131" role=""/>
  <member type="way" ref="894857492" role=""/>
  <member type="way" ref="1318958367" role=""/>
  <member type="way" ref="944100697" role=""/>
  <member type="way" ref="894857490" role=""/>
  <member type="way" ref="893882396" role=""/>
  <member type="way" ref="1031088018" role=""/>
  <member type="way" ref="1009871353" role=""/>
  <member type="way" ref="1051713837" role=""/>
  <member type="way" ref="894857488" role=""/>
  <member type="way" ref="881062561" role=""/>
  <member type="way" ref="1117717293" role=""/>
  <member type="way" ref="1073715752" role=""/>
  <member type="way" ref="1119786563" role=""/>
  <member type="way" ref="1112836172" role=""/>
  <member type="way" ref="946030629" role=""/>
  <member type="way" ref="1119786561" role=""/>
  <member type="way" ref="1058963344" role=""/>
  <member type="way" ref="908118005" role=""/>
  <member type="way" ref="1031913854" role=""/>
  <member type="way" ref="944894014" role=""/>
  <member type="way" ref="704641291" role=""/>
  <member type="way" ref="856460790" role=""/>
  <member type="way" ref="1374459657" role=""/>
  <member type="way" ref="848915389" role=""/>
  <member type="way" ref="888441064" role=""/>
  <member type="way" ref="764842481" role=""/>
  <member type="way" ref="704641292" role=""/>
  <member type="way" ref="912298261" role=""/>
  <member type="way" ref="704641289" role=""/>
  <member type="way" ref="912298260" role=""/>
  <member type="way" ref="740599803" role=""/>
  <member type="way" ref="1158120935" role=""/>
  <member type="way" ref="1158120936" role=""/>
  <member type="way" ref="1158120933" role=""/>
  <member type="way" ref="1012665682" role=""/>
  <member type="way" ref="774597879" role=""/>
  <member type="way" ref="1012665677" role=""/>
  <member type="way" ref="890197307" role=""/>
  <member type="way" ref="761985292" role=""/>
  <member type="way" ref="848915397" role=""/>
  <member type="way" ref="944894013" role=""/>
  <member type="way" ref="952211060" role=""/>
  <member type="way" ref="706507802" role=""/>
  <member type="way" ref="693489635" role=""/>
  <member type="way" ref="951487953" role=""/>
  <member type="way" ref="1107403993" role=""/>
  <member type="way" ref="397582165" role=""/>
  <member type="way" ref="747949623" role=""/>
  <member type="way" ref="747949623" role=""/>
  <member type="way" ref="397582165" role=""/>
  <member type="way" ref="1107403993" role=""/>
  <member type="way" ref="951487953" role=""/>
  <member type="way" ref="894916672" role=""/>
  <member type="way" ref="1382276753" role=""/>
  <member type="way" ref="1240455082" role=""/>
  <member type="way" ref="1256554446" role=""/>
  <member type="way" ref="1382276754" role=""/>
  <member type="way" ref="1038984166" role=""/>
  <member type="way" ref="1382276752" role=""/>
  <member type="way" ref="1362523558" role=""/>
  <member type="way" ref="1038984165" role=""/>
  <member type="way" ref="1038984157" role=""/>
  <member type="way" ref="1038984159" role=""/>
  <member type="way" ref="1038984162" role=""/>
  <member type="way" ref="498033102" role=""/>
  <member type="way" ref="447017271" role=""/>
  <member type="way" ref="1038984161" role=""/>
  <member type="way" ref="1038984153" role=""/>
  <member type="way" ref="1038984160" role=""/>
  <member type="way" ref="1038984150" role=""/>
  <member type="way" ref="1038984152" role=""/>
  <member type="way" ref="1038984149" role=""/>
  <member type="way" ref="1241321381" role=""/>
  <member type="way" ref="1241305276" role=""/>
  <member type="way" ref="447018381" role=""/>
  <member type="way" ref="1237584101" role=""/>
  <member type="way" ref="702890333" role=""/>
  <member type="way" ref="702890331" role=""/>
  <member type="way" ref="702890332" role=""/>
  <member type="way" ref="497402291" role=""/>
  <member type="way" ref="702879558" role=""/>
  <member type="way" ref="702879560" role=""/>
  <member type="way" ref="702874047" role=""/>
  <member type="way" ref="1104333498" role=""/>
  <member type="way" ref="365337036" role=""/>
  <member type="way" ref="704999946" role=""/>
  <member type="way" ref="1494939089" role=""/>
  <member type="way" ref="211942409" role=""/>
  <member type="way" ref="705815018" role=""/>
  <member type="way" ref="1240683352" role=""/>
  <member type="way" ref="601959228" role=""/>
  <member type="way" ref="384671286" role=""/>
  <member type="way" ref="506335706" role=""/>
  <member type="way" ref="506335713" role=""/>
  <member type="way" ref="85739426" role=""/>
  <member type="way" ref="1524009473" role=""/>
  <member type="way" ref="1493422350" role=""/>
  <member type="way" ref="1174245431" role=""/>
  <member type="way" ref="1238804774" role=""/>
  <member type="way" ref="955842619" role=""/>
  <member type="way" ref="1326062360" role=""/>
  <member type="way" ref="711720171" role=""/>
  <member type="way" ref="709017781" role=""/>
  <member type="way" ref="964318756" role=""/>
  <member type="way" ref="85620783" role=""/>
  <member type="way" ref="1431633228" role=""/>
  <member type="way" ref="1205147992" role=""/>
  <member type="way" ref="894143945" role=""/>
  <member type="way" ref="1205147990" role=""/>
  <member type="way" ref="178423589" role=""/>
  <member type="way" ref="1116858552" role=""/>
  <member type="way" ref="589521899" role=""/>
  <member type="way" ref="951487943" role=""/>
  <member type="way" ref="1042519575" role=""/>
  <member type="way" ref="589521900" role=""/>
  <member type="way" ref="1240455073" role=""/>
  <member type="way" ref="597668119" role=""/>
  <member type="way" ref="705548642" role=""/>
  <member type="way" ref="597668111" role=""/>
  <member type="way" ref="597668114" role=""/>
  <member type="way" ref="705545549" role=""/>
  <member type="way" ref="705548645" role=""/>
  <member type="way" ref="944100698" role=""/>
  <member type="way" ref="11006496" role=""/>
  <member type="way" ref="894857486" role=""/>
  <member type="way" ref="704989752" role=""/>
  <member type="way" ref="1119786564" role=""/>
  <member type="way" ref="708607650" role=""/>
  <member type="way" ref="1340549230" role=""/>
  <member type="way" ref="601912140" role=""/>
  <member type="way" ref="704999942" role=""/>
  <member type="way" ref="951487935" role=""/>
  <member type="way" ref="506335722" role=""/>
  <member type="way" ref="704995430" role=""/>
  <member type="way" ref="704995429" role=""/>
  <member type="way" ref="251794092" role=""/>
  <member type="way" ref="1382445974" role=""/>
  <member type="way" ref="1448552961" role=""/>
  <member type="way" ref="704675414" role=""/>
  <member type="way" ref="1448552962" role=""/>
  <member type="way" ref="1411070643" role=""/>
  <member type="way" ref="1239010655" role=""/>
  <member type="way" ref="1448552963" role=""/>
  <member type="way" ref="1411071314" role=""/>
  <member type="way" ref="1408280915" role=""/>
  <member type="way" ref="1411071316" role=""/>
  <member type="way" ref="704675411" role=""/>
  <member type="way" ref="704675412" role=""/>
  <member type="way" ref="1445478400" role=""/>
  <member type="way" ref="702806760" role=""/>
  <member type="way" ref="1411072209" role=""/>
  <member type="way" ref="702806759" role=""/>
  <member type="way" ref="980632900" role=""/>
  <member type="way" ref="1445478406" role=""/>
  <member type="way" ref="1239581814" role=""/>
  <member type="way" ref="1411073276" role=""/>
  <member type="way" ref="330357143" role=""/>
  <member type="way" ref="702806754" role=""/>
  <member type="way" ref="1445478409" role=""/>
  <member type="way" ref="703954555" role=""/>
  <member type="way" ref="1445478411" role=""/>
  <member type="way" ref="1058951229" role=""/>
  <member type="way" ref="1445478413" role=""/>
  <member type="way" ref="1412959574" role=""/>
  <member type="way" ref="702806755" role=""/>
  <member type="way" ref="1411141086" role=""/>
  <member type="way" ref="1411141087" role=""/>
  <member type="way" ref="703976181" role=""/>
  <member type="way" ref="703965599" role=""/>
  <member type="way" ref="703961131" role=""/>
  <member type="way" ref="703961132" role=""/>
  <member type="way" ref="1038984148" role=""/>
  <member type="way" ref="1038984148" role=""/>
  <member type="way" ref="1038984156" role=""/>
  <member type="way" ref="1038984156" role=""/>
  <member type="way" ref="1038984155" role=""/>
  <member type="way" ref="1038984154" role=""/>
  <member type="way" ref="1374459653" role=""/>
  <member type="way" ref="856460792" role=""/>
  <member type="way" ref="1130846081" role=""/>
  <member type="way" ref="1078268270" role=""/>
  <member type="way" ref="1237584105" role=""/>
  <member type="way" ref="1237584104" role=""/>
  <member type="way" ref="1237584110" role=""/>
  <member type="way" ref="1237584111" role=""/>
  <member type="way" ref="1237584102" role=""/>
  <member type="way" ref="1237584106" role=""/>
  <member type="way" ref="1411070644" role=""/>
  <member type="way" ref="1411072210" role=""/>
  <member type="way" ref="1411071315" role=""/>
  <member type="way" ref="1411073278" role=""/>
  <member type="way" ref="1411073277" role=""/>
  <member type="way" ref="615692217" role=""/>
  <member type="way" ref="703976180" role=""/>
  <member type="way" ref="492297089" role=""/>
  <member type="way" ref="600148645" role=""/>
  <member type="way" ref="702577583" role=""/>
  <member type="way" ref="600148642" role=""/>
  <member type="way" ref="600148639" role=""/>
  <member type="way" ref="600148637" role=""/>
  <member type="way" ref="447623862" role=""/>
  <member type="way" ref="492297092" role=""/>
  <member type="way" ref="492297094" role=""/>
  <member type="way" ref="492297098" role=""/>
  <member type="way" ref="704938985" role=""/>
  <member type="way" ref="704938984" role=""/>
  <member type="way" ref="704938983" role=""/>
  <member type="way" ref="35972313" role=""/>
  <member type="way" ref="974551789" role=""/>
  <member type="way" ref="961685425" role=""/>
  <member type="way" ref="1121703580" role=""/>
  <member type="way" ref="704967125" role=""/>
  <member type="way" ref="704967126" role=""/>
  <member type="way" ref="711129810" role=""/>
  <member type="way" ref="701436151" role=""/>
  <member type="way" ref="704701608" role=""/>
  <member type="way" ref="701450363" role=""/>
  <member type="way" ref="711138888" role=""/>
  <member type="way" ref="711138887" role=""/>
  <member type="way" ref="707457431" role=""/>
  <member type="way" ref="711138885" role=""/>
  <member type="way" ref="711138886" role=""/>
  <member type="way" ref="707457430" role=""/>
  <member type="way" ref="707457429" role=""/>
  <member type="way" ref="59150924" role=""/>
  <member type="way" ref="809125943" role=""/>
  <member type="way" ref="705794896" role=""/>
  <member type="way" ref="600083153" role=""/>
  <member type="way" ref="208162320" role=""/>
  <member type="way" ref="705794897" role=""/>
  <member type="way" ref="711366277" role=""/>
  <member type="way" ref="600083145" role=""/>
  <member type="way" ref="711367345" role=""/>
  <member type="way" ref="1012665676" role=""/>
  <member type="way" ref="35972593" role=""/>
  <member type="way" ref="961861920" role=""/>
  <member type="way" ref="709673460" role=""/>
  <member type="way" ref="1014224394" role=""/>
  <member type="way" ref="709673461" role=""/>
  <member type="way" ref="848915391" role=""/>
  <member type="way" ref="1445492548" role=""/>
  <member type="way" ref="1411068938" role=""/>
  <member type="way" ref="1448545169" role=""/>
  <member type="way" ref="1445492547" role=""/>
  <member type="way" ref="702815319" role=""/>
  <member type="way" ref="702571351" role=""/>
  <member type="way" ref="1411067288" role=""/>
  <member type="way" ref="1448541699" role=""/>
  <member type="way" ref="1412959575" role=""/>
  <member type="way" ref="1078268269" role=""/>
  <member type="way" ref="1130846080" role=""/>
  <member type="way" ref="761985293" role=""/>
  <member type="way" ref="1374459652" role=""/>
  <member type="way" ref="136268284" role=""/>
  <member type="way" ref="704984495" role=""/>
  <member type="way" ref="704982359" role=""/>
  <member type="way" ref="706470211" role=""/>
  <member type="way" ref="37532288" role=""/>
  <member type="way" ref="706457305" role=""/>
  <member type="way" ref="1221041827" role=""/>
  <member type="way" ref="706475177" role=""/>
  <member type="way" ref="1335915193" role=""/>
  <member type="way" ref="965548422" role=""/>
  <member type="way" ref="400124203" role=""/>
  <member type="way" ref="964350838" role=""/>
  <member type="way" ref="492297083" role=""/>
  <member type="way" ref="964350828" role=""/>
  <member type="way" ref="703978561" role=""/>
  <member type="way" ref="486370016" role=""/>
  <member type="way" ref="486370020" role=""/>
  <member type="way" ref="951487952" role=""/>
  <member type="way" ref="155925981" role=""/>
  <member type="way" ref="886446130" role=""/>
  <member type="way" ref="486370014" role=""/>
  <member type="way" ref="486370017" role=""/>
  <member type="way" ref="598756945" role=""/>
  <member type="way" ref="447623860" role=""/>
  <member type="way" ref="224441480" role=""/>
  <member type="way" ref="400124197" role=""/>
  <member type="way" ref="954542126" role=""/>
  <member type="way" ref="1121703585" role=""/>
  <member type="way" ref="886446125" role=""/>
  <member type="way" ref="886446126" role=""/>
  <member type="way" ref="704933930" role=""/>
  <member type="way" ref="1010846177" role=""/>
  <member type="way" ref="965992923" role=""/>
  <member type="way" ref="704933929" role=""/>
  <member type="way" ref="1121703584" role=""/>
  <member type="way" ref="616545698" role=""/>
  <member type="way" ref="1010846167" role=""/>
  <member type="way" ref="962177667" role=""/>
  <member type="way" ref="1329315358" role=""/>
  <member type="way" ref="1329315357" role=""/>
  <member type="way" ref="1329315359" role=""/>
  <member type="way" ref="1329315360" role=""/>
  <member type="way" ref="1329315362" role=""/>
  <member type="way" ref="1329315361" role=""/>
  <member type="way" ref="1329315364" role=""/>
  <member type="way" ref="1329315363" role=""/>
  <member type="way" ref="1329315367" role=""/>
  <member type="way" ref="1329315365" role=""/>
  <member type="way" ref="1329315366" role=""/>
  <member type="way" ref="1426200164" role=""/>
  <member type="way" ref="1426200163" role=""/>
  <member type="way" ref="1426200141" role=""/>
  <member type="way" ref="1426200139" role=""/>
  <member type="way" ref="1426200138" role=""/>
  <member type="way" ref="1426200137" role=""/>
  <member type="way" ref="1038984168" role=""/>
  <member type="way" ref="1426200135" role=""/>
  <member type="way" ref="1426200126" role=""/>
  <member type="way" ref="1426200131" role=""/>
  <member type="way" ref="1445755413" role=""/>
  <member type="way" ref="1426200119" role=""/>
  <member type="way" ref="1426200120" role=""/>
  <member type="way" ref="1426200122" role=""/>
  <member type="way" ref="1426200121" role=""/>
  <member type="way" ref="1038984147" role=""/>
  <member type="way" ref="1213859114" role=""/>
  <member type="way" ref="1213859115" role=""/>
  <member type="way" ref="1431633227" role=""/>
  <member type="way" ref="1476344800" role=""/>
  <member type="way" ref="1205147989" role=""/>
  <member type="way" ref="1205147991" role=""/>
  <member type="way" ref="1431633229" role=""/>
  <member type="way" ref="1448555133" role=""/>
  <member type="way" ref="1448367792" role=""/>
  <member type="way" ref="1448367794" role=""/>
  <member type="way" ref="1445478405" role=""/>
  <member type="way" ref="1448367796" role=""/>
  <member type="way" ref="1445478410" role=""/>
  <member type="way" ref="1445478414" role=""/>
  <member type="way" ref="1448539081" role=""/>
  <member type="way" ref="1448539084" role=""/>
  <member type="way" ref="615692238" role=""/>
  <member type="way" ref="1411066136" role=""/>
  <member type="way" ref="1410881752" role=""/>
  <member type="way" ref="1058963348" role=""/>
  <member type="way" ref="1448367798" role=""/>
  <member type="way" ref="1445492545" role=""/>
  <member type="way" ref="1448367788" role=""/>
  <member type="way" ref="1445492552" role=""/>
  <member type="way" ref="1448367790" role=""/>
  <member type="way" ref="333827554" role=""/>
  <member type="way" ref="1426152844" role=""/>
  <member type="way" ref="1445492557" role=""/>
  <tag k="distance" v="43.6"/>
  <tag k="name" v="Đường vành đai 2 Thành phố Hà Nội"/>
  <tag k="name:en" v="Ring Road 2"/>
  <tag k="ref" v="VĐ2"/>
  <tag k="route" v="road"/>
  <tag k="type" v="route"/>
 </relation>
 <relation id="9806916" visible="true" version="24" changeset="170489668" timestamp="2025-08-15T16:43:10Z" user="ItsLouisAnderson" uid="11691953">
  <member type="way" ref="705212250" role="outer"/>
  <member type="way" ref="1311284920" role="outer"/>
  <member type="way" ref="1413240393" role="outer"/>
  <member type="way" ref="1286797366" role="outer"/>
  <member type="way" ref="678539320" role="outer"/>
  <member type="way" ref="897378389" role="outer"/>
  <member type="way" ref="705491685" role="outer"/>
  <member type="way" ref="1418571365" role="outer"/>
  <member type="way" ref="705212238" role="outer"/>
  <member type="way" ref="705212243" role="outer"/>
  <tag k="admin_level" v="8"/>
  <tag k="boundary" v="historic"/>
  <tag k="is_in:city" v="Hanoi"/>
  <tag k="name" v="Phường Phú Thượng"/>
  <tag k="name:en" v="Phu Thuong Ward"/>
  <tag k="type" v="boundary"/>
  <tag k="wikidata" v="Q10806100"/>
 </relation>
 <relation id="9812304" visible="true" version="15" changeset="180921829" timestamp="2026-04-06T02:54:14Z" user="inserteunnombreaqui" uid="22579655">
  <member type="way" ref="705491693" role="outer"/>
  <member type="way" ref="705491685" role="outer"/>
  <member type="way" ref="1418571365" role="outer"/>
  <member type="way" ref="705212257" role="outer"/>
  <member type="way" ref="1418571373" role="outer"/>
  <member type="way" ref="705212260" role="outer"/>
  <member type="way" ref="705491690" role="outer"/>
  <member type="node" ref="13710038889" role="label"/>
  <tag k="admin_level" v="8"/>
  <tag k="boundary" v="historic"/>
  <tag k="name" v="Phường Xuân Đỉnh"/>
  <tag k="name:en" v="Xuan Dinh Ward"/>
  <tag k="type" v="boundary"/>
 </relation>
 <relation id="12812220" visible="true" version="3" changeset="118624763" timestamp="2022-03-18T09:27:29Z" user="GrabVN_Nguyen Thanh Phuong" uid="15330066">
  <member type="way" ref="951487915" role="inner"/>
  <member type="way" ref="951487914" role="outer"/>
  <tag k="building" v="school"/>
  <tag k="layer" v="1"/>
  <tag k="name" v="Trường Quốc tế Liên Hợp Quốc Hà Nội"/>
  <tag k="type" v="multipolygon"/>
 </relation>
 <relation id="12812221" visible="true" version="67" changeset="181001490" timestamp="2026-04-07T14:10:25Z" user="edumiz624" uid="20881381">
  <member type="node" ref="8807115895" role="platform_entry_only"/>
  <member type="node" ref="8807115903" role="platform"/>
  <member type="node" ref="8807115905" role="platform"/>
  <member type="node" ref="8807115906" role="platform"/>
  <member type="node" ref="8807115907" role="platform"/>
  <member type="node" ref="8807115908" role="platform"/>
  <member type="node" ref="6742138880" role="platform"/>
  <member type="node" ref="8807115909" role="platform"/>
  <member type="node" ref="8807115910" role="platform"/>
  <member type="node" ref="8741301517" role="platform"/>
  <member type="node" ref="8741301518" role="platform"/>
  <member type="node" ref="8741301519" role="platform"/>
  <member type="node" ref="8741301520" role="platform"/>
  <member type="node" ref="5118690545" role="platform"/>
  <member type="node" ref="5118690559" role="platform"/>
  <member type="node" ref="738815421" role="platform"/>
  <member type="node" ref="8741294706" role="platform"/>
  <member type="node" ref="738814364" role="platform"/>
  <member type="node" ref="738813748" role="platform"/>
  <member type="node" ref="738815727" role="platform"/>
  <member type="node" ref="738815268" role="platform"/>
  <member type="node" ref="1008753034" role="platform"/>
  <member type="node" ref="738815565" role="platform"/>
  <member type="node" ref="7824856485" role="platform"/>
  <member type="node" ref="738813898" role="platform"/>
  <member type="node" ref="738815214" role="platform"/>
  <member type="node" ref="738814039" role="platform"/>
  <member type="node" ref="446044211" role="platform"/>
  <member type="node" ref="446044163" role="platform"/>
  <member type="node" ref="738814794" role="platform"/>
  <member type="node" ref="7056039276" role="platform"/>
  <member type="node" ref="4292785589" role="platform_exit_only"/>
  <member type="node" ref="8807115911" role="platform"/>
  <member type="node" ref="11553653863" role="platform"/>
  <member type="node" ref="11553653864" role="platform"/>
  <member type="node" ref="11527164033" role="platform"/>
  <member type="node" ref="6257442385" role="platform"/>
  <member type="node" ref="738815693" role="platform"/>
  <member type="node" ref="8807115904" role="platform"/>
  <member type="way" ref="267926261" role=""/>
  <member type="way" ref="953158827" role=""/>
  <member type="way" ref="598686004" role=""/>
  <member type="way" ref="598686006" role=""/>
  <member type="way" ref="136184188" role=""/>
  <member type="way" ref="951487931" role=""/>
  <member type="way" ref="1418050260" role=""/>
  <member type="way" ref="502809343" role=""/>
  <member type="way" ref="1418050261" role=""/>
  <member type="way" ref="1241275778" role=""/>
  <member type="way" ref="1241295992" role=""/>
  <member type="way" ref="1242757295" role=""/>
  <member type="way" ref="1178056057" role=""/>
  <member type="way" ref="954183032" role=""/>
  <member type="way" ref="951487932" role=""/>
  <member type="way" ref="954183016" role=""/>
  <member type="way" ref="327208854" role=""/>
  <member type="way" ref="515118399" role=""/>
  <member type="way" ref="515118400" role=""/>
  <member type="way" ref="501851911" role=""/>
  <member type="way" ref="501851910" role=""/>
  <member type="way" ref="1240455085" role=""/>
  <member type="way" ref="1240455076" role=""/>
  <member type="way" ref="397274989" role=""/>
  <member type="way" ref="506335722" role=""/>
  <member type="way" ref="704995430" role=""/>
  <member type="way" ref="704995429" role=""/>
  <member type="way" ref="251794092" role=""/>
  <member type="way" ref="1382445974" role=""/>
  <member type="way" ref="1448552961" role=""/>
  <member type="way" ref="704675414" role=""/>
  <member type="way" ref="1448552962" role=""/>
  <member type="way" ref="1411070643" role=""/>
  <member type="way" ref="1239010655" role=""/>
  <member type="way" ref="1448552963" role=""/>
  <member type="way" ref="1411071314" role=""/>
  <member type="way" ref="1445478400" role=""/>
  <member type="way" ref="704675412" role=""/>
  <member type="way" ref="704675411" role=""/>
  <member type="way" ref="1411071316" role=""/>
  <member type="way" ref="1448555133" role=""/>
  <member type="way" ref="702806760" role=""/>
  <member type="way" ref="1411072209" role=""/>
  <member type="way" ref="702806759" role=""/>
  <member type="way" ref="980632900" role=""/>
  <member type="way" ref="1448367792" role=""/>
  <member type="way" ref="1448367794" role=""/>
  <member type="way" ref="1445478405" role=""/>
  <member type="way" ref="330357143" role=""/>
  <member type="way" ref="702806754" role=""/>
  <member type="way" ref="1448367796" role=""/>
  <member type="way" ref="1445478410" role=""/>
  <member type="way" ref="1058951229" role=""/>
  <member type="way" ref="1445478413" role=""/>
  <member type="way" ref="1445478414" role=""/>
  <member type="way" ref="703961132" role=""/>
  <member type="way" ref="703961131" role=""/>
  <member type="way" ref="703965599" role=""/>
  <member type="way" ref="703976181" role=""/>
  <member type="way" ref="1411141087" role=""/>
  <member type="way" ref="615692217" role=""/>
  <member type="way" ref="486370016" role=""/>
  <member type="way" ref="703978561" role=""/>
  <member type="way" ref="964350828" role=""/>
  <member type="way" ref="492297083" role=""/>
  <member type="way" ref="964350838" role=""/>
  <member type="way" ref="400124203" role=""/>
  <member type="way" ref="965548422" role=""/>
  <member type="way" ref="1165593645" role=""/>
  <member type="way" ref="600148658" role=""/>
  <member type="way" ref="59150929" role=""/>
  <member type="way" ref="59150928" role=""/>
  <member type="way" ref="228474145" role=""/>
  <member type="way" ref="37567095" role=""/>
  <member type="way" ref="163906332" role=""/>
  <member type="way" ref="252400872" role=""/>
  <member type="way" ref="1494939073" role=""/>
  <member type="way" ref="966693588" role=""/>
  <member type="way" ref="708558062" role=""/>
  <member type="way" ref="1216675684" role=""/>
  <member type="way" ref="817461258" role=""/>
  <member type="way" ref="708565765" role=""/>
  <member type="way" ref="967878668" role=""/>
  <member type="way" ref="967878669" role=""/>
  <member type="way" ref="704479490" role=""/>
  <member type="way" ref="1240355962" role=""/>
  <member type="way" ref="1177187695" role=""/>
  <member type="way" ref="707305432" role=""/>
  <member type="way" ref="704479486" role=""/>
  <member type="way" ref="1466373283" role=""/>
  <member type="way" ref="706798106" role=""/>
  <member type="way" ref="946030653" role=""/>
  <member type="way" ref="946030654" role=""/>
  <member type="way" ref="962177668" role=""/>
  <member type="way" ref="408761980" role=""/>
  <member type="way" ref="711776732" role=""/>
  <member type="way" ref="708514872" role=""/>
  <member type="way" ref="708514873" role=""/>
  <member type="way" ref="962493749" role=""/>
  <member type="way" ref="708514874" role=""/>
  <member type="way" ref="601522489" role=""/>
  <member type="way" ref="1431504377" role=""/>
  <member type="way" ref="1419634785" role=""/>
  <member type="way" ref="710176322" role=""/>
  <member type="way" ref="710176323" role=""/>
  <member type="way" ref="1240455070" role=""/>
  <member type="way" ref="943964891" role=""/>
  <member type="way" ref="965041065" role=""/>
  <member type="way" ref="769798550" role=""/>
  <member type="way" ref="1239615467" role=""/>
  <member type="way" ref="951487940" role=""/>
  <member type="way" ref="408818507" role=""/>
  <member type="way" ref="961661880" role=""/>
  <member type="way" ref="971422903" role=""/>
  <member type="way" ref="408484144" role=""/>
  <member type="way" ref="599618293" role=""/>
  <member type="way" ref="951487942" role=""/>
  <member type="way" ref="35972484" role=""/>
  <member type="way" ref="397989528" role=""/>
  <member type="way" ref="918225680" role=""/>
  <member type="way" ref="709685351" role=""/>
  <member type="way" ref="25211489" role=""/>
  <member type="way" ref="1376648991" role=""/>
  <member type="way" ref="1376648992" role=""/>
  <member type="way" ref="946030642" role=""/>
  <member type="way" ref="11007201" role=""/>
  <member type="way" ref="946030637" role=""/>
  <member type="way" ref="951487945" role=""/>
  <member type="way" ref="136557866" role=""/>
  <member type="way" ref="1312397563" role=""/>
  <member type="way" ref="705574248" role=""/>
  <member type="way" ref="1318958366" role=""/>
  <member type="way" ref="705548647" role=""/>
  <member type="way" ref="954362661" role=""/>
  <member type="way" ref="705545549" role=""/>
  <member type="way" ref="597668114" role=""/>
  <member type="way" ref="597668111" role=""/>
  <member type="way" ref="705548642" role=""/>
  <member type="way" ref="597668119" role=""/>
  <member type="way" ref="1240455073" role=""/>
  <member type="way" ref="589521900" role=""/>
  <member type="way" ref="761177384" role=""/>
  <member type="way" ref="711063460" role=""/>
  <member type="way" ref="505717903" role=""/>
  <tag k="charge" v="12000 VND"/>
  <tag k="colour" v="#11a471"/>
  <tag k="fee" v="yes"/>
  <tag k="from" v="Bệnh viện Bệnh nhiệt đới Trung ương cơ sở 2"/>
  <tag k="interval" v="00:15-00:20"/>
  <tag k="name" v="Bệnh viện Bệnh nhiệt đới Trung ương cơ sở 2 - Khu đô thị Times City"/>
  <tag k="name:en" v="National Hospital for Tropical Diseases II - Times City Urban Area"/>
  <tag k="network" v="Hanoibus"/>
  <tag k="opening_hours" v="Mo-Su 05:00-19:30"/>
  <tag k="operator" v="Công ty Bảo Yến"/>
  <tag k="public_transport:version" v="2"/>
  <tag k="ref" v="159"/>
  <tag k="route" v="bus"/>
  <tag k="to" v="Khu đô thị Times City"/>
  <tag k="type" v="route"/>
 </relation>
 <relation id="12812223" visible="true" version="3" changeset="148381528" timestamp="2024-03-08T12:14:50Z" user="edumiz624" uid="20881381">
  <member type="relation" ref="12812221" role=""/>
  <member type="relation" ref="12812222" role=""/>
  <tag k="interval" v="00:15"/>
  <tag k="name" v="Bệnh viện Bệnh nhiệt đới Trung ương cơ sở 2 ↔ Khu đô thị Times City"/>
  <tag k="name:en" v="National Hospital for Tropical Diseases II - Times City Urban Area"/>
  <tag k="network" v="Hanoibus"/>
  <tag k="operator" v="Công ty Bảo Yến"/>
  <tag k="ref" v="159"/>
  <tag k="route_master" v="bus"/>
  <tag k="type" v="route_master"/>
 </relation>
 <relation id="12864936" visible="true" version="82" changeset="179967402" timestamp="2026-03-16T19:06:44Z" user="ZioDragon" uid="13799024">
  <member type="node" ref="8849027506" role="platform_entry_only"/>
  <member type="node" ref="8849027507" role="platform"/>
  <member type="node" ref="1927591119" role="platform"/>
  <member type="node" ref="8838269674" role="platform"/>
  <member type="node" ref="8838269675" role="platform"/>
  <member type="node" ref="8236289500" role="platform"/>
  <member type="node" ref="4273838289" role="platform"/>
  <member type="node" ref="8236289507" role="platform"/>
  <member type="node" ref="8236303286" role="platform"/>
  <member type="node" ref="8845983480" role="platform"/>
  <member type="node" ref="8845983481" role="platform"/>
  <member type="node" ref="8845983482" role="platform"/>
  <member type="node" ref="8845983483" role="platform"/>
  <member type="node" ref="8845983484" role="platform"/>
  <member type="node" ref="444394790" role="platform"/>
  <member type="node" ref="738813593" role="platform"/>
  <member type="node" ref="7617390946" role="platform"/>
  <member type="node" ref="738815036" role="platform"/>
  <member type="node" ref="8821681976" role="platform"/>
  <member type="node" ref="8821681977" role="platform"/>
  <member type="node" ref="8821681978" role="platform"/>
  <member type="node" ref="7617390958" role="platform"/>
  <member type="node" ref="7617390959" role="platform"/>
  <member type="node" ref="7617390960" role="platform"/>
  <member type="node" ref="8813408787" role="platform"/>
  <member type="node" ref="738813730" role="platform"/>
  <member type="node" ref="8821681979" role="platform"/>
  <member type="node" ref="8821681980" role="platform"/>
  <member type="node" ref="8821681981" role="platform"/>
  <member type="node" ref="8821681982" role="platform"/>
  <member type="node" ref="8850985958" role="platform"/>
  <member type="node" ref="8850985959" role="platform"/>
  <member type="node" ref="8850985960" role="platform"/>
  <member type="node" ref="8850985962" role="platform"/>
  <member type="node" ref="8850985964" role="platform_exit_only"/>
  <member type="node" ref="5169396322" role="platform"/>
  <member type="node" ref="11515782288" role="platform"/>
  <member type="node" ref="8934749270" role="platform"/>
  <member type="node" ref="738815813" role="platform"/>
  <member type="node" ref="8831420042" role="platform"/>
  <member type="node" ref="4584884500" role="platform"/>
  <member type="node" ref="8898755901" role="platform"/>
  <member type="node" ref="8838269673" role="platform"/>
  <member type="node" ref="8741080067" role="platform"/>
  <member type="way" ref="956489659" role=""/>
  <member type="way" ref="597591438" role=""/>
  <member type="way" ref="1239880095" role=""/>
  <member type="way" ref="956489656" role=""/>
  <member type="way" ref="597114553" role=""/>
  <member type="way" ref="1468752243" role=""/>
  <member type="way" ref="956489654" role=""/>
  <member type="way" ref="11859540" role=""/>
  <member type="way" ref="956129604" role=""/>
  <member type="way" ref="944100703" role=""/>
  <member type="way" ref="944100702" role=""/>
  <member type="way" ref="817491884" role=""/>
  <member type="way" ref="705808095" role=""/>
  <member type="way" ref="1468504518" role=""/>
  <member type="way" ref="705801766" role=""/>
  <member type="way" ref="705801769" role=""/>
  <member type="way" ref="37371466" role=""/>
  <member type="way" ref="223809016" role=""/>
  <member type="way" ref="954882983" role=""/>
  <member type="way" ref="705841392" role=""/>
  <member type="way" ref="1266071994" role=""/>
  <member type="way" ref="707382489" role=""/>
  <member type="way" ref="955201205" role=""/>
  <member type="way" ref="11860441" role=""/>
  <member type="way" ref="954882986" role=""/>
  <member type="way" ref="11860191" role=""/>
  <member type="way" ref="1292590858" role=""/>
  <member type="way" ref="11859996" role=""/>
  <member type="way" ref="600494887" role=""/>
  <member type="way" ref="945783776" role=""/>
  <member type="way" ref="945783754" role=""/>
  <member type="way" ref="954185955" role=""/>
  <member type="way" ref="954185954" role=""/>
  <member type="way" ref="1188024866" role=""/>
  <member type="way" ref="945783755" role=""/>
  <member type="way" ref="106112628" role=""/>
  <member type="way" ref="1227978411" role=""/>
  <member type="way" ref="1472390235" role=""/>
  <member type="way" ref="1381161254" role=""/>
  <member type="way" ref="600485835" role=""/>
  <member type="way" ref="600485834" role=""/>
  <member type="way" ref="570582401" role=""/>
  <member type="way" ref="703452750" role=""/>
  <member type="way" ref="703452749" role=""/>
  <member type="way" ref="374529795" role=""/>
  <member type="way" ref="241572102" role=""/>
  <member type="way" ref="701392349" role=""/>
  <member type="way" ref="701392350" role=""/>
  <member type="way" ref="701427379" role=""/>
  <member type="way" ref="701427380" role=""/>
  <member type="way" ref="702872000" role=""/>
  <member type="way" ref="702813310" role=""/>
  <member type="way" ref="702813309" role=""/>
  <member type="way" ref="702813306" role=""/>
  <member type="way" ref="702848697" role=""/>
  <member type="way" ref="439088446" role=""/>
  <member type="way" ref="702880304" role=""/>
  <member type="way" ref="702848696" role=""/>
  <member type="way" ref="961861930" role=""/>
  <member type="way" ref="945783774" role=""/>
  <member type="way" ref="961861931" role=""/>
  <member type="way" ref="702891549" role=""/>
  <member type="way" ref="702891548" role=""/>
  <member type="way" ref="264434802" role=""/>
  <member type="way" ref="948123045" role=""/>
  <member type="way" ref="116614142" role=""/>
  <member type="way" ref="711421785" role=""/>
  <member type="way" ref="1182476806" role=""/>
  <member type="way" ref="711431923" role=""/>
  <member type="way" ref="929495373" role=""/>
  <member type="way" ref="599634399" role=""/>
  <member type="way" ref="599634317" role=""/>
  <member type="way" ref="1476408693" role=""/>
  <member type="way" ref="1476408692" role=""/>
  <member type="way" ref="1270593817" role=""/>
  <member type="way" ref="710355022" role=""/>
  <member type="way" ref="136259401" role=""/>
  <member type="way" ref="710360129" role=""/>
  <member type="way" ref="1139127117" role=""/>
  <member type="way" ref="1130829742" role=""/>
  <member type="way" ref="408828309" role=""/>
  <member type="way" ref="815619170" role=""/>
  <member type="way" ref="464488487" role=""/>
  <member type="way" ref="702572999" role=""/>
  <member type="way" ref="702572990" role=""/>
  <member type="way" ref="702572988" role=""/>
  <member type="way" ref="702572985" role=""/>
  <member type="way" ref="702572989" role=""/>
  <member type="way" ref="705504247" role=""/>
  <member type="way" ref="223791534" role=""/>
  <member type="way" ref="37562784" role=""/>
  <member type="way" ref="704024159" role=""/>
  <member type="way" ref="706403447" role=""/>
  <member type="way" ref="704015766" role=""/>
  <member type="way" ref="704015767" role=""/>
  <member type="way" ref="704013518" role=""/>
  <member type="way" ref="703992425" role=""/>
  <member type="way" ref="705790144" role=""/>
  <member type="way" ref="705790143" role=""/>
  <member type="way" ref="703992426" role=""/>
  <member type="way" ref="703997645" role=""/>
  <member type="way" ref="703997646" role=""/>
  <member type="way" ref="815619172" role=""/>
  <member type="way" ref="705564896" role=""/>
  <member type="way" ref="703992427" role=""/>
  <member type="way" ref="1458914359" role=""/>
  <member type="way" ref="703521534" role=""/>
  <member type="way" ref="703521533" role=""/>
  <member type="way" ref="1337871557" role=""/>
  <member type="way" ref="704705860" role=""/>
  <member type="way" ref="703523507" role=""/>
  <member type="way" ref="703521535" role=""/>
  <member type="way" ref="958138881" role=""/>
  <member type="way" ref="1240344625" role=""/>
  <member type="way" ref="705241731" role=""/>
  <member type="way" ref="1239581821" role=""/>
  <member type="way" ref="953158818" role=""/>
  <member type="way" ref="1359074565" role=""/>
  <member type="way" ref="947077259" role=""/>
  <member type="way" ref="1240182989" role=""/>
  <member type="way" ref="1240344626" role=""/>
  <member type="way" ref="954183015" role=""/>
  <member type="way" ref="1098003231" role=""/>
  <member type="way" ref="1098003238" role=""/>
  <member type="way" ref="1140695086" role=""/>
  <member type="way" ref="1098003236" role=""/>
  <member type="way" ref="965521318" role=""/>
  <member type="way" ref="1098003241" role=""/>
  <member type="way" ref="1098003243" role=""/>
  <member type="way" ref="1098003232" role=""/>
  <member type="way" ref="1117957804" role=""/>
  <member type="way" ref="1410884566" role=""/>
  <member type="way" ref="967878683" role=""/>
  <member type="way" ref="1210656076" role=""/>
  <member type="way" ref="858369192" role=""/>
  <member type="way" ref="1094428085" role=""/>
  <member type="way" ref="1411060167" role=""/>
  <member type="way" ref="1411060168" role=""/>
  <member type="way" ref="967878676" role=""/>
  <member type="way" ref="1411060170" role=""/>
  <member type="way" ref="1411060169" role=""/>
  <member type="way" ref="965560981" role=""/>
  <member type="way" ref="1275926707" role=""/>
  <member type="way" ref="1200039177" role=""/>
  <member type="way" ref="1411060687" role=""/>
  <member type="way" ref="962005181" role=""/>
  <member type="way" ref="1411060686" role=""/>
  <member type="way" ref="1192547846" role=""/>
  <member type="way" ref="896405292" role=""/>
  <member type="way" ref="1239581819" role=""/>
  <member type="way" ref="847073920" role=""/>
  <member type="way" ref="116786031" role=""/>
  <member type="way" ref="1257108769" role=""/>
  <member type="way" ref="1257108768" role=""/>
  <member type="way" ref="1239581815" role=""/>
  <member type="way" ref="1448367791" role=""/>
  <member type="way" ref="962177664" role=""/>
  <member type="way" ref="1448367787" role=""/>
  <member type="way" ref="962177665" role=""/>
  <member type="way" ref="964879572" role=""/>
  <member type="way" ref="339331804" role=""/>
  <member type="way" ref="1058951222" role=""/>
  <member type="way" ref="1058951224" role=""/>
  <member type="way" ref="1058951225" role=""/>
  <member type="way" ref="1016688589" role=""/>
  <member type="way" ref="1058951226" role=""/>
  <member type="way" ref="492297041" role=""/>
  <member type="way" ref="1426152845" role=""/>
  <member type="way" ref="164031179" role=""/>
  <member type="node" ref="738814284" role="platform"/>
  <member type="node" ref="7617390947" role="platform"/>
  <member type="node" ref="11523863232" role="platform"/>
  <tag k="charge" v="12000 VND"/>
  <tag k="colour" v="#9cdd31"/>
  <tag k="fee" v="yes"/>
  <tag k="from" v="KĐT Pháp Vân, Tứ Hiệp"/>
  <tag k="interval" v="00:15-00:20"/>
  <tag k="name" v="KĐT Pháp Vân, Tứ Hiệp - Công Viên Nước Hồ Tây"/>
  <tag k="name:en" v="Phap Van-Tu Hiep Urban Area - Ho Tay Waterpark"/>
  <tag k="network" v="Hanoibus"/>
  <tag k="opening_hours" v="Mo-Su 05:00-21:00"/>
  <tag k="operator" v="Công ty Bảo Yến"/>
  <tag k="public_transport:version" v="2"/>
  <tag k="ref" v="60A"/>
  <tag k="route" v="bus"/>
  <tag k="to" v="Công viên nước Hồ Tây"/>
  <tag k="type" v="route"/>
 </relation>
 <relation id="12868383" visible="true" version="5" changeset="148274894" timestamp="2024-03-06T03:52:58Z" user="edumiz624" uid="20881381">
  <member type="relation" ref="12864936" role=""/>
  <member type="relation" ref="12868384" role=""/>
  <tag k="name" v="KĐT Pháp Vân, Tứ Hiệp ↔ Công Viên Nước Hồ Tây"/>
  <tag k="name:en" v="Phap Van-Tu Hiep Urban Area - Ho Tay Waterpark"/>
  <tag k="network" v="Hanoibus"/>
  <tag k="operator" v="Công ty TNHH Du lịch dịch vụ xây dựng Bảo Yến"/>
  <tag k="ref" v="60A"/>
  <tag k="route_master" v="bus"/>
  <tag k="type" v="route_master"/>
 </relation>
 <relation id="12868384" visible="true" version="73" changeset="179359192" timestamp="2026-03-04T16:58:16Z" user="Dung6517" uid="23068156">
  <member type="node" ref="8850985964" role="platform_entry_only"/>
  <member type="node" ref="8852120920" role="platform"/>
  <member type="node" ref="8852120921" role="platform"/>
  <member type="node" ref="8852120922" role="platform"/>
  <member type="node" ref="8852120923" role="platform"/>
  <member type="node" ref="8852120924" role="platform"/>
  <member type="node" ref="7294677886" role="platform"/>
  <member type="node" ref="7294698285" role="platform"/>
  <member type="node" ref="4224823335" role="platform"/>
  <member type="node" ref="738815777" role="platform"/>
  <member type="node" ref="7294678089" role="platform"/>
  <member type="node" ref="8829926852" role="platform"/>
  <member type="node" ref="7298159285" role="platform"/>
  <member type="node" ref="8813408803" role="platform"/>
  <member type="node" ref="8808907343" role="platform"/>
  <member type="node" ref="7622858413" role="platform"/>
  <member type="node" ref="8829926853" role="platform"/>
  <member type="node" ref="8829926854" role="platform"/>
  <member type="node" ref="8829926855" role="platform"/>
  <member type="node" ref="738813809" role="platform"/>
  <member type="node" ref="8755733283" role="platform"/>
  <member type="node" ref="8755733284" role="platform"/>
  <member type="node" ref="444394999" role="platform"/>
  <member type="node" ref="8846689642" role="platform"/>
  <member type="node" ref="8846689643" role="platform"/>
  <member type="node" ref="8846689644" role="platform"/>
  <member type="node" ref="8846689645" role="platform"/>
  <member type="node" ref="8846689646" role="platform"/>
  <member type="node" ref="738814966" role="platform"/>
  <member type="node" ref="8755733290" role="platform"/>
  <member type="node" ref="738814934" role="platform"/>
  <member type="node" ref="8840893890" role="platform"/>
  <member type="node" ref="8840893891" role="platform"/>
  <member type="node" ref="738813325" role="platform"/>
  <member type="node" ref="8237141711" role="platform"/>
  <member type="node" ref="8852120926" role="platform"/>
  <member type="node" ref="8849027506" role="platform_exit_only"/>
  <member type="node" ref="8831420065" role="platform"/>
  <member type="node" ref="8900644425" role="platform"/>
  <member type="node" ref="11514018112" role="platform"/>
  <member type="node" ref="8741080065" role="platform"/>
  <member type="way" ref="164031179" role=""/>
  <member type="way" ref="790316701" role=""/>
  <member type="way" ref="492297039" role=""/>
  <member type="way" ref="1058951228" role=""/>
  <member type="way" ref="703127842" role=""/>
  <member type="way" ref="477077961" role=""/>
  <member type="way" ref="962177676" role=""/>
  <member type="way" ref="962177665" role=""/>
  <member type="way" ref="1448367787" role=""/>
  <member type="way" ref="962177664" role=""/>
  <member type="way" ref="1448367791" role=""/>
  <member type="way" ref="1239581815" role=""/>
  <member type="way" ref="1257108768" role=""/>
  <member type="way" ref="1257108769" role=""/>
  <member type="way" ref="116786031" role=""/>
  <member type="way" ref="1239581817" role=""/>
  <member type="way" ref="972951544" role=""/>
  <member type="way" ref="1197871299" role=""/>
  <member type="way" ref="953158820" role=""/>
  <member type="way" ref="857573728" role=""/>
  <member type="way" ref="954149164" role=""/>
  <member type="way" ref="954183033" role=""/>
  <member type="way" ref="964350837" role=""/>
  <member type="way" ref="1239575054" role=""/>
  <member type="way" ref="1431883622" role=""/>
  <member type="way" ref="1242935506" role=""/>
  <member type="way" ref="1411061249" role=""/>
  <member type="way" ref="1485431248" role=""/>
  <member type="way" ref="962215935" role=""/>
  <member type="way" ref="1411061250" role=""/>
  <member type="way" ref="973101807" role=""/>
  <member type="way" ref="1411062721" role=""/>
  <member type="way" ref="1411062723" role=""/>
  <member type="way" ref="1411063588" role=""/>
  <member type="way" ref="1411062724" role=""/>
  <member type="way" ref="1411063589" role=""/>
  <member type="way" ref="37559371" role=""/>
  <member type="way" ref="967878682" role=""/>
  <member type="way" ref="1178369251" role=""/>
  <member type="way" ref="1178369252" role=""/>
  <member type="way" ref="721496144" role=""/>
  <member type="way" ref="1098003233" role=""/>
  <member type="way" ref="721496143" role=""/>
  <member type="way" ref="1098003245" role=""/>
  <member type="way" ref="1098003234" role=""/>
  <member type="way" ref="965882630" role=""/>
  <member type="way" ref="1240344627" role=""/>
  <member type="way" ref="858369194" role=""/>
  <member type="way" ref="965882631" role=""/>
  <member type="way" ref="772663726" role=""/>
  <member type="way" ref="1359074566" role=""/>
  <member type="way" ref="1325575738" role=""/>
  <member type="way" ref="601522752" role=""/>
  <member type="way" ref="1240344628" role=""/>
  <member type="way" ref="703519574" role=""/>
  <member type="way" ref="1337871555" role=""/>
  <member type="way" ref="703519573" role=""/>
  <member type="way" ref="704942289" role=""/>
  <member type="way" ref="1163312635" role=""/>
  <member type="way" ref="815621263" role=""/>
  <member type="way" ref="703519572" role=""/>
  <member type="way" ref="816197481" role=""/>
  <member type="way" ref="704959984" role=""/>
  <member type="way" ref="703986437" role=""/>
  <member type="way" ref="704964051" role=""/>
  <member type="way" ref="898262239" role=""/>
  <member type="way" ref="1240663517" role=""/>
  <member type="way" ref="951694405" role=""/>
  <member type="way" ref="1000435074" role=""/>
  <member type="way" ref="962493746" role=""/>
  <member type="way" ref="948123041" role=""/>
  <member type="way" ref="703986436" role=""/>
  <member type="way" ref="704984905" role=""/>
  <member type="way" ref="704984904" role=""/>
  <member type="way" ref="704984906" role=""/>
  <member type="way" ref="704990515" role=""/>
  <member type="way" ref="704990516" role=""/>
  <member type="way" ref="704031049" role=""/>
  <member type="way" ref="704990514" role=""/>
  <member type="way" ref="704031050" role=""/>
  <member type="way" ref="704031047" role=""/>
  <member type="way" ref="1010846168" role=""/>
  <member type="way" ref="704031048" role=""/>
  <member type="way" ref="675481681" role=""/>
  <member type="way" ref="675481683" role=""/>
  <member type="way" ref="1373569363" role=""/>
  <member type="way" ref="702572984" role=""/>
  <member type="way" ref="702572983" role=""/>
  <member type="way" ref="702572998" role=""/>
  <member type="way" ref="464488488" role=""/>
  <member type="way" ref="1102812588" role=""/>
  <member type="way" ref="408828309" role=""/>
  <member type="way" ref="1304254918" role=""/>
  <member type="way" ref="1130829741" role=""/>
  <member type="way" ref="1139127116" role=""/>
  <member type="way" ref="1130838748" role=""/>
  <member type="way" ref="136259401" role=""/>
  <member type="way" ref="710355022" role=""/>
  <member type="way" ref="1270593817" role=""/>
  <member type="way" ref="1476408692" role=""/>
  <member type="way" ref="1476408693" role=""/>
  <member type="way" ref="599634317" role=""/>
  <member type="way" ref="599634399" role=""/>
  <member type="way" ref="814585068" role=""/>
  <member type="way" ref="709301564" role=""/>
  <member type="way" ref="945783773" role=""/>
  <member type="way" ref="702880302" role=""/>
  <member type="way" ref="709354465" role=""/>
  <member type="way" ref="706445529" role=""/>
  <member type="way" ref="955882984" role=""/>
  <member type="way" ref="706445530" role=""/>
  <member type="way" ref="1240365574" role=""/>
  <member type="way" ref="408780538" role=""/>
  <member type="way" ref="911435187" role=""/>
  <member type="way" ref="1094542159" role=""/>
  <member type="way" ref="709258847" role=""/>
  <member type="way" ref="408780568" role=""/>
  <member type="way" ref="1291700966" role=""/>
  <member type="way" ref="570582400" role=""/>
  <member type="way" ref="600485833" role=""/>
  <member type="way" ref="707885909" role=""/>
  <member type="way" ref="570582399" role=""/>
  <member type="way" ref="1238274480" role=""/>
  <member type="way" ref="1472390234" role=""/>
  <member type="way" ref="1381161255" role=""/>
  <member type="way" ref="374529797" role=""/>
  <member type="way" ref="600494887" role=""/>
  <member type="way" ref="11859996" role=""/>
  <member type="way" ref="1292590858" role=""/>
  <member type="way" ref="675212166" role=""/>
  <member type="way" ref="1290902310" role=""/>
  <member type="way" ref="945783749" role=""/>
  <member type="way" ref="11860361" role=""/>
  <member type="way" ref="945783750" role=""/>
  <member type="way" ref="1290902312" role=""/>
  <member type="way" ref="1290902311" role=""/>
  <member type="way" ref="600602489" role=""/>
  <member type="way" ref="1266070958" role=""/>
  <member type="way" ref="503891234" role=""/>
  <member type="way" ref="817491882" role=""/>
  <member type="way" ref="817491881" role=""/>
  <member type="way" ref="944100701" role=""/>
  <member type="way" ref="1239562749" role=""/>
  <member type="way" ref="956489652" role=""/>
  <member type="way" ref="223810449" role=""/>
  <member type="way" ref="11859540" role=""/>
  <member type="way" ref="956489654" role=""/>
  <member type="way" ref="1468752243" role=""/>
  <member type="way" ref="597114553" role=""/>
  <member type="way" ref="956489656" role=""/>
  <member type="way" ref="1239880095" role=""/>
  <member type="way" ref="597591438" role=""/>
  <member type="way" ref="956489659" role=""/>
  <member type="node" ref="7622910382" role="platform"/>
  <member type="node" ref="7622910383" role="platform"/>
  <member type="node" ref="11522353094" role="platform"/>
  <tag k="charge" v="12000 VND"/>
  <tag k="colour" v="#9cdd31"/>
  <tag k="fee" v="yes"/>
  <tag k="from" v="CV Nước Hồ Tây"/>
  <tag k="interval" v="00:15-00:20"/>
  <tag k="name" v="Công Viên Nước Hồ Tây - KĐT Pháp Vân, Tứ Hiệp"/>
  <tag k="name:en" v="Ho Tay Waterpark - Phap Van-Tu Hiep Urban Area"/>
  <tag k="network" v="Hanoibus"/>
  <tag k="opening_hours" v="Mo-Su 05:00-20:30"/>
  <tag k="operator" v="Công ty Bảo Yến"/>
  <tag k="public_transport:version" v="2"/>
  <tag k="ref" v="60A"/>
  <tag k="route" v="bus"/>
  <tag k="to" v="KĐT Pháp Vân, Tứ Hiệp"/>
  <tag k="type" v="route"/>
 </relation>
 <relation id="12926543" visible="true" version="75" changeset="183247213" timestamp="2026-05-27T09:58:41Z" user="Vmosnokia31" uid="23326231">
  <member type="node" ref="8807115895" role="platform_entry_only"/>
  <member type="node" ref="8807115903" role="platform"/>
  <member type="node" ref="8807115905" role="platform"/>
  <member type="node" ref="8807115906" role="platform"/>
  <member type="node" ref="8807115907" role="platform"/>
  <member type="node" ref="8807115908" role="platform"/>
  <member type="node" ref="6742138880" role="platform"/>
  <member type="node" ref="8807115909" role="platform"/>
  <member type="node" ref="8807115910" role="platform"/>
  <member type="node" ref="738813684" role="platform"/>
  <member type="node" ref="738814289" role="platform"/>
  <member type="node" ref="738815447" role="platform"/>
  <member type="node" ref="738814350" role="platform"/>
  <member type="node" ref="5118690560" role="platform"/>
  <member type="node" ref="8807115912" role="platform"/>
  <member type="node" ref="5118690545" role="platform"/>
  <member type="node" ref="5118690559" role="platform"/>
  <member type="node" ref="8807115913" role="platform"/>
  <member type="node" ref="738814364" role="platform"/>
  <member type="node" ref="738813748" role="platform"/>
  <member type="node" ref="8751624829" role="platform"/>
  <member type="node" ref="8751624830" role="platform"/>
  <member type="node" ref="8751624831" role="platform"/>
  <member type="node" ref="446044133" role="platform"/>
  <member type="node" ref="8349461377" role="platform"/>
  <member type="node" ref="8900275036" role="platform"/>
  <member type="node" ref="738815382" role="platform"/>
  <member type="node" ref="8895558438" role="platform"/>
  <member type="node" ref="738814494" role="platform"/>
  <member type="node" ref="738813232" role="platform"/>
  <member type="node" ref="8813408796" role="platform"/>
  <member type="node" ref="8813408797" role="platform"/>
  <member type="node" ref="11294871988" role="platform"/>
  <member type="node" ref="11684178765" role="platform_exit_only"/>
  <member type="node" ref="8807115904" role="platform"/>
  <member type="way" ref="267926261" role=""/>
  <member type="way" ref="953158827" role=""/>
  <member type="way" ref="598686004" role=""/>
  <member type="way" ref="598686006" role=""/>
  <member type="way" ref="136184188" role=""/>
  <member type="way" ref="951487931" role=""/>
  <member type="way" ref="1418050260" role=""/>
  <member type="way" ref="502809343" role=""/>
  <member type="way" ref="1418050261" role=""/>
  <member type="way" ref="1241275778" role=""/>
  <member type="way" ref="1241295992" role=""/>
  <member type="way" ref="1242757295" role=""/>
  <member type="way" ref="1178056057" role=""/>
  <member type="way" ref="954183032" role=""/>
  <member type="way" ref="951487932" role=""/>
  <member type="way" ref="954183016" role=""/>
  <member type="way" ref="327208854" role=""/>
  <member type="way" ref="515118399" role=""/>
  <member type="way" ref="515118400" role=""/>
  <member type="way" ref="501851911" role=""/>
  <member type="way" ref="501851910" role=""/>
  <member type="way" ref="1240455085" role=""/>
  <member type="way" ref="1240455076" role=""/>
  <member type="way" ref="397274989" role=""/>
  <member type="way" ref="506335722" role=""/>
  <member type="way" ref="704995430" role=""/>
  <member type="way" ref="704995429" role=""/>
  <member type="way" ref="251794092" role=""/>
  <member type="way" ref="1382445974" role=""/>
  <member type="way" ref="1448552961" role=""/>
  <member type="way" ref="704675414" role=""/>
  <member type="way" ref="1448552962" role=""/>
  <member type="way" ref="1411070643" role=""/>
  <member type="way" ref="1239010655" role=""/>
  <member type="way" ref="1448552963" role=""/>
  <member type="way" ref="1411071314" role=""/>
  <member type="way" ref="1445478400" role=""/>
  <member type="way" ref="704675412" role=""/>
  <member type="way" ref="704675411" role=""/>
  <member type="way" ref="1411071316" role=""/>
  <member type="way" ref="1448555133" role=""/>
  <member type="way" ref="702806760" role=""/>
  <member type="way" ref="1411072209" role=""/>
  <member type="way" ref="702806759" role=""/>
  <member type="way" ref="980632900" role=""/>
  <member type="way" ref="1445478406" role=""/>
  <member type="way" ref="962177664" role=""/>
  <member type="way" ref="1448367787" role=""/>
  <member type="way" ref="962177665" role=""/>
  <member type="way" ref="964879572" role=""/>
  <member type="way" ref="339331804" role=""/>
  <member type="way" ref="1058951222" role=""/>
  <member type="way" ref="477077960" role=""/>
  <member type="way" ref="1351988915" role=""/>
  <member type="way" ref="1226368795" role=""/>
  <member type="way" ref="1226368794" role=""/>
  <member type="way" ref="1215212810" role=""/>
  <member type="way" ref="1227174378" role=""/>
  <member type="way" ref="925424841" role=""/>
  <member type="way" ref="925424843" role=""/>
  <member type="way" ref="1304962756" role=""/>
  <member type="way" ref="164031250" role=""/>
  <member type="way" ref="944122211" role=""/>
  <member type="way" ref="964350828" role=""/>
  <member type="way" ref="492297083" role=""/>
  <member type="way" ref="964350838" role=""/>
  <member type="way" ref="400124203" role=""/>
  <member type="way" ref="965548422" role=""/>
  <member type="way" ref="1165593645" role=""/>
  <member type="way" ref="951487936" role=""/>
  <member type="way" ref="962177667" role=""/>
  <member type="way" ref="1010846167" role=""/>
  <member type="way" ref="207130527" role=""/>
  <member type="way" ref="202516833" role=""/>
  <member type="way" ref="817454548" role=""/>
  <member type="way" ref="1349483149" role=""/>
  <member type="way" ref="1347202118" role=""/>
  <member type="way" ref="708558062" role=""/>
  <member type="way" ref="1216675684" role=""/>
  <member type="way" ref="817461258" role=""/>
  <member type="way" ref="708565765" role=""/>
  <member type="way" ref="967878668" role=""/>
  <member type="way" ref="967878669" role=""/>
  <member type="way" ref="704479490" role=""/>
  <member type="way" ref="1240355962" role=""/>
  <member type="way" ref="1177187695" role=""/>
  <member type="way" ref="707305432" role=""/>
  <member type="way" ref="704479486" role=""/>
  <member type="way" ref="1466373283" role=""/>
  <member type="way" ref="706798106" role=""/>
  <member type="way" ref="946030653" role=""/>
  <member type="way" ref="1218947562" role=""/>
  <member type="way" ref="1218947565" role=""/>
  <member type="way" ref="1078449398" role=""/>
  <member type="way" ref="1218947564" role=""/>
  <member type="way" ref="1218947563" role=""/>
  <member type="way" ref="28945482" role=""/>
  <member type="way" ref="707354681" role=""/>
  <member type="way" ref="945322254" role=""/>
  <member type="way" ref="711400669" role=""/>
  <member type="way" ref="965992922" role=""/>
  <member type="way" ref="711400670" role=""/>
  <member type="way" ref="1040753543" role=""/>
  <member type="way" ref="710264445" role=""/>
  <member type="way" ref="710271827" role=""/>
  <member type="way" ref="1204906467" role=""/>
  <member type="way" ref="710279560" role=""/>
  <member type="way" ref="710279559" role=""/>
  <member type="way" ref="621977218" role=""/>
  <member type="way" ref="708995000" role=""/>
  <member type="way" ref="1298270941" role=""/>
  <member type="way" ref="708944664" role=""/>
  <member type="way" ref="708903075" role=""/>
  <member type="way" ref="708960888" role=""/>
  <member type="way" ref="1240199914" role=""/>
  <member type="way" ref="506383095" role=""/>
  <member type="way" ref="711109718" role=""/>
  <member type="way" ref="683855297" role=""/>
  <member type="way" ref="710298223" role=""/>
  <member type="way" ref="964868047" role=""/>
  <member type="way" ref="36869877" role=""/>
  <member type="way" ref="945322256" role=""/>
  <member type="way" ref="702919616" role=""/>
  <member type="way" ref="600037925" role=""/>
  <member type="way" ref="962177670" role=""/>
  <member type="way" ref="947077275" role=""/>
  <member type="way" ref="156006452" role=""/>
  <member type="way" ref="29313247" role=""/>
  <member type="way" ref="962177671" role=""/>
  <member type="way" ref="136258914" role=""/>
  <member type="way" ref="711379743" role=""/>
  <member type="way" ref="711379742" role=""/>
  <member type="way" ref="37370971" role=""/>
  <member type="way" ref="708964307" role=""/>
  <member type="way" ref="708964306" role=""/>
  <member type="way" ref="965574225" role=""/>
  <member type="way" ref="178102535" role=""/>
  <member type="way" ref="965574224" role=""/>
  <member type="way" ref="704595021" role=""/>
  <member type="way" ref="37370975" role=""/>
  <member type="way" ref="1339713739" role=""/>
  <member type="way" ref="37371052" role=""/>
  <member type="way" ref="705782098" role=""/>
  <member type="way" ref="957062224" role=""/>
  <member type="way" ref="926182259" role=""/>
  <member type="way" ref="705794060" role=""/>
  <member type="way" ref="705792272" role=""/>
  <member type="way" ref="1374079590" role=""/>
  <member type="way" ref="705792271" role=""/>
  <member type="way" ref="706502081" role=""/>
  <member type="way" ref="705812474" role=""/>
  <member type="way" ref="1300236737" role=""/>
  <member type="way" ref="1298906827" role=""/>
  <member type="way" ref="1390293016" role=""/>
  <member type="way" ref="705812470" role=""/>
  <member type="way" ref="705812469" role=""/>
  <member type="way" ref="223807109" role=""/>
  <member type="way" ref="703496255" role=""/>
  <member type="way" ref="705812473" role=""/>
  <member type="way" ref="945322271" role=""/>
  <member type="way" ref="599514302" role=""/>
  <member type="way" ref="948022933" role=""/>
  <member type="way" ref="1094284100" role=""/>
  <tag k="charge" v="12000 VND"/>
  <tag k="colour" v="#27baff"/>
  <tag k="fee" v="yes"/>
  <tag k="from" v="Bệnh viện Nhiệt đới Trung ương cơ sở 2"/>
  <tag k="interval" v="00:11-00:25"/>
  <tag k="name" v="Bệnh viện Nhiệt đới Trung ương cơ sở 2 - Bến xe Giáp Bát"/>
  <tag k="name:en" v="National Hospital for Tropical Diseases II - Giap Bat Bus Station"/>
  <tag k="network" v="Hanoibus"/>
  <tag k="opening_hours" v="Mo-Su 05:00-21:10"/>
  <tag k="operator" v="Công ty cổ phần xe điện"/>
  <tag k="public_transport:version" v="2"/>
  <tag k="ref" v="25"/>
  <tag k="route" v="bus"/>
  <tag k="to" v="Bến xe Giáp Bát"/>
  <tag k="type" v="route"/>
 </relation>
 <relation id="12926545" visible="true" version="2" changeset="148124004" timestamp="2024-03-02T09:56:45Z" user="edumiz624" uid="20881381">
  <member type="relation" ref="12926543" role=""/>
  <member type="relation" ref="12926544" role=""/>
  <tag k="name" v="Bệnh viện Nhiệt đới Trung ương cơ sở 2 - Bến xe Giáp Bát"/>
  <tag k="name:en" v="National Hospital for Tropical Diseases II - Giap Bat Bus Station"/>
  <tag k="network" v="Hanoibus"/>
  <tag k="operator" v="Công ty cổ phần xe điện"/>
  <tag k="ref" v="25"/>
  <tag k="route_master" v="bus"/>
  <tag k="type" v="route_master"/>
 </relation>
 <relation id="12992621" visible="true" version="93" changeset="179967402" timestamp="2026-03-16T19:06:44Z" user="ZioDragon" uid="13799024">
  <member type="node" ref="5404990957" role="platform_entry_only"/>
  <member type="node" ref="8927363887" role="platform"/>
  <member type="node" ref="8927529643" role="platform"/>
  <member type="node" ref="8807115911" role="platform"/>
  <member type="node" ref="8813408792" role="platform"/>
  <member type="node" ref="444394752" role="platform"/>
  <member type="node" ref="444394979" role="platform"/>
  <member type="node" ref="444394950" role="platform"/>
  <member type="node" ref="8770675680" role="platform"/>
  <member type="node" ref="8741301518" role="platform"/>
  <member type="node" ref="738815241" role="platform"/>
  <member type="node" ref="8813408789" role="platform"/>
  <member type="node" ref="738813341" role="platform"/>
  <member type="node" ref="8770675682" role="platform"/>
  <member type="node" ref="8770675685" role="platform"/>
  <member type="node" ref="10028987068" role="platform_exit_only"/>
  <member type="way" ref="954183024" role=""/>
  <member type="way" ref="1458347190" role=""/>
  <member type="way" ref="37378700" role=""/>
  <member type="way" ref="334163421" role=""/>
  <member type="way" ref="1239880085" role=""/>
  <member type="way" ref="490491337" role=""/>
  <member type="way" ref="965556089" role=""/>
  <member type="way" ref="1458819758" role=""/>
  <member type="way" ref="965648762" role=""/>
  <member type="way" ref="965648764" role=""/>
  <member type="way" ref="965648765" role=""/>
  <member type="way" ref="965041072" role=""/>
  <member type="way" ref="372403782" role=""/>
  <member type="way" ref="1376086605" role=""/>
  <member type="way" ref="1376086604" role=""/>
  <member type="way" ref="501292506" role=""/>
  <member type="way" ref="501182907" role=""/>
  <member type="way" ref="965041074" role=""/>
  <member type="way" ref="965041073" role=""/>
  <member type="way" ref="965041086" role=""/>
  <member type="way" ref="1243235532" role=""/>
  <member type="way" ref="372403784" role=""/>
  <member type="way" ref="965041077" role=""/>
  <member type="way" ref="965419838" role=""/>
  <member type="way" ref="501182905" role=""/>
  <member type="way" ref="1245590610" role=""/>
  <member type="way" ref="965419840" role=""/>
  <member type="way" ref="965410958" role=""/>
  <member type="way" ref="501182899" role=""/>
  <member type="way" ref="372403777" role=""/>
  <member type="way" ref="600485020" role=""/>
  <member type="way" ref="600485019" role=""/>
  <member type="way" ref="372403778" role=""/>
  <member type="way" ref="769781646" role=""/>
  <member type="way" ref="597133371" role=""/>
  <member type="way" ref="1120342820" role=""/>
  <member type="way" ref="1239880087" role=""/>
  <member type="way" ref="965041089" role=""/>
  <member type="way" ref="1120342799" role=""/>
  <member type="way" ref="965041091" role=""/>
  <member type="way" ref="1120342810" role=""/>
  <member type="way" ref="966127166" role=""/>
  <member type="way" ref="1377779263" role=""/>
  <member type="way" ref="1377779262" role=""/>
  <member type="way" ref="1120342794" role=""/>
  <member type="way" ref="1120342792" role=""/>
  <member type="way" ref="1001590482" role=""/>
  <member type="way" ref="1120342790" role=""/>
  <member type="way" ref="1120342784" role=""/>
  <member type="way" ref="1120342785" role=""/>
  <member type="way" ref="1120342786" role=""/>
  <member type="way" ref="769781645" role=""/>
  <member type="way" ref="1280914001" role=""/>
  <member type="way" ref="1239830452" role=""/>
  <member type="way" ref="1120342767" role=""/>
  <member type="way" ref="1120342760" role=""/>
  <member type="way" ref="1120342759" role=""/>
  <member type="way" ref="965703828" role=""/>
  <member type="way" ref="596788182" role=""/>
  <member type="way" ref="596788174" role=""/>
  <member type="way" ref="420552603" role=""/>
  <member type="way" ref="1181923858" role=""/>
  <member type="way" ref="420552595" role=""/>
  <member type="way" ref="348279083" role=""/>
  <member type="way" ref="515118387" role=""/>
  <member type="way" ref="1120342756" role=""/>
  <member type="way" ref="515118391" role=""/>
  <member type="way" ref="1120342754" role=""/>
  <member type="way" ref="515118369" role=""/>
  <member type="way" ref="515118368" role=""/>
  <member type="way" ref="502809386" role=""/>
  <member type="way" ref="1120342751" role=""/>
  <member type="way" ref="348279086" role=""/>
  <member type="way" ref="740096341" role=""/>
  <member type="way" ref="420552611" role=""/>
  <member type="way" ref="529188249" role=""/>
  <member type="way" ref="529188248" role=""/>
  <member type="way" ref="1008813938" role=""/>
  <member type="way" ref="704999942" role=""/>
  <member type="way" ref="951487935" role=""/>
  <member type="way" ref="506335722" role=""/>
  <member type="way" ref="704995430" role=""/>
  <member type="way" ref="704995429" role=""/>
  <member type="way" ref="251794092" role=""/>
  <member type="way" ref="1382445974" role=""/>
  <member type="way" ref="1448552961" role=""/>
  <member type="way" ref="704675414" role=""/>
  <member type="way" ref="1448552962" role=""/>
  <member type="way" ref="1411070643" role=""/>
  <member type="way" ref="1239010655" role=""/>
  <member type="way" ref="1448552963" role=""/>
  <member type="way" ref="1411071314" role=""/>
  <member type="way" ref="1445478400" role=""/>
  <member type="way" ref="704675412" role=""/>
  <member type="way" ref="704675411" role=""/>
  <member type="way" ref="1411071316" role=""/>
  <member type="way" ref="1448555133" role=""/>
  <member type="way" ref="702806760" role=""/>
  <member type="way" ref="1411072209" role=""/>
  <member type="way" ref="702806759" role=""/>
  <member type="way" ref="980632900" role=""/>
  <member type="way" ref="1448367792" role=""/>
  <member type="way" ref="1448367794" role=""/>
  <member type="way" ref="1445478405" role=""/>
  <member type="way" ref="1445478405" role=""/>
  <member type="way" ref="1448367794" role=""/>
  <member type="way" ref="954341844" role=""/>
  <member type="way" ref="954341843" role=""/>
  <member type="way" ref="330357143" role=""/>
  <member type="way" ref="702806754" role=""/>
  <member type="way" ref="1448367796" role=""/>
  <member type="way" ref="1445478410" role=""/>
  <member type="way" ref="1058951229" role=""/>
  <member type="way" ref="1445478413" role=""/>
  <member type="way" ref="703961132" role=""/>
  <member type="way" ref="703961131" role=""/>
  <member type="way" ref="703965599" role=""/>
  <member type="way" ref="703976181" role=""/>
  <member type="way" ref="1411141087" role=""/>
  <member type="way" ref="615692217" role=""/>
  <member type="way" ref="486370016" role=""/>
  <member type="way" ref="703978561" role=""/>
  <member type="way" ref="964350828" role=""/>
  <member type="way" ref="492297083" role=""/>
  <member type="way" ref="964350838" role=""/>
  <member type="way" ref="400124203" role=""/>
  <member type="way" ref="965548422" role=""/>
  <member type="way" ref="1165593645" role=""/>
  <member type="way" ref="951487936" role=""/>
  <member type="way" ref="962177667" role=""/>
  <member type="way" ref="1010846167" role=""/>
  <member type="way" ref="616545698" role=""/>
  <member type="way" ref="1121703584" role=""/>
  <member type="way" ref="704933929" role=""/>
  <member type="way" ref="704938984" role=""/>
  <member type="way" ref="704938983" role=""/>
  <member type="way" ref="35972313" role=""/>
  <member type="way" ref="974551789" role=""/>
  <member type="way" ref="961685425" role=""/>
  <member type="way" ref="1121703580" role=""/>
  <member type="way" ref="704967125" role=""/>
  <member type="way" ref="704967126" role=""/>
  <member type="way" ref="711129810" role=""/>
  <member type="way" ref="701436151" role=""/>
  <member type="way" ref="704701608" role=""/>
  <member type="way" ref="701450363" role=""/>
  <member type="way" ref="711138888" role=""/>
  <member type="way" ref="711138887" role=""/>
  <member type="way" ref="707457431" role=""/>
  <member type="way" ref="711138885" role=""/>
  <member type="way" ref="711138886" role=""/>
  <member type="way" ref="707457430" role=""/>
  <member type="way" ref="707457429" role=""/>
  <member type="way" ref="59150924" role=""/>
  <member type="way" ref="809125943" role=""/>
  <member type="way" ref="705794896" role=""/>
  <member type="way" ref="600083153" role=""/>
  <member type="way" ref="208162320" role=""/>
  <member type="way" ref="705794897" role=""/>
  <member type="way" ref="711366277" role=""/>
  <member type="way" ref="600083145" role=""/>
  <member type="way" ref="711367345" role=""/>
  <member type="way" ref="1012665676" role=""/>
  <member type="way" ref="35972593" role=""/>
  <member type="way" ref="597543673" role=""/>
  <member type="way" ref="961861921" role=""/>
  <member type="way" ref="708649102" role=""/>
  <member type="way" ref="708649103" role=""/>
  <member type="way" ref="1393164065" role=""/>
  <member type="way" ref="616838547" role=""/>
  <member type="way" ref="954882991" role=""/>
  <member type="way" ref="1123561349" role=""/>
  <member type="way" ref="711367572" role=""/>
  <member type="way" ref="1123561350" role=""/>
  <member type="way" ref="711367571" role=""/>
  <member type="way" ref="711367568" role=""/>
  <member type="way" ref="945783757" role=""/>
  <member type="way" ref="955201202" role=""/>
  <member type="way" ref="106053500" role=""/>
  <member type="way" ref="948123043" role=""/>
  <member type="way" ref="1241122649" role=""/>
  <member type="way" ref="1182476806" role=""/>
  <member type="way" ref="711431923" role=""/>
  <member type="way" ref="929495373" role=""/>
  <member type="way" ref="814585068" role=""/>
  <member type="way" ref="709301564" role=""/>
  <member type="way" ref="945783773" role=""/>
  <member type="way" ref="702880302" role=""/>
  <member type="way" ref="399820831" role=""/>
  <member type="way" ref="711700503" role=""/>
  <member type="way" ref="457757021" role=""/>
  <member type="way" ref="1290144946" role=""/>
  <member type="way" ref="1466411476" role=""/>
  <member type="way" ref="239370942" role=""/>
  <member type="way" ref="974572935" role=""/>
  <member type="way" ref="1242183437" role=""/>
  <member type="way" ref="693652773" role=""/>
  <member type="way" ref="1305064571" role=""/>
  <member type="way" ref="1109636292" role=""/>
  <member type="way" ref="1335957666" role=""/>
  <member type="way" ref="1326204766" role=""/>
  <member type="way" ref="220005738" role=""/>
  <member type="way" ref="616826560" role=""/>
  <member type="way" ref="344413424" role=""/>
  <member type="way" ref="972911787" role=""/>
  <member type="way" ref="1266442397" role=""/>
  <member type="way" ref="1343935603" role=""/>
  <member type="way" ref="344413423" role=""/>
  <member type="way" ref="965548423" role=""/>
  <member type="way" ref="974551794" role=""/>
  <member type="way" ref="1204837531" role=""/>
  <member type="way" ref="885892457" role=""/>
  <member type="way" ref="1242168118" role=""/>
  <member type="way" ref="973215956" role=""/>
  <member type="way" ref="599507486" role=""/>
  <member type="way" ref="599507487" role=""/>
  <member type="way" ref="599998773" role=""/>
  <member type="way" ref="1445478414" role=""/>
  <tag k="charge" v="50000 VND"/>
  <tag k="colour" v="#f36928"/>
  <tag k="fee" v="yes"/>
  <tag k="from" v="Sân bay Nội Bài"/>
  <tag k="interval" v="00:30"/>
  <tag k="name" v="Sân bay Nội Bài - Hà Đông (Bến xe Yên Nghĩa)"/>
  <tag k="name:en" v="Noi Bai International Airport - Yen Nghia Bus Station"/>
  <tag k="network" v="Hanoibus"/>
  <tag k="opening_hours" v="Mo-Su 00:15-22:00"/>
  <tag k="operator" v="Xí nghiệp Xe buýt nhanh BRT Hà Nội"/>
  <tag k="public_transport:version" v="2"/>
  <tag k="ref" v="68"/>
  <tag k="route" v="bus"/>
  <tag k="to" v="Bến xe Yên Nghĩa"/>
  <tag k="type" v="route"/>
 </relation>
 <relation id="12992622" visible="true" version="4" changeset="173777355" timestamp="2025-10-26T01:29:46Z" user="edumiz624" uid="20881381">
  <member type="relation" ref="12991032" role=""/>
  <member type="relation" ref="12992621" role=""/>
  <tag k="name" v="Hà Đông (Bến xe Yên Nghĩa) ↔ Sân bay Nội Bài"/>
  <tag k="name:en" v="Yen Nghia Bus Station - Noi Bai International Airport"/>
  <tag k="network" v="Hanoibus"/>
  <tag k="operator" v="Xí nghiệp xe buýt nhanh BRT Hà Nội"/>
  <tag k="ref" v="68"/>
  <tag k="route_master" v="bus"/>
  <tag k="type" v="route_master"/>
 </relation>
 <relation id="13002700" visible="true" version="67" changeset="181708185" timestamp="2026-04-23T09:26:08Z" user="edumiz624" uid="20881381">
  <member type="node" ref="7194734187" role="platform_entry_only"/>
  <member type="node" ref="5404990957" role="platform"/>
  <member type="node" ref="8927529643" role="platform"/>
  <member type="node" ref="11518979146" role="platform"/>
  <member type="node" ref="8831420055" role="platform"/>
  <member type="node" ref="8933730773" role="platform"/>
  <member type="node" ref="6742138880" role="platform"/>
  <member type="node" ref="8807115909" role="platform"/>
  <member type="node" ref="8807115910" role="platform"/>
  <member type="node" ref="738813684" role="platform"/>
  <member type="node" ref="738814289" role="platform"/>
  <member type="node" ref="738815447" role="platform"/>
  <member type="node" ref="738814350" role="platform"/>
  <member type="node" ref="5118690560" role="platform"/>
  <member type="node" ref="8807115912" role="platform"/>
  <member type="node" ref="5118690545" role="platform"/>
  <member type="node" ref="5118690559" role="platform"/>
  <member type="node" ref="738815241" role="platform"/>
  <member type="node" ref="738815799" role="platform"/>
  <member type="node" ref="738815835" role="platform"/>
  <member type="node" ref="738814364" role="platform"/>
  <member type="node" ref="11294871987" role="platform"/>
  <member type="node" ref="738813748" role="platform"/>
  <member type="node" ref="8936462893" role="platform_exit_only"/>
  <member type="node" ref="13159384053" role="platform"/>
  <member type="way" ref="965992924" role=""/>
  <member type="way" ref="965410962" role=""/>
  <member type="way" ref="965827649" role=""/>
  <member type="way" ref="372403786" role=""/>
  <member type="way" ref="965419841" role=""/>
  <member type="way" ref="965410958" role=""/>
  <member type="way" ref="501182899" role=""/>
  <member type="way" ref="372403777" role=""/>
  <member type="way" ref="600485020" role=""/>
  <member type="way" ref="600485019" role=""/>
  <member type="way" ref="372403778" role=""/>
  <member type="way" ref="769781646" role=""/>
  <member type="way" ref="1280914002" role=""/>
  <member type="way" ref="1382445232" role=""/>
  <member type="way" ref="965530354" role=""/>
  <member type="way" ref="1120342810" role=""/>
  <member type="way" ref="966127166" role=""/>
  <member type="way" ref="1377779263" role=""/>
  <member type="way" ref="1377779262" role=""/>
  <member type="way" ref="1120342794" role=""/>
  <member type="way" ref="1120342792" role=""/>
  <member type="way" ref="1001590482" role=""/>
  <member type="way" ref="1120342790" role=""/>
  <member type="way" ref="1120342774" role=""/>
  <member type="way" ref="1241374525" role=""/>
  <member type="way" ref="965041071" role=""/>
  <member type="way" ref="1458819767" role=""/>
  <member type="way" ref="1107393756" role=""/>
  <member type="way" ref="965408119" role=""/>
  <member type="way" ref="954183022" role=""/>
  <member type="way" ref="965556087" role=""/>
  <member type="way" ref="965634314" role=""/>
  <member type="way" ref="965061469" role=""/>
  <member type="way" ref="954183023" role=""/>
  <member type="way" ref="1245590612" role=""/>
  <member type="way" ref="954183024" role=""/>
  <member type="way" ref="1458347190" role=""/>
  <member type="way" ref="37378700" role=""/>
  <member type="way" ref="334163421" role=""/>
  <member type="way" ref="1239880085" role=""/>
  <member type="way" ref="490491337" role=""/>
  <member type="way" ref="965556089" role=""/>
  <member type="way" ref="1458819758" role=""/>
  <member type="way" ref="965648762" role=""/>
  <member type="way" ref="965648764" role=""/>
  <member type="way" ref="965648765" role=""/>
  <member type="way" ref="966127173" role=""/>
  <member type="way" ref="1120342812" role=""/>
  <member type="way" ref="966186416" role=""/>
  <member type="way" ref="1120342821" role=""/>
  <member type="way" ref="1196013064" role=""/>
  <member type="way" ref="965041089" role=""/>
  <member type="way" ref="1120342799" role=""/>
  <member type="way" ref="966127175" role=""/>
  <member type="way" ref="1382445232" role=""/>
  <member type="way" ref="954183020" role=""/>
  <member type="way" ref="1377779259" role=""/>
  <member type="way" ref="1377779261" role=""/>
  <member type="way" ref="965703827" role=""/>
  <member type="way" ref="1001590480" role=""/>
  <member type="way" ref="1120342769" role=""/>
  <member type="way" ref="1241374524" role=""/>
  <member type="way" ref="1001590479" role=""/>
  <member type="way" ref="1280914000" role=""/>
  <member type="way" ref="1239880089" role=""/>
  <member type="way" ref="1120342767" role=""/>
  <member type="way" ref="1120342760" role=""/>
  <member type="way" ref="1120342759" role=""/>
  <member type="way" ref="965703828" role=""/>
  <member type="way" ref="596788182" role=""/>
  <member type="way" ref="596788174" role=""/>
  <member type="way" ref="420552603" role=""/>
  <member type="way" ref="1181923858" role=""/>
  <member type="way" ref="420552595" role=""/>
  <member type="way" ref="348279083" role=""/>
  <member type="way" ref="515118387" role=""/>
  <member type="way" ref="1120342756" role=""/>
  <member type="way" ref="515118391" role=""/>
  <member type="way" ref="1120342754" role=""/>
  <member type="way" ref="515118369" role=""/>
  <member type="way" ref="515118368" role=""/>
  <member type="way" ref="502809386" role=""/>
  <member type="way" ref="1120342751" role=""/>
  <member type="way" ref="348279086" role=""/>
  <member type="way" ref="740096341" role=""/>
  <member type="way" ref="420552611" role=""/>
  <member type="way" ref="529188249" role=""/>
  <member type="way" ref="529188248" role=""/>
  <member type="way" ref="1008813938" role=""/>
  <member type="way" ref="704999942" role=""/>
  <member type="way" ref="951487935" role=""/>
  <member type="way" ref="506335722" role=""/>
  <member type="way" ref="704995430" role=""/>
  <member type="way" ref="704995429" role=""/>
  <member type="way" ref="251794092" role=""/>
  <member type="way" ref="1382445974" role=""/>
  <member type="way" ref="1448552961" role=""/>
  <member type="way" ref="704675414" role=""/>
  <member type="way" ref="1448552962" role=""/>
  <member type="way" ref="1411070643" role=""/>
  <member type="way" ref="1239010655" role=""/>
  <member type="way" ref="1448552963" role=""/>
  <member type="way" ref="1411071314" role=""/>
  <member type="way" ref="1445478400" role=""/>
  <member type="way" ref="704675412" role=""/>
  <member type="way" ref="704675411" role=""/>
  <member type="way" ref="1411071316" role=""/>
  <member type="way" ref="1448555133" role=""/>
  <member type="way" ref="702806760" role=""/>
  <member type="way" ref="1411072209" role=""/>
  <member type="way" ref="702806759" role=""/>
  <member type="way" ref="980632900" role=""/>
  <member type="way" ref="1445478406" role=""/>
  <member type="way" ref="962177664" role=""/>
  <member type="way" ref="1448367787" role=""/>
  <member type="way" ref="962177665" role=""/>
  <member type="way" ref="964879572" role=""/>
  <member type="way" ref="339331804" role=""/>
  <member type="way" ref="1058951222" role=""/>
  <member type="way" ref="477077960" role=""/>
  <member type="way" ref="1351988915" role=""/>
  <member type="way" ref="1226368795" role=""/>
  <member type="way" ref="1226368794" role=""/>
  <member type="way" ref="1215212810" role=""/>
  <member type="way" ref="1227174378" role=""/>
  <member type="way" ref="925424841" role=""/>
  <member type="way" ref="925424843" role=""/>
  <member type="way" ref="1304962756" role=""/>
  <member type="way" ref="164031250" role=""/>
  <member type="way" ref="944122211" role=""/>
  <member type="way" ref="964350828" role=""/>
  <member type="way" ref="492297083" role=""/>
  <member type="way" ref="964350838" role=""/>
  <member type="way" ref="400124203" role=""/>
  <member type="way" ref="965548422" role=""/>
  <member type="way" ref="1165593645" role=""/>
  <member type="way" ref="951487936" role=""/>
  <member type="way" ref="962177667" role=""/>
  <member type="way" ref="1010846167" role=""/>
  <member type="way" ref="616545698" role=""/>
  <member type="way" ref="1121703584" role=""/>
  <member type="way" ref="1121703583" role=""/>
  <member type="way" ref="954542127" role=""/>
  <member type="way" ref="35841479" role=""/>
  <member type="way" ref="1355183493" role=""/>
  <member type="way" ref="1197003501" role=""/>
  <member type="way" ref="1197003494" role=""/>
  <member type="way" ref="1197003488" role=""/>
  <member type="way" ref="1197003500" role=""/>
  <member type="way" ref="343741881" role=""/>
  <member type="way" ref="675914857" role=""/>
  <member type="way" ref="704479890" role=""/>
  <member type="way" ref="36850859" role=""/>
  <member type="way" ref="708558067" role=""/>
  <member type="way" ref="708558066" role=""/>
  <member type="way" ref="1216675684" role=""/>
  <member type="way" ref="817461258" role=""/>
  <member type="way" ref="708565765" role=""/>
  <member type="way" ref="967878668" role=""/>
  <member type="way" ref="967878669" role=""/>
  <member type="way" ref="704479490" role=""/>
  <member type="way" ref="1240355962" role=""/>
  <member type="way" ref="1177187695" role=""/>
  <member type="way" ref="707305432" role=""/>
  <member type="way" ref="704479486" role=""/>
  <member type="way" ref="1466373283" role=""/>
  <member type="way" ref="706798106" role=""/>
  <member type="way" ref="946030653" role=""/>
  <member type="way" ref="1218947562" role=""/>
  <member type="way" ref="1218947565" role=""/>
  <member type="way" ref="1078449398" role=""/>
  <member type="way" ref="1218947564" role=""/>
  <member type="way" ref="1218947563" role=""/>
  <member type="way" ref="28945482" role=""/>
  <member type="way" ref="707354681" role=""/>
  <member type="way" ref="945322254" role=""/>
  <member type="way" ref="711400669" role=""/>
  <member type="way" ref="965992922" role=""/>
  <tag k="charge" v="15000 VND"/>
  <tag k="colour" v="#9cdd31"/>
  <tag k="from" v="Sân bay Nội Bài"/>
  <tag k="interval" v="00:20"/>
  <tag k="name" v="Sân bay Nội Bài - Cầu Nhật Tân - Hào Nam"/>
  <tag k="name:en" v="Noi Bai International Airport - Nhat Tan Bridge - Hao Nam Street"/>
  <tag k="network" v="Hanoibus"/>
  <tag k="opening_hours" v="Mo-Su 06:40-22:30"/>
  <tag k="operator" v="Xí nghiệp Xe buýt Yên Viên"/>
  <tag k="public_transport:version" v="2"/>
  <tag k="ref" v="90"/>
  <tag k="route" v="bus"/>
  <tag k="to" v="Hào Nam"/>
  <tag k="type" v="route"/>
  <tag k="via" v="Cầu Nhật Tân"/>
 </relation>
 <relation id="13002701" visible="true" version="3" changeset="148375019" timestamp="2024-03-08T09:40:20Z" user="edumiz624" uid="20881381">
  <member type="relation" ref="13002700" role=""/>
  <member type="relation" ref="12999023" role=""/>
  <tag k="name" v="Hào Nam - Cầu Nhật Tân - Sân bay Nội Bài"/>
  <tag k="name:en" v="Hao Nam Street - Nhat Tan Bridge - Noi Bai International Airport"/>
  <tag k="network" v="Hanoibus"/>
  <tag k="operator" v="Xí Nghiệp Xe Buýt Yên Viên"/>
  <tag k="ref" v="90"/>
  <tag k="route_master" v="bus"/>
  <tag k="type" v="route_master"/>
 </relation>
 <relation id="14741388" visible="true" version="78" changeset="182628978" timestamp="2026-05-14T04:54:50Z" user="Hung Tran 9x0" uid="20910140">
  <member type="node" ref="8205232235" role="platform"/>
  <member type="node" ref="8205232236" role="platform"/>
  <member type="node" ref="8895558431" role="platform"/>
  <member type="node" ref="738813681" role="platform"/>
  <member type="node" ref="8895558432" role="platform"/>
  <member type="node" ref="738813333" role="platform"/>
  <member type="node" ref="738813618" role="platform"/>
  <member type="node" ref="738815423" role="platform"/>
  <member type="node" ref="738813348" role="platform"/>
  <member type="node" ref="738813973" role="platform"/>
  <member type="node" ref="446044145" role="platform"/>
  <member type="node" ref="738813572" role="platform"/>
  <member type="node" ref="8822946773" role="platform"/>
  <member type="node" ref="8822946774" role="platform"/>
  <member type="node" ref="8903312084" role="platform"/>
  <member type="node" ref="8822946776" role="platform"/>
  <member type="node" ref="738813803" role="platform"/>
  <member type="node" ref="8807115909" role="platform"/>
  <member type="node" ref="8807115910" role="platform"/>
  <member type="node" ref="8807115911" role="platform"/>
  <member type="node" ref="11522353095" role="platform"/>
  <member type="node" ref="9903402687" role="platform"/>
  <member type="node" ref="9903402688" role="platform"/>
  <member type="node" ref="9903402689" role="platform"/>
  <member type="node" ref="11524504074" role="platform"/>
  <member type="node" ref="11524504075" role="platform"/>
  <member type="node" ref="11524504076" role="platform_exit_only"/>
  <member type="node" ref="11684178764" role="platform_entry_only"/>
  <member type="node" ref="738813415" role="platform"/>
  <member type="node" ref="738815293" role="platform"/>
  <member type="node" ref="12176717405" role="platform"/>
  <member type="node" ref="12176717406" role="platform"/>
  <member type="node" ref="738815168" role="platform"/>
  <member type="node" ref="12167250980" role="platform"/>
  <member type="node" ref="8920049636" role="platform"/>
  <member type="node" ref="738814318" role="platform"/>
  <member type="node" ref="8831817110" role="platform"/>
  <member type="node" ref="8822946771" role="platform"/>
  <member type="node" ref="8822946772" role="platform"/>
  <member type="node" ref="4559411156" role="platform"/>
  <member type="way" ref="130000952" role=""/>
  <member type="way" ref="1241683316" role=""/>
  <member type="way" ref="577608458" role=""/>
  <member type="way" ref="1240408558" role=""/>
  <member type="way" ref="962215932" role=""/>
  <member type="way" ref="771816332" role=""/>
  <member type="way" ref="1498689773" role=""/>
  <member type="way" ref="777204502" role=""/>
  <member type="way" ref="1066755970" role=""/>
  <member type="way" ref="777204499" role=""/>
  <member type="way" ref="415813826" role=""/>
  <member type="way" ref="1128183484" role=""/>
  <member type="way" ref="1128183483" role=""/>
  <member type="way" ref="1128183482" role=""/>
  <member type="way" ref="1240408555" role=""/>
  <member type="way" ref="701906906" role=""/>
  <member type="way" ref="1507497581" role=""/>
  <member type="way" ref="701919974" role=""/>
  <member type="way" ref="701919973" role=""/>
  <member type="way" ref="415813818" role=""/>
  <member type="way" ref="1420212479" role=""/>
  <member type="way" ref="1420212481" role=""/>
  <member type="way" ref="1420212477" role=""/>
  <member type="way" ref="1420212480" role=""/>
  <member type="way" ref="597551567" role=""/>
  <member type="way" ref="1420212484" role=""/>
  <member type="way" ref="1420212486" role=""/>
  <member type="way" ref="1240205397" role=""/>
  <member type="way" ref="1353090522" role=""/>
  <member type="way" ref="488397485" role=""/>
  <member type="way" ref="556389824" role=""/>
  <member type="way" ref="330357143" role=""/>
  <member type="way" ref="1445478405" role=""/>
  <member type="way" ref="1448367794" role=""/>
  <member type="way" ref="1448367792" role=""/>
  <member type="way" ref="980632900" role=""/>
  <member type="way" ref="702806759" role=""/>
  <member type="way" ref="1411072209" role=""/>
  <member type="way" ref="702806760" role=""/>
  <member type="way" ref="1448555133" role=""/>
  <member type="way" ref="1411071316" role=""/>
  <member type="way" ref="704675411" role=""/>
  <member type="way" ref="704675412" role=""/>
  <member type="way" ref="1445478400" role=""/>
  <member type="way" ref="1411071314" role=""/>
  <member type="way" ref="1448552963" role=""/>
  <member type="way" ref="1239010655" role=""/>
  <member type="way" ref="1411070643" role=""/>
  <member type="way" ref="1448552962" role=""/>
  <member type="way" ref="415174940" role=""/>
  <member type="way" ref="1240408554" role=""/>
  <member type="way" ref="769781648" role=""/>
  <member type="way" ref="701381091" role=""/>
  <member type="way" ref="333061557" role=""/>
  <member type="way" ref="701379988" role=""/>
  <member type="way" ref="701379989" role=""/>
  <member type="way" ref="701452947" role=""/>
  <member type="way" ref="701452946" role=""/>
  <member type="way" ref="701379990" role=""/>
  <member type="way" ref="965041068" role=""/>
  <member type="way" ref="701424046" role=""/>
  <member type="way" ref="506316677" role=""/>
  <member type="way" ref="701418687" role=""/>
  <member type="way" ref="1234545068" role=""/>
  <member type="way" ref="701418686" role=""/>
  <member type="way" ref="158127762" role=""/>
  <member type="way" ref="1357701875" role=""/>
  <member type="way" ref="1357701876" role=""/>
  <member type="way" ref="1107657694" role=""/>
  <member type="way" ref="1328700655" role=""/>
  <member type="way" ref="1323347416" role=""/>
  <member type="way" ref="487370742" role=""/>
  <member type="way" ref="1484184029" role=""/>
  <member type="way" ref="611154997" role=""/>
  <member type="way" ref="1374912739" role=""/>
  <member type="way" ref="1374912738" role=""/>
  <member type="way" ref="702501614" role=""/>
  <member type="way" ref="702540136" role=""/>
  <member type="way" ref="702492623" role=""/>
  <member type="way" ref="645816294" role=""/>
  <member type="way" ref="702492619" role=""/>
  <member type="way" ref="701436416" role=""/>
  <member type="way" ref="701386167" role=""/>
  <member type="way" ref="701891251" role=""/>
  <member type="way" ref="37563012" role=""/>
  <member type="way" ref="701441993" role=""/>
  <member type="way" ref="701441994" role=""/>
  <member type="way" ref="1357122964" role=""/>
  <member type="way" ref="1353599147" role=""/>
  <member type="way" ref="1367342312" role=""/>
  <member type="way" ref="223799615" role=""/>
  <member type="way" ref="954542123" role=""/>
  <member type="way" ref="701371238" role=""/>
  <member type="way" ref="769777580" role=""/>
  <member type="way" ref="953227393" role=""/>
  <member type="way" ref="946030644" role=""/>
  <member type="way" ref="220303926" role=""/>
  <member type="way" ref="701339681" role=""/>
  <member type="way" ref="705250832" role=""/>
  <member type="way" ref="1513277738" role=""/>
  <member type="way" ref="703199100" role=""/>
  <member type="way" ref="701454823" role=""/>
  <member type="way" ref="703199102" role=""/>
  <member type="way" ref="1217929464" role=""/>
  <member type="way" ref="1217929839" role=""/>
  <member type="way" ref="37449529" role=""/>
  <member type="way" ref="514641121" role=""/>
  <member type="way" ref="946030635" role=""/>
  <member type="way" ref="946030647" role=""/>
  <member type="way" ref="946030648" role=""/>
  <member type="way" ref="708918485" role=""/>
  <member type="way" ref="1040451792" role=""/>
  <member type="way" ref="1040451791" role=""/>
  <member type="way" ref="709730666" role=""/>
  <member type="way" ref="1107913100" role=""/>
  <member type="way" ref="1256805275" role=""/>
  <member type="way" ref="1290902317" role=""/>
  <member type="way" ref="955749999" role=""/>
  <member type="way" ref="1094274141" role=""/>
  <member type="way" ref="955749998" role=""/>
  <member type="way" ref="1300236736" role=""/>
  <member type="way" ref="705794061" role=""/>
  <member type="way" ref="706502080" role=""/>
  <member type="way" ref="706503526" role=""/>
  <member type="way" ref="1377422706" role=""/>
  <member type="way" ref="1374079589" role=""/>
  <member type="way" ref="1258466935" role=""/>
  <member type="way" ref="613324910" role=""/>
  <member type="way" ref="705794058" role=""/>
  <member type="way" ref="37371054" role=""/>
  <member type="way" ref="1262815037" role=""/>
  <member type="way" ref="37371055" role=""/>
  <member type="way" ref="952211062" role=""/>
  <member type="way" ref="704595023" role=""/>
  <member type="way" ref="597550117" role=""/>
  <member type="way" ref="965574223" role=""/>
  <member type="way" ref="178102544" role=""/>
  <member type="way" ref="965574226" role=""/>
  <member type="way" ref="875229047" role=""/>
  <member type="way" ref="708964308" role=""/>
  <member type="way" ref="37370973" role=""/>
  <member type="way" ref="838425490" role=""/>
  <member type="way" ref="838425491" role=""/>
  <member type="way" ref="702919609" role=""/>
  <member type="way" ref="601455488" role=""/>
  <member type="way" ref="163843397" role=""/>
  <member type="way" ref="1396192123" role=""/>
  <member type="way" ref="601529284" role=""/>
  <member type="way" ref="943964892" role=""/>
  <member type="way" ref="898272869" role=""/>
  <member type="way" ref="218106606" role=""/>
  <member type="way" ref="1180597074" role=""/>
  <member type="way" ref="1180597075" role=""/>
  <member type="way" ref="1236513513" role=""/>
  <member type="way" ref="1180597073" role=""/>
  <member type="way" ref="600037928" role=""/>
  <member type="way" ref="711106356" role=""/>
  <member type="way" ref="506383096" role=""/>
  <member type="way" ref="1242184420" role=""/>
  <member type="way" ref="1242184419" role=""/>
  <member type="way" ref="1204882028" role=""/>
  <member type="way" ref="1204882029" role=""/>
  <member type="way" ref="1242183589" role=""/>
  <member type="way" ref="599146728" role=""/>
  <member type="way" ref="1317516879" role=""/>
  <member type="way" ref="711495155" role=""/>
  <member type="way" ref="711497990" role=""/>
  <member type="way" ref="711495156" role=""/>
  <member type="way" ref="708514877" role=""/>
  <member type="way" ref="599162435" role=""/>
  <member type="way" ref="954812794" role=""/>
  <member type="way" ref="11009780" role=""/>
  <member type="way" ref="11711442" role=""/>
  <member type="way" ref="1240127120" role=""/>
  <member type="way" ref="1281102177" role=""/>
  <member type="way" ref="86164258" role=""/>
  <member type="way" ref="709734613" role=""/>
  <member type="way" ref="709734614" role=""/>
  <member type="way" ref="709730661" role=""/>
  <member type="way" ref="709730662" role=""/>
  <tag k="charge" v="10000 VND"/>
  <tag k="colour" v="#9cdd31"/>
  <tag k="fee" v="yes"/>
  <tag k="from" v="Bến Xe Giáp Bát"/>
  <tag k="interval" v="00:17-00:20"/>
  <tag k="name" v="Bến Xe Giáp Bát - Nam Thăng Long"/>
  <tag k="name:en" v="Giap Bat Bus Station - Nam Thang Long Bus Interchange"/>
  <tag k="network" v="Hanoibus"/>
  <tag k="opening_hours" v="Mo-Su 05:10-21:00"/>
  <tag k="operator" v="Công ty CP Xe điện"/>
  <tag k="public_transport:version" v="2"/>
  <tag k="ref" v="41"/>
  <tag k="route" v="bus"/>
  <tag k="to" v="Nam Thăng Long"/>
  <tag k="type" v="route"/>
 </relation>
 <relation id="14741389" visible="true" version="4" changeset="148213623" timestamp="2024-03-04T15:56:28Z" user="edumiz624" uid="20881381">
  <member type="relation" ref="14741388" role=""/>
  <member type="relation" ref="14744609" role=""/>
  <tag k="name" v="Nam Thăng Long - Bến xe Giáp Bát"/>
  <tag k="name:en" v="Nam Thang Long Bus Interchange - Giap Bat Bus Station"/>
  <tag k="network" v="Hanoibus"/>
  <tag k="operator" v="Công ty CP Xe điện"/>
  <tag k="ref" v="41"/>
  <tag k="route_master" v="bus"/>
  <tag k="type" v="route_master"/>
 </relation>
 <relation id="17064962" visible="true" version="34" changeset="183900843" timestamp="2026-06-10T02:52:07Z" user="edumiz624" uid="20881381">
  <member type="node" ref="11539698726" role="platform_entry_only"/>
  <member type="node" ref="11531107954" role="platform"/>
  <member type="node" ref="11531107955" role="platform"/>
  <member type="node" ref="11539698727" role="platform"/>
  <member type="node" ref="11516291190" role="platform"/>
  <member type="node" ref="11539698728" role="platform"/>
  <member type="node" ref="11539698729" role="platform"/>
  <member type="node" ref="11539698730" role="platform"/>
  <member type="node" ref="11539698731" role="platform"/>
  <member type="node" ref="11129082505" role="platform"/>
  <member type="node" ref="11129082506" role="platform"/>
  <member type="node" ref="11539698733" role="platform"/>
  <member type="node" ref="11539698734" role="platform"/>
  <member type="node" ref="11539698735" role="platform"/>
  <member type="node" ref="11539698736" role="platform"/>
  <member type="node" ref="11527469413" role="platform"/>
  <member type="node" ref="11527469414" role="platform"/>
  <member type="node" ref="11531495085" role="platform"/>
  <member type="node" ref="11527469415" role="platform"/>
  <member type="node" ref="11527469416" role="platform"/>
  <member type="node" ref="11527469417" role="platform"/>
  <member type="node" ref="11129082509" role="platform"/>
  <member type="node" ref="11129082511" role="platform"/>
  <member type="node" ref="11539698737" role="platform"/>
  <member type="node" ref="11539698738" role="platform"/>
  <member type="node" ref="8807115908" role="platform"/>
  <member type="node" ref="6742138880" role="platform"/>
  <member type="node" ref="8807115909" role="platform"/>
  <member type="node" ref="8807115910" role="platform"/>
  <member type="node" ref="8807115911" role="platform"/>
  <member type="node" ref="8741301517" role="platform"/>
  <member type="node" ref="8741301518" role="platform"/>
  <member type="node" ref="8741301519" role="platform"/>
  <member type="node" ref="8741301520" role="platform"/>
  <member type="node" ref="11934861068" role="platform_exit_only"/>
  <member type="node" ref="738815241" role="platform"/>
  <member type="node" ref="11516291191" role="platform"/>
  <member type="node" ref="11553654376" role="platform"/>
  <member type="node" ref="11539698732" role=""/>
  <member type="node" ref="11934861065" role=""/>
  <member type="way" ref="594837280" role=""/>
  <member type="way" ref="594837263" role=""/>
  <member type="way" ref="594837494" role=""/>
  <member type="way" ref="594837495" role=""/>
  <member type="way" ref="1241911695" role=""/>
  <member type="way" ref="1241911701" role=""/>
  <member type="way" ref="502809368" role=""/>
  <member type="way" ref="515118381" role=""/>
  <member type="way" ref="594961247" role=""/>
  <member type="way" ref="594961244" role=""/>
  <member type="way" ref="515118380" role=""/>
  <member type="way" ref="1241911692" role=""/>
  <member type="way" ref="682949000" role=""/>
  <member type="way" ref="1445347515" role=""/>
  <member type="way" ref="348279075" role=""/>
  <member type="way" ref="1241911691" role=""/>
  <member type="way" ref="1030564713" role=""/>
  <member type="way" ref="1241911690" role=""/>
  <member type="way" ref="1241911699" role=""/>
  <member type="way" ref="1241911700" role=""/>
  <member type="way" ref="595294051" role=""/>
  <member type="way" ref="1241911698" role=""/>
  <member type="way" ref="595294024" role=""/>
  <member type="way" ref="595294052" role=""/>
  <member type="way" ref="682781550" role=""/>
  <member type="way" ref="502809371" role=""/>
  <member type="way" ref="595293960" role=""/>
  <member type="way" ref="595293961" role=""/>
  <member type="way" ref="264729379" role=""/>
  <member type="way" ref="374542107" role=""/>
  <member type="way" ref="1011444965" role=""/>
  <member type="way" ref="48115565" role=""/>
  <member type="way" ref="48115561" role=""/>
  <member type="way" ref="146749214" role=""/>
  <member type="way" ref="1200037246" role=""/>
  <member type="way" ref="146749210" role=""/>
  <member type="way" ref="501851882" role=""/>
  <member type="way" ref="1241911688" role=""/>
  <member type="way" ref="896077765" role=""/>
  <member type="way" ref="1240455085" role=""/>
  <member type="way" ref="1240455076" role=""/>
  <member type="way" ref="397274989" role=""/>
  <member type="way" ref="506335722" role=""/>
  <member type="way" ref="704995430" role=""/>
  <member type="way" ref="704995429" role=""/>
  <member type="way" ref="251794092" role=""/>
  <member type="way" ref="1382445974" role=""/>
  <member type="way" ref="1448552961" role=""/>
  <member type="way" ref="704675414" role=""/>
  <member type="way" ref="1448552962" role=""/>
  <member type="way" ref="1411070643" role=""/>
  <member type="way" ref="1239010655" role=""/>
  <member type="way" ref="1448552963" role=""/>
  <member type="way" ref="1411071314" role=""/>
  <member type="way" ref="1445478400" role=""/>
  <member type="way" ref="704675412" role=""/>
  <member type="way" ref="704675411" role=""/>
  <member type="way" ref="1411071316" role=""/>
  <member type="way" ref="1448555133" role=""/>
  <member type="way" ref="702806760" role=""/>
  <member type="way" ref="1411072209" role=""/>
  <member type="way" ref="702806759" role=""/>
  <member type="way" ref="980632900" role=""/>
  <member type="way" ref="1448367792" role=""/>
  <member type="way" ref="1448367794" role=""/>
  <member type="way" ref="1445478405" role=""/>
  <member type="way" ref="330357143" role=""/>
  <member type="way" ref="702806754" role=""/>
  <member type="way" ref="1448367796" role=""/>
  <member type="way" ref="1445478410" role=""/>
  <member type="way" ref="1058951229" role=""/>
  <member type="way" ref="1445478413" role=""/>
  <member type="way" ref="1445478414" role=""/>
  <member type="way" ref="703961132" role=""/>
  <member type="way" ref="703961131" role=""/>
  <member type="way" ref="703965599" role=""/>
  <member type="way" ref="703976181" role=""/>
  <member type="way" ref="1411141087" role=""/>
  <member type="way" ref="615692217" role=""/>
  <member type="way" ref="486370016" role=""/>
  <member type="way" ref="703978561" role=""/>
  <member type="way" ref="964350828" role=""/>
  <member type="way" ref="492297083" role=""/>
  <member type="way" ref="964350838" role=""/>
  <member type="way" ref="400124203" role=""/>
  <member type="way" ref="965548422" role=""/>
  <member type="way" ref="1165593645" role=""/>
  <member type="way" ref="951487936" role=""/>
  <member type="way" ref="962177667" role=""/>
  <member type="way" ref="1010846167" role=""/>
  <member type="way" ref="616545698" role=""/>
  <member type="way" ref="1121703584" role=""/>
  <member type="way" ref="1121703583" role=""/>
  <member type="way" ref="1447191317" role=""/>
  <member type="way" ref="1286806811" role=""/>
  <member type="way" ref="1221932063" role=""/>
  <member type="node" ref="5118690545" role="platform"/>
  <member type="node" ref="5118690559" role="platform"/>
  <tag k="charge" v="15000 VND"/>
  <tag k="colour" v="#27baff"/>
  <tag k="fee" v="yes"/>
  <tag k="from" v="Đông Anh"/>
  <tag k="interval" v="00:20-00:25"/>
  <tag k="name" v="Đông Anh - Cầu Giấy"/>
  <tag k="name:en" v="Bac Thang Long Hospital (Thu Lam Commune) - Cau Giay Bus Interchange"/>
  <tag k="network" v="Hanoibus"/>
  <tag k="opening_hours" v="Mo-Su 05:00-20:50"/>
  <tag k="operator" v="Xí nghiệp xe buýt Yên Viên"/>
  <tag k="ref" v="96"/>
  <tag k="route" v="bus"/>
  <tag k="to" v="Cầu Giấy"/>
  <tag k="type" v="route"/>
 </relation>
 <relation id="17064963" visible="true" version="5" changeset="179624440" timestamp="2026-03-10T08:15:33Z" user="edumiz624" uid="20881381">
  <member type="relation" ref="17064961" role=""/>
  <member type="relation" ref="17064962" role=""/>
  <tag k="name" v="Cầu Giấy - Đông Anh"/>
  <tag k="name:en" v="Cau Giay Bus Interchange - Bac Thang Long Hospital (Thu Lam Commune)"/>
  <tag k="network" v="Hanoibus"/>
  <tag k="operator" v="Xí nghiệp xe buýt Yên Viên"/>
  <tag k="ref" v="96"/>
  <tag k="route_master" v="bus"/>
  <tag k="type" v="route_master"/>
 </relation>
 <relation id="17652702" visible="true" version="3" changeset="175901049" timestamp="2025-12-13T22:21:36Z" user="pepsi_max2k" uid="14719801">
  <member type="way" ref="1395283563" role="outer"/>
  <member type="way" ref="339331805" role="outer"/>
  <member type="way" ref="1395283562" role="outer"/>
  <tag k="landuse" v="residential"/>
  <tag k="name" v="Khu đô thị Nam Thăng Long"/>
  <tag k="name:cs" v="Ciputra Hanoj Mezinárodní Město"/>
  <tag k="name:en" v="Ciputra Hanoi International City"/>
  <tag k="type" v="multipolygon"/>
  <tag k="wikipedia" v="cs:Ciputra"/>
 </relation>
 <relation id="17676285" visible="true" version="55" changeset="183247808" timestamp="2026-05-27T10:12:42Z" user="Vmosnokia31" uid="23326231">
  <member type="way" ref="1289419264" role=""/>
  <member type="way" ref="1102892139" role=""/>
  <member type="way" ref="1289419267" role=""/>
  <member type="way" ref="1473328590" role=""/>
  <member type="way" ref="1517302972" role=""/>
  <member type="way" ref="1475296819" role=""/>
  <member type="way" ref="1473626704" role=""/>
  <member type="way" ref="1475296818" role=""/>
  <member type="way" ref="1475296815" role=""/>
  <member type="way" ref="1473626702" role=""/>
  <member type="way" ref="1494487902" role=""/>
  <member type="way" ref="1456413965" role=""/>
  <member type="way" ref="1494487901" role=""/>
  <member type="way" ref="1510216027" role=""/>
  <member type="way" ref="873057537" role=""/>
  <member type="way" ref="1510216025" role=""/>
  <member type="way" ref="1516246911" role=""/>
  <member type="way" ref="1510216023" role=""/>
  <member type="way" ref="703495524" role=""/>
  <member type="way" ref="703495523" role=""/>
  <member type="way" ref="1163652142" role=""/>
  <member type="way" ref="1518363047" role=""/>
  <member type="way" ref="1521157385" role=""/>
  <member type="way" ref="1327400146" role=""/>
  <member type="way" ref="1346358303" role=""/>
  <member type="way" ref="208366141" role=""/>
  <member type="way" ref="219979442" role=""/>
  <member type="way" ref="408823207" role=""/>
  <member type="way" ref="408823241" role=""/>
  <member type="way" ref="953158814" role=""/>
  <member type="way" ref="953158812" role=""/>
  <member type="way" ref="1110572072" role=""/>
  <member type="way" ref="1240683344" role=""/>
  <member type="way" ref="163053437" role=""/>
  <member type="way" ref="1012665685" role=""/>
  <member type="way" ref="116436710" role=""/>
  <member type="way" ref="1115710779" role=""/>
  <member type="way" ref="709788186" role=""/>
  <member type="way" ref="709788193" role=""/>
  <member type="way" ref="1408711812" role=""/>
  <member type="way" ref="771909991" role=""/>
  <member type="way" ref="1102892137" role=""/>
  <member type="way" ref="1102892141" role=""/>
  <member type="way" ref="1289419266" role=""/>
  <member type="way" ref="1272651566" role=""/>
  <member type="way" ref="1473626696" role=""/>
  <member type="way" ref="599147983" role=""/>
  <member type="way" ref="1460066607" role=""/>
  <member type="way" ref="38136704" role=""/>
  <member type="way" ref="1484208178" role=""/>
  <member type="way" ref="599191530" role=""/>
  <member type="way" ref="685980638" role=""/>
  <member type="way" ref="1355945082" role=""/>
  <member type="way" ref="599191529" role=""/>
  <member type="way" ref="706776325" role=""/>
  <member type="way" ref="1345395995" role=""/>
  <member type="way" ref="1345394874" role=""/>
  <member type="way" ref="11856385" role=""/>
  <member type="way" ref="136176015" role=""/>
  <member type="way" ref="1334507613" role=""/>
  <member type="way" ref="1345397520" role=""/>
  <member type="way" ref="1304674143" role=""/>
  <member type="way" ref="947778229" role=""/>
  <member type="way" ref="701344335" role=""/>
  <member type="way" ref="947778228" role=""/>
  <member type="way" ref="251794095" role=""/>
  <member type="way" ref="1330591932" role=""/>
  <member type="way" ref="1369116693" role=""/>
  <member type="way" ref="1506408945" role=""/>
  <member type="way" ref="1330591933" role=""/>
  <member type="way" ref="599240419" role=""/>
  <member type="way" ref="947778227" role=""/>
  <member type="way" ref="242451184" role=""/>
  <member type="way" ref="947778226" role=""/>
  <member type="way" ref="1304674142" role=""/>
  <member type="way" ref="1345397521" role=""/>
  <member type="way" ref="386435454" role=""/>
  <member type="way" ref="706783194" role=""/>
  <member type="way" ref="706783195" role=""/>
  <member type="way" ref="704570677" role=""/>
  <member type="way" ref="704570678" role=""/>
  <member type="way" ref="704597574" role=""/>
  <member type="way" ref="704597573" role=""/>
  <member type="way" ref="704570681" role=""/>
  <member type="way" ref="704601947" role=""/>
  <member type="way" ref="599191528" role=""/>
  <member type="way" ref="1483477683" role=""/>
  <member type="way" ref="599191527" role=""/>
  <member type="way" ref="38136703" role=""/>
  <member type="way" ref="1460066608" role=""/>
  <member type="way" ref="177322589" role=""/>
  <member type="way" ref="1473626697" role=""/>
  <member type="way" ref="914593358" role=""/>
  <member type="way" ref="1494939072" role=""/>
  <member type="way" ref="1110572071" role=""/>
  <member type="way" ref="37801728" role=""/>
  <member type="way" ref="1242935512" role=""/>
  <member type="way" ref="956542159" role=""/>
  <member type="way" ref="953158817" role=""/>
  <member type="way" ref="1071601648" role=""/>
  <member type="way" ref="208366047" role=""/>
  <member type="way" ref="37871458" role=""/>
  <member type="way" ref="1491489726" role=""/>
  <member type="way" ref="1521157384" role=""/>
  <member type="way" ref="1518363045" role=""/>
  <member type="way" ref="703495525" role=""/>
  <member type="way" ref="703495521" role=""/>
  <member type="way" ref="703495522" role=""/>
  <member type="way" ref="1510216024" role=""/>
  <member type="way" ref="1516246912" role=""/>
  <member type="way" ref="1510216026" role=""/>
  <member type="way" ref="1491489724" role=""/>
  <member type="way" ref="1510216028" role=""/>
  <member type="way" ref="1494487900" role=""/>
  <member type="way" ref="1456413967" role=""/>
  <member type="way" ref="1494487903" role=""/>
  <member type="way" ref="1473626701" role=""/>
  <member type="way" ref="1475296816" role=""/>
  <member type="way" ref="1475296817" role=""/>
  <member type="way" ref="1473626707" role=""/>
  <member type="way" ref="1475296820" role=""/>
  <member type="way" ref="914593357" role=""/>
  <member type="way" ref="1517302973" role=""/>
  <member type="way" ref="945783770" role=""/>
  <member type="way" ref="163053438" role=""/>
  <member type="way" ref="1241605199" role=""/>
  <member type="way" ref="1012665669" role=""/>
  <member type="way" ref="709788194" role=""/>
  <member type="way" ref="601860675" role=""/>
  <member type="way" ref="1241605198" role=""/>
  <member type="way" ref="709788184" role=""/>
  <member type="way" ref="709788192" role=""/>
  <member type="way" ref="1467790157" role=""/>
  <member type="way" ref="771909992" role=""/>
  <member type="way" ref="1314534273" role=""/>
  <member type="way" ref="1187539398" role=""/>
  <member type="way" ref="771257039" role=""/>
  <member type="way" ref="956690101" role=""/>
  <member type="way" ref="956690100" role=""/>
  <member type="way" ref="954183038" role=""/>
  <member type="way" ref="883126622" role=""/>
  <member type="way" ref="1058951236" role=""/>
  <member type="way" ref="954183037" role=""/>
  <member type="way" ref="964350830" role=""/>
  <member type="way" ref="1316111658" role=""/>
  <member type="way" ref="883126621" role=""/>
  <member type="way" ref="842076826" role=""/>
  <member type="way" ref="842935944" role=""/>
  <member type="way" ref="842076827" role=""/>
  <member type="way" ref="958138889" role=""/>
  <member type="way" ref="957062225" role=""/>
  <member type="way" ref="957062227" role=""/>
  <member type="way" ref="1240365578" role=""/>
  <member type="way" ref="1242174640" role=""/>
  <member type="way" ref="1187539403" role=""/>
  <member type="way" ref="36082532" role=""/>
  <member type="way" ref="954183009" role=""/>
  <member type="way" ref="954152007" role=""/>
  <member type="way" ref="883126623" role=""/>
  <member type="way" ref="1239628943" role=""/>
  <member type="way" ref="1316111659" role=""/>
  <member type="way" ref="883126624" role=""/>
  <member type="way" ref="842935942" role=""/>
  <member type="way" ref="883126620" role=""/>
  <member type="way" ref="1313211000" role=""/>
  <member type="way" ref="1289419269" role=""/>
  <member type="way" ref="735118039" role=""/>
  <member type="way" ref="1125638485" role=""/>
  <member type="way" ref="1125638474" role=""/>
  <member type="way" ref="1125638472" role=""/>
  <member type="way" ref="735118040" role=""/>
  <member type="way" ref="1289419268" role=""/>
  <member type="way" ref="496002618" role=""/>
  <member type="way" ref="1125638483" role=""/>
  <member type="way" ref="1125638482" role=""/>
  <member type="way" ref="1125638481" role=""/>
  <member type="way" ref="1125638480" role=""/>
  <member type="way" ref="1125638478" role=""/>
  <member type="way" ref="1125638479" role=""/>
  <member type="way" ref="1125638477" role=""/>
  <member type="way" ref="1125638471" role=""/>
  <member type="way" ref="1125638484" role=""/>
  <member type="way" ref="1125638470" role=""/>
  <member type="way" ref="496002604" role=""/>
  <member type="way" ref="492297029" role=""/>
  <member type="way" ref="1292546981" role=""/>
  <member type="way" ref="1058963345" role=""/>
  <member type="way" ref="1292546980" role=""/>
  <member type="way" ref="1058951234" role=""/>
  <member type="way" ref="496002605" role=""/>
  <member type="way" ref="1125638475" role=""/>
  <member type="way" ref="1125638476" role=""/>
  <member type="way" ref="1058951235" role=""/>
  <member type="way" ref="492297015" role=""/>
  <member type="way" ref="1128183481" role=""/>
  <member type="way" ref="1128183487" role=""/>
  <member type="way" ref="1128183486" role=""/>
  <member type="way" ref="1128183485" role=""/>
  <member type="way" ref="1128183484" role=""/>
  <member type="way" ref="1128183483" role=""/>
  <member type="way" ref="1128183482" role=""/>
  <member type="way" ref="1128183494" role=""/>
  <member type="way" ref="1128183493" role=""/>
  <member type="way" ref="1128183492" role=""/>
  <member type="way" ref="1128183491" role=""/>
  <member type="way" ref="492297016" role=""/>
  <member type="way" ref="701895419" role=""/>
  <member type="way" ref="1128183489" role=""/>
  <member type="way" ref="701895420" role=""/>
  <member type="way" ref="1128183490" role=""/>
  <member type="way" ref="1128183488" role=""/>
  <member type="way" ref="844678243" role=""/>
  <member type="way" ref="1420208060" role=""/>
  <member type="way" ref="415813825" role=""/>
  <member type="way" ref="1420208066" role=""/>
  <member type="way" ref="1420208065" role=""/>
  <member type="way" ref="1420208063" role=""/>
  <member type="way" ref="1420208061" role=""/>
  <member type="way" ref="1420208064" role=""/>
  <member type="way" ref="1420208062" role=""/>
  <member type="way" ref="415813824" role=""/>
  <member type="way" ref="1254850723" role=""/>
  <member type="way" ref="1206795181" role=""/>
  <member type="way" ref="1206795184" role=""/>
  <member type="way" ref="136184165" role=""/>
  <member type="way" ref="1206795186" role=""/>
  <member type="way" ref="844678247" role=""/>
  <member type="way" ref="1239069873" role=""/>
  <member type="way" ref="1206795182" role=""/>
  <member type="way" ref="1206795183" role=""/>
  <member type="way" ref="771909988" role=""/>
  <member type="way" ref="1206795185" role=""/>
  <member type="way" ref="1262429362" role=""/>
  <member type="way" ref="1257108769" role=""/>
  <member type="way" ref="220688918" role=""/>
  <member type="way" ref="771909987" role=""/>
  <member type="way" ref="250656360" role=""/>
  <member type="way" ref="701934114" role=""/>
  <member type="way" ref="570582391" role=""/>
  <member type="way" ref="1218234419" role=""/>
  <member type="way" ref="502510849" role=""/>
  <member type="way" ref="701934113" role=""/>
  <member type="way" ref="1270853922" role=""/>
  <member type="way" ref="1218234417" role=""/>
  <member type="way" ref="502510848" role=""/>
  <member type="way" ref="1234570971" role=""/>
  <member type="way" ref="1234570968" role=""/>
  <member type="way" ref="1460715188" role=""/>
  <member type="way" ref="12176577" role=""/>
  <member type="way" ref="703230094" role=""/>
  <member type="way" ref="703229405" role=""/>
  <tag k="name" v="Đường vành đai 2.5"/>
  <tag k="note" v="tuyến vanh đai mở phụ trợ tuyến đường vành đai 2 và đường vành đai 3"/>
  <tag k="route" v="road"/>
  <tag k="type" v="route"/>
 </relation>
 <relation id="19267328" visible="true" version="22" changeset="177124538" timestamp="2026-01-12T07:20:22Z" user="goldmelodyvn" uid="8591028">
  <member type="way" ref="1414071046" role="outer"/>
  <member type="way" ref="484561938" role="outer"/>
  <member type="way" ref="1285926708" role="outer"/>
  <member type="way" ref="483150861" role="outer"/>
  <member type="way" ref="1285926710" role="outer"/>
  <member type="way" ref="660919764" role="outer"/>
  <member type="way" ref="1336799424" role="outer"/>
  <member type="way" ref="484563275" role="outer"/>
  <member type="way" ref="1067561904" role="outer"/>
  <member type="way" ref="1033198076" role="outer"/>
  <member type="way" ref="484551783" role="outer"/>
  <member type="way" ref="140210322" role="outer"/>
  <member type="way" ref="1296971657" role="outer"/>
  <member type="way" ref="1033198073" role="outer"/>
  <member type="way" ref="1033173766" role="outer"/>
  <member type="way" ref="1425977531" role="outer"/>
  <member type="way" ref="1425977532" role="outer"/>
  <member type="way" ref="484463626" role="outer"/>
  <member type="way" ref="1033173768" role="outer"/>
  <member type="way" ref="1033173759" role="outer"/>
  <member type="way" ref="483232111" role="outer"/>
  <member type="way" ref="1033173760" role="outer"/>
  <member type="way" ref="1032879040" role="outer"/>
  <member type="way" ref="1032879037" role="outer"/>
  <member type="way" ref="1032879034" role="outer"/>
  <member type="way" ref="1425977533" role="outer"/>
  <member type="way" ref="1425977534" role="outer"/>
  <member type="way" ref="1425977535" role="outer"/>
  <member type="way" ref="1425977536" role="outer"/>
  <member type="way" ref="483226562" role="outer"/>
  <member type="way" ref="1311443022" role="outer"/>
  <member type="way" ref="1420761668" role="outer"/>
  <member type="way" ref="1420761666" role="outer"/>
  <member type="way" ref="1420761665" role="outer"/>
  <member type="way" ref="1420761663" role="outer"/>
  <member type="way" ref="1420761661" role="outer"/>
  <member type="way" ref="1420761660" role="outer"/>
  <member type="way" ref="1420761659" role="outer"/>
  <member type="way" ref="1311443025" role="outer"/>
  <member type="way" ref="1360322828" role="outer"/>
  <member type="way" ref="1420761669" role="outer"/>
  <member type="way" ref="1420761656" role="outer"/>
  <member type="way" ref="483226559" role="outer"/>
  <member type="way" ref="1360322845" role="outer"/>
  <member type="way" ref="1361660788" role="outer"/>
  <member type="way" ref="1311443017" role="outer"/>
  <member type="way" ref="1361660787" role="outer"/>
  <member type="way" ref="1361660789" role="outer"/>
  <member type="way" ref="1311443016" role="outer"/>
  <member type="way" ref="1268977625" role="outer"/>
  <member type="way" ref="1361665003" role="outer"/>
  <member type="way" ref="483232113" role="outer"/>
  <member type="way" ref="1268977337" role="outer"/>
  <member type="way" ref="1420437475" role="outer"/>
  <member type="way" ref="1098119895" role="outer"/>
  <member type="way" ref="1268982566" role="outer"/>
  <member type="way" ref="1420686181" role="outer"/>
  <member type="way" ref="1268972693" role="outer"/>
  <member type="way" ref="1098119919" role="outer"/>
  <member type="way" ref="678539329" role="outer"/>
  <member type="way" ref="1420696898" role="outer"/>
  <member type="way" ref="1420696897" role="outer"/>
  <member type="way" ref="1420696900" role="outer"/>
  <member type="way" ref="1420696901" role="outer"/>
  <member type="way" ref="1000116845" role="outer"/>
  <member type="way" ref="1173008192" role="outer"/>
  <member type="way" ref="1420696895" role="outer"/>
  <member type="way" ref="1420696894" role="outer"/>
  <member type="way" ref="832454937" role="outer"/>
  <member type="way" ref="1420696893" role="outer"/>
  <member type="way" ref="1420696892" role="outer"/>
  <member type="way" ref="1098119914" role="outer"/>
  <member type="way" ref="1420437478" role="outer"/>
  <member type="way" ref="925499500" role="outer"/>
  <member type="way" ref="1098119874" role="outer"/>
  <member type="way" ref="1413836639" role="outer"/>
  <member type="way" ref="1414615897" role="outer"/>
  <member type="way" ref="1098119869" role="outer"/>
  <member type="way" ref="1414615899" role="outer"/>
  <member type="way" ref="1414615898" role="outer"/>
  <member type="way" ref="832454936" role="outer"/>
  <member type="way" ref="832454916" role="outer"/>
  <member type="way" ref="678799138" role="outer"/>
  <member type="way" ref="1420682853" role="outer"/>
  <member type="way" ref="1420682855" role="outer"/>
  <member type="way" ref="1420682854" role="outer"/>
  <member type="way" ref="832454935" role="outer"/>
  <member type="way" ref="1420682851" role="outer"/>
  <member type="way" ref="1420682852" role="outer"/>
  <member type="way" ref="1420682850" role="outer"/>
  <member type="way" ref="832454944" role="outer"/>
  <member type="way" ref="678799141" role="outer"/>
  <member type="way" ref="678774579" role="outer"/>
  <member type="way" ref="678774174" role="outer"/>
  <member type="way" ref="1324046567" role="outer"/>
  <member type="way" ref="678418321" role="outer"/>
  <member type="way" ref="1311931116" role="outer"/>
  <member type="way" ref="1420669513" role="outer"/>
  <member type="way" ref="1420669512" role="outer"/>
  <member type="way" ref="705491702" role="outer"/>
  <member type="way" ref="1413274999" role="outer"/>
  <member type="way" ref="483235220" role="outer"/>
  <member type="way" ref="1311284909" role="outer"/>
  <member type="way" ref="1412300290" role="outer"/>
  <member type="way" ref="1328090700" role="outer"/>
  <member type="way" ref="1412300291" role="outer"/>
  <member type="way" ref="1311284910" role="outer"/>
  <member type="way" ref="483151238" role="outer"/>
  <member type="way" ref="1413275000" role="outer"/>
  <member type="way" ref="1354361330" role="outer"/>
  <member type="way" ref="1311284923" role="outer"/>
  <member type="way" ref="1270602563" role="outer"/>
  <member type="way" ref="1286771826" role="outer"/>
  <member type="way" ref="1270602558" role="outer"/>
  <member type="way" ref="1286471123" role="outer"/>
  <member type="way" ref="1412300281" role="outer"/>
  <member type="way" ref="1270602562" role="outer"/>
  <member type="way" ref="1270602568" role="outer"/>
  <member type="way" ref="1270602572" role="outer"/>
  <member type="way" ref="1285926709" role="outer"/>
  <member type="way" ref="483150859" role="outer"/>
  <member type="way" ref="1349140136" role="outer"/>
  <member type="relation" ref="7115759" role="subarea"/>
  <member type="relation" ref="7114815" role="subarea"/>
  <member type="relation" ref="9421138" role="subarea"/>
  <member type="relation" ref="9421137" role="subarea"/>
  <member type="relation" ref="9421130" role="subarea"/>
  <member type="relation" ref="9421133" role="subarea"/>
  <member type="relation" ref="7115709" role="subarea"/>
  <member type="relation" ref="7115863" role="subarea"/>
  <member type="relation" ref="9421134" role="subarea"/>
  <member type="relation" ref="9421135" role="subarea"/>
  <member type="relation" ref="9421132" role="subarea"/>
  <member type="relation" ref="9421139" role="subarea"/>
  <member type="relation" ref="9421136" role="subarea"/>
  <member type="relation" ref="9421131" role="subarea"/>
  <tag k="boundary" v="administrative"/>
  <tag k="name" v="Trung tâm Hà Nội"/>
  <tag k="note" v="This is not a historical boundary, but rather an subtraction of the defunct Hà Tây province and Mê Linh, Sóc Sơn districts (formerly in Vĩnh Phúc province) from Hà Nội"/>
  <tag k="type" v="boundary"/>
 </relation>
 <relation id="19335055" visible="true" version="9" changeset="175182912" timestamp="2025-11-27T06:26:38Z" user="inserteunnombreaqui" uid="22579655">
  <member type="way" ref="1418571379" role="outer"/>
  <member type="way" ref="1413266900" role="outer"/>
  <member type="way" ref="1413266899" role="outer"/>
  <member type="way" ref="1413266897" role="outer"/>
  <member type="way" ref="1413266898" role="outer"/>
  <member type="way" ref="1413266895" role="outer"/>
  <member type="way" ref="1418571371" role="outer"/>
  <member type="way" ref="1413266907" role="outer"/>
  <member type="way" ref="1413266908" role="outer"/>
  <member type="way" ref="1413266909" role="outer"/>
  <member type="way" ref="1413266903" role="outer"/>
  <member type="way" ref="1413266904" role="outer"/>
  <member type="way" ref="705212238" role="outer"/>
  <member type="way" ref="1418571363" role="outer"/>
  <member type="way" ref="1413067868" role="outer"/>
  <member type="way" ref="1420672674" role="outer"/>
  <tag k="admin_level" v="6"/>
  <tag k="boundary" v="administrative"/>
  <tag k="name" v="Phường Xuân Đỉnh"/>
  <tag k="name:en" v="Xuan Dinh Ward"/>
  <tag k="population" v="48658"/>
  <tag k="population:date" v="2025-07-01"/>
  <tag k="source:population" v="gis.vn"/>
  <tag k="type" v="boundary"/>
  <tag k="wikidata" v="Q10835185"/>
  <tag k="wikipedia" v="vi:Xuân Đỉnh"/>
 </relation>
 <relation id="19335056" visible="true" version="13" changeset="180921675" timestamp="2026-04-06T02:43:30Z" user="inserteunnombreaqui" uid="22579655">
  <member type="way" ref="1286797366" role="outer"/>
  <member type="way" ref="678539320" role="outer"/>
  <member type="way" ref="1286797363" role="outer"/>
  <member type="way" ref="1413266911" role="outer"/>
  <member type="way" ref="1413266910" role="outer"/>
  <member type="way" ref="1413266903" role="outer"/>
  <member type="way" ref="1413266904" role="outer"/>
  <member type="way" ref="705212238" role="outer"/>
  <member type="way" ref="1418571363" role="outer"/>
  <member type="way" ref="1418571364" role="outer"/>
  <member type="way" ref="1413240394" role="outer"/>
  <member type="node" ref="13710060976" role="label"/>
  <tag k="admin_level" v="6"/>
  <tag k="boundary" v="administrative"/>
  <tag k="name" v="Phường Phú Thượng"/>
  <tag k="name:en" v="Phu Thuong Ward"/>
  <tag k="population" v="39322"/>
  <tag k="population:date" v="2025-07-01"/>
  <tag k="postal_code" v="11210"/>
  <tag k="source:population" v="gis.vn"/>
  <tag k="type" v="boundary"/>
  <tag k="wikidata" v="Q10806100"/>
  <tag k="wikipedia" v="vi:Phú Thượng, Hà Nội"/>
 </relation>
 <relation id="19352279" visible="true" version="7" changeset="170094117" timestamp="2025-08-07T08:40:18Z" user="AndjelaS" uid="8951082">
  <member type="way" ref="705491711" role="outer"/>
  <member type="way" ref="1413274999" role="outer"/>
  <member type="way" ref="705491702" role="outer"/>
  <member type="way" ref="1420669512" role="outer"/>
  <member type="way" ref="1420669513" role="outer"/>
  <member type="way" ref="1311931116" role="outer"/>
  <member type="way" ref="678418321" role="outer"/>
  <member type="way" ref="1324046567" role="outer"/>
  <member type="way" ref="678774174" role="outer"/>
  <member type="way" ref="678774579" role="outer"/>
  <member type="way" ref="678799141" role="outer"/>
  <member type="way" ref="832454944" role="outer"/>
  <member type="way" ref="1420682850" role="outer"/>
  <member type="way" ref="1420682852" role="outer"/>
  <member type="way" ref="1420682851" role="outer"/>
  <member type="way" ref="832454935" role="outer"/>
  <member type="way" ref="1420682854" role="outer"/>
  <member type="way" ref="1420682855" role="outer"/>
  <member type="way" ref="1420682853" role="outer"/>
  <member type="way" ref="678799138" role="outer"/>
  <member type="way" ref="832454916" role="outer"/>
  <member type="way" ref="832454936" role="outer"/>
  <member type="way" ref="1414615898" role="outer"/>
  <member type="way" ref="1414615899" role="outer"/>
  <member type="way" ref="1098119869" role="outer"/>
  <member type="way" ref="1414615897" role="outer"/>
  <member type="way" ref="1413836639" role="outer"/>
  <member type="way" ref="1098119874" role="outer"/>
  <member type="way" ref="925499500" role="outer"/>
  <member type="way" ref="1420437478" role="outer"/>
  <member type="way" ref="1098119914" role="outer"/>
  <member type="way" ref="1420696892" role="outer"/>
  <member type="way" ref="1420696893" role="outer"/>
  <member type="way" ref="832454937" role="outer"/>
  <member type="way" ref="1420696894" role="outer"/>
  <member type="way" ref="1420696895" role="outer"/>
  <member type="way" ref="1173008192" role="outer"/>
  <member type="way" ref="1182556847" role="outer"/>
  <member type="way" ref="1420679235" role="outer"/>
  <member type="way" ref="678539325" role="outer"/>
  <member type="way" ref="1182556844" role="outer"/>
  <member type="way" ref="1000188132" role="outer"/>
  <member type="way" ref="832454940" role="outer"/>
  <member type="way" ref="1195438775" role="outer"/>
  <member type="way" ref="832454939" role="outer"/>
  <member type="way" ref="1195438774" role="outer"/>
  <member type="way" ref="1195448656" role="outer"/>
  <member type="way" ref="678539333" role="outer"/>
  <member type="way" ref="896794950" role="outer"/>
  <member type="way" ref="832454941" role="outer"/>
  <member type="way" ref="1195448657" role="outer"/>
  <member type="way" ref="1418571387" role="outer"/>
  <member type="way" ref="1242747180" role="outer"/>
  <member type="way" ref="678539334" role="outer"/>
  <member type="way" ref="1195523876" role="outer"/>
  <member type="way" ref="705212244" role="outer"/>
  <member type="way" ref="1418571381" role="outer"/>
  <member type="way" ref="705212239" role="outer"/>
  <member type="way" ref="705212238" role="outer"/>
  <member type="way" ref="1418571365" role="outer"/>
  <member type="way" ref="705491685" role="outer"/>
  <member type="way" ref="897378389" role="outer"/>
  <member type="way" ref="1286797363" role="outer"/>
  <member type="way" ref="1418571367" role="outer"/>
  <member type="way" ref="705491709" role="outer"/>
  <member type="way" ref="705491710" role="outer"/>
  <member type="way" ref="678539316" role="outer"/>
  <member type="way" ref="1286797362" role="outer"/>
  <tag k="name" v="Huyện Từ Liêm xưa"/>
  <tag k="type" v="boundary"/>
 </relation>
 <relation id="19356221" visible="true" version="18" changeset="179306258" timestamp="2026-03-03T14:58:11Z" user="Ducminhduongcb" uid="20524909">
  <member type="relation" ref="7133707" role="member"/>
  <member type="relation" ref="7133870" role="member"/>
  <member type="relation" ref="7134112" role="member"/>
  <member type="relation" ref="6913068" role="member"/>
  <member type="relation" ref="7133835" role="member"/>
  <member type="relation" ref="7134111" role="member"/>
  <member type="relation" ref="6913418" role="member"/>
  <member type="relation" ref="6912155" role="member"/>
  <member type="relation" ref="6911714" role="member"/>
  <member type="relation" ref="6912913" role="member"/>
  <member type="relation" ref="7133693" role="member"/>
  <member type="relation" ref="6908463" role="member"/>
  <member type="relation" ref="7133660" role="member"/>
  <member type="relation" ref="6913804" role="member"/>
  <member type="relation" ref="7106558" role="member"/>
  <member type="relation" ref="7106046" role="member"/>
  <member type="relation" ref="7106214" role="member"/>
  <member type="relation" ref="7106070" role="member"/>
  <member type="relation" ref="7106060" role="member"/>
  <member type="relation" ref="6881349" role="member"/>
  <member type="relation" ref="6882024" role="member"/>
  <member type="relation" ref="6881753" role="member"/>
  <member type="relation" ref="6882617" role="member"/>
  <member type="relation" ref="6883035" role="member"/>
  <member type="relation" ref="7102797" role="member"/>
  <member type="relation" ref="7115759" role="member"/>
  <member type="relation" ref="9421133" role="member"/>
  <member type="relation" ref="9421130" role="member"/>
  <member type="relation" ref="9421135" role="member"/>
  <member type="relation" ref="9421134" role="member"/>
  <member type="relation" ref="9421131" role="member"/>
  <member type="relation" ref="7115863" role="member"/>
  <member type="relation" ref="9421136" role="member"/>
  <member type="relation" ref="9421139" role="member"/>
  <member type="relation" ref="9421138" role="member"/>
  <member type="relation" ref="9421137" role="member"/>
  <member type="relation" ref="9424587" role="member"/>
  <member type="relation" ref="7115709" role="member"/>
  <member type="relation" ref="7114815" role="member"/>
  <member type="relation" ref="7114806" role="member"/>
  <member type="relation" ref="7114823" role="member"/>
  <member type="relation" ref="7115780" role="member"/>
  <member type="relation" ref="7115795" role="member"/>
  <member type="relation" ref="7115194" role="member"/>
  <member type="relation" ref="7115367" role="member"/>
  <member type="relation" ref="7114829" role="member"/>
  <member type="relation" ref="7115008" role="member"/>
  <member type="relation" ref="7115003" role="member"/>
  <member type="relation" ref="7114847" role="member"/>
  <member type="relation" ref="6925458" role="member"/>
  <member type="relation" ref="7120939" role="member"/>
  <member type="relation" ref="7120760" role="member"/>
  <member type="relation" ref="7120763" role="member"/>
  <member type="relation" ref="7120751" role="member"/>
  <member type="relation" ref="7120938" role="member"/>
  <member type="relation" ref="6932096" role="member"/>
  <member type="relation" ref="6931773" role="member"/>
  <member type="relation" ref="6932207" role="member"/>
  <member type="relation" ref="7120726" role="member"/>
  <member type="relation" ref="7120730" role="member"/>
  <member type="relation" ref="6932323" role="member"/>
  <member type="relation" ref="7094614" role="member"/>
  <member type="relation" ref="7094597" role="member"/>
  <member type="relation" ref="7094347" role="member"/>
  <member type="relation" ref="6929157" role="member"/>
  <member type="relation" ref="6929170" role="member"/>
  <member type="relation" ref="7094543" role="member"/>
  <member type="relation" ref="6300358" role="member"/>
  <member type="relation" ref="7094297" role="member"/>
  <member type="relation" ref="6300521" role="member"/>
  <member type="relation" ref="7094823" role="member"/>
  <member type="relation" ref="7095004" role="member"/>
  <member type="relation" ref="7094991" role="member"/>
  <member type="relation" ref="7094946" role="member"/>
  <member type="relation" ref="7094992" role="member"/>
  <member type="relation" ref="7094929" role="member"/>
  <member type="relation" ref="6932557" role="member"/>
  <member type="relation" ref="6932525" role="member"/>
  <member type="relation" ref="6932526" role="member"/>
  <member type="relation" ref="7125737" role="member"/>
  <member type="relation" ref="7125712" role="member"/>
  <member type="relation" ref="7125704" role="member"/>
  <member type="relation" ref="7125608" role="member"/>
  <member type="relation" ref="7125588" role="member"/>
  <member type="relation" ref="6939707" role="member"/>
  <member type="relation" ref="6938785" role="member"/>
  <member type="relation" ref="6938983" role="member"/>
  <member type="relation" ref="7018411" role="member"/>
  <member type="relation" ref="7018178" role="member"/>
  <member type="relation" ref="7021430" role="member"/>
  <member type="relation" ref="7022471" role="member"/>
  <member type="relation" ref="7022867" role="member"/>
  <member type="relation" ref="7025174" role="member"/>
  <member type="relation" ref="7027190" role="member"/>
  <member type="relation" ref="7125467" role="member"/>
  <member type="relation" ref="7125494" role="member"/>
  <member type="relation" ref="7125491" role="member"/>
  <member type="relation" ref="7125487" role="member"/>
  <member type="relation" ref="7125468" role="member"/>
  <member type="relation" ref="7124623" role="member"/>
  <member type="relation" ref="7124564" role="member"/>
  <member type="relation" ref="7124433" role="member"/>
  <member type="relation" ref="7026159" role="member"/>
  <member type="relation" ref="7026071" role="member"/>
  <member type="relation" ref="7124593" role="member"/>
  <member type="relation" ref="9421132" role="member"/>
  <member type="relation" ref="7115593" role="member"/>
  <member type="relation" ref="7115632" role="member"/>
  <member type="relation" ref="7115580" role="member"/>
  <member type="relation" ref="7115398" role="member"/>
  <member type="relation" ref="7115635" role="member"/>
  <member type="relation" ref="7031744" role="member"/>
  <member type="relation" ref="7031745" role="member"/>
  <member type="relation" ref="7031638" role="member"/>
  <member type="relation" ref="7031698" role="member"/>
  <member type="relation" ref="7016510" role="member"/>
  <member type="relation" ref="7016300" role="member"/>
  <member type="relation" ref="7017020" role="member"/>
  <member type="relation" ref="7014438" role="member"/>
  <member type="relation" ref="6942988" role="member"/>
  <member type="relation" ref="7031576" role="member"/>
  <member type="relation" ref="7033529" role="member"/>
  <member type="relation" ref="7031602" role="member"/>
  <member type="relation" ref="7033530" role="member"/>
  <member type="relation" ref="7032033" role="member"/>
  <member type="relation" ref="7031883" role="member"/>
  <member type="relation" ref="7033033" role="member"/>
  <member type="relation" ref="7033219" role="member"/>
  <member type="relation" ref="7033420" role="member"/>
  <member type="relation" ref="7033334" role="member"/>
  <member type="relation" ref="7033300" role="member"/>
  <member type="relation" ref="7033665" role="member"/>
  <member type="relation" ref="7036466" role="member"/>
  <member type="relation" ref="7036443" role="member"/>
  <member type="relation" ref="7036501" role="member"/>
  <member type="relation" ref="7033755" role="member"/>
  <member type="relation" ref="7034070" role="member"/>
  <member type="relation" ref="7035243" role="member"/>
  <member type="relation" ref="7035199" role="member"/>
  <member type="relation" ref="7036577" role="member"/>
  <member type="relation" ref="7036318" role="member"/>
  <member type="relation" ref="7036057" role="member"/>
  <member type="relation" ref="7035939" role="member"/>
  <member type="relation" ref="7051224" role="member"/>
  <member type="relation" ref="7051220" role="member"/>
  <member type="relation" ref="7051225" role="member"/>
  <member type="relation" ref="7051221" role="member"/>
  <member type="relation" ref="7051227" role="member"/>
  <member type="relation" ref="7051222" role="member"/>
  <member type="relation" ref="7051226" role="member"/>
  <member type="relation" ref="18356281" role="member"/>
  <member type="relation" ref="18356280" role="member"/>
  <member type="relation" ref="7104282" role="member"/>
  <member type="relation" ref="7103106" role="member"/>
  <member type="relation" ref="7100875" role="member"/>
  <member type="relation" ref="7100559" role="member"/>
  <member type="relation" ref="7102525" role="member"/>
  <member type="relation" ref="7103193" role="member"/>
  <tag k="name" v="Old district-level divisions of retained Vietnamese provinces"/>
  <tag k="type" v="collection"/>
 </relation>
 <relation id="19684142" visible="true" version="14" changeset="174406359" timestamp="2025-11-09T08:34:24Z" user="Hung Tran 9x0" uid="20910140">
  <member type="way" ref="703978561" role=""/>
  <member type="way" ref="486370016" role=""/>
  <member type="way" ref="615692217" role=""/>
  <member type="way" ref="1411141086" role=""/>
  <member type="way" ref="702806755" role=""/>
  <member type="way" ref="1412959575" role=""/>
  <member type="way" ref="703954555" role=""/>
  <member type="way" ref="1411073278" role=""/>
  <member type="way" ref="1411073277" role=""/>
  <member type="way" ref="330357143" role=""/>
  <member type="way" ref="702806754" role=""/>
  <member type="way" ref="1445478409" role=""/>
  <member type="way" ref="447623860" role=""/>
  <member type="way" ref="702570330" role=""/>
  <member type="way" ref="1410881751" role=""/>
  <member type="way" ref="1448539083" role=""/>
  <member type="way" ref="1410881753" role=""/>
  <member type="way" ref="1412957555" role=""/>
  <member type="way" ref="1448541698" role=""/>
  <member type="way" ref="1411067289" role=""/>
  <member type="way" ref="1411067290" role=""/>
  <member type="way" ref="1411068936" role=""/>
  <member type="way" ref="1445492548" role=""/>
  <member type="way" ref="1411068938" role=""/>
  <member type="way" ref="1448545169" role=""/>
  <member type="way" ref="1448545167" role=""/>
  <member type="way" ref="1411068937" role=""/>
  <member type="way" ref="944122209" role=""/>
  <member type="way" ref="1448545168" role=""/>
  <member type="way" ref="1411069962" role=""/>
  <member type="way" ref="1411069963" role=""/>
  <member type="way" ref="962177677" role=""/>
  <member type="way" ref="1408280916" role=""/>
  <member type="way" ref="1412958871" role=""/>
  <member type="way" ref="1412958336" role=""/>
  <member type="way" ref="1284795889" role=""/>
  <member type="way" ref="1448545170" role=""/>
  <member type="way" ref="703965597" role=""/>
  <member type="way" ref="703976181" role=""/>
  <member type="way" ref="1411141087" role=""/>
  <member type="way" ref="1445492553" role=""/>
  <member type="way" ref="1448367788" role=""/>
  <member type="way" ref="1445492552" role=""/>
  <member type="way" ref="1448367790" role=""/>
  <member type="way" ref="1411070643" role=""/>
  <member type="way" ref="1411070644" role=""/>
  <member type="way" ref="1411071314" role=""/>
  <member type="way" ref="1408280915" role=""/>
  <member type="way" ref="702806760" role=""/>
  <member type="way" ref="1411071315" role=""/>
  <member type="way" ref="1411072210" role=""/>
  <member type="way" ref="1239581814" role=""/>
  <member type="way" ref="1411073276" role=""/>
  <member type="way" ref="704675412" role=""/>
  <member type="way" ref="1445478400" role=""/>
  <member type="way" ref="1426152844" role=""/>
  <member type="way" ref="1445492557" role=""/>
  <member type="way" ref="964879571" role=""/>
  <member type="way" ref="702815316" role=""/>
  <member type="way" ref="1411069961" role=""/>
  <member type="way" ref="1411072209" role=""/>
  <member type="way" ref="702806759" role=""/>
  <member type="way" ref="980632900" role=""/>
  <member type="way" ref="1448367792" role=""/>
  <member type="way" ref="1448367794" role=""/>
  <member type="way" ref="1445478405" role=""/>
  <member type="way" ref="1445492547" role=""/>
  <member type="way" ref="702815319" role=""/>
  <member type="way" ref="702571351" role=""/>
  <member type="way" ref="1411067288" role=""/>
  <member type="way" ref="1448541699" role=""/>
  <member type="way" ref="1445478411" role=""/>
  <member type="way" ref="1058951229" role=""/>
  <member type="way" ref="1448552963" role=""/>
  <member type="way" ref="1448555133" role=""/>
  <member type="way" ref="1445478406" role=""/>
  <member type="way" ref="1448367796" role=""/>
  <member type="way" ref="1445478410" role=""/>
  <member type="way" ref="1445478414" role=""/>
  <member type="way" ref="1448539081" role=""/>
  <member type="way" ref="1448539084" role=""/>
  <member type="way" ref="1448367798" role=""/>
  <member type="way" ref="1445492545" role=""/>
  <member type="way" ref="1445492556" role=""/>
  <tag k="name" v="Đường Võ Chí Công"/>
  <tag k="name:en" v="Vo Chi Cong Road"/>
  <tag k="route" v="road"/>
  <tag k="type" v="route"/>
  <tag k="wikidata" v="Q61129504"/>
  <tag k="wikipedia" v="vi:Đường Võ Chí Công, Hà Nội"/>
 </relation>
</osm>
